study,model,scenario,rep,n,censor_target,censor_actual,true_g,true_q,converged,initialization,iter,logLik,AIC,BIC,EDC,entropy,cpu_time,ARI,misclass,CCR,error_message,beta_RMSE,beta_abs_bias,Sigma_RMSE,nu_RMSE,eta_RMSE,nu_abs_bias,eta_abs_bias
Study1_recovery,MFAC,moderate_g2_q1,1,300,0,0,2,1,TRUE,1,196,-1112.29102,2322.582041,2504.067382,2394.32302,0.022998203,492.27,0.960267468,0.01,0.99,NA,0.261576792,0.186856607,1.182561208,NA,NA,NA,NA
Study1_recovery,MCNFAC,moderate_g2_q1,1,300,0,0,2,1,TRUE,1,193,-1011.137235,2128.274469,2324.57494,2205.871855,0.021773106,319.17,0.973422486,0.006666667,0.993333333,NA,0.189314352,0.135049755,0.160050797,0.046876065,1.02146164,0.044761763,0.881806957
Study1_recovery,MFAC,moderate_g2_q1,2,300,0,0,2,1,TRUE,1,197,-1049.983979,2197.967958,2379.453299,2269.708937,0.033552296,496.89,0.921336253,0.02,0.98,NA,0.170622386,0.090983318,0.686819608,NA,NA,NA,NA
Study1_recovery,MCNFAC,moderate_g2_q1,2,300,0,0,2,1,TRUE,1,249,-974.9816418,2055.963284,2252.263755,2133.560669,0.030291958,417.69,0.89583028,0.026666667,0.973333333,NA,0.149833454,0.089702025,0.167709909,0.036599865,1.073036758,0.032143031,1.071483508
Study1_recovery,MFAC,moderate_g2_q1,3,300,0,0,2,1,TRUE,1,165,-1104.297602,2306.595205,2488.080546,2378.336184,0.032632131,453.17,0.908539392,0.023333333,0.976666667,NA,0.229738933,0.172239477,0.631414284,NA,NA,NA,NA
Study1_recovery,MCNFAC,moderate_g2_q1,3,300,0,0,2,1,TRUE,1,202,-1007.994294,2121.988587,2318.289058,2199.585973,0.029713156,325.58,0.934225062,0.016666667,0.983333333,NA,0.204574845,0.146010693,0.103793723,0.033607208,0.437510634,0.033547237,0.390823462
Study1_recovery,MFAC,moderate_g2_q1,4,300,0,0,2,1,TRUE,1,181,-1040.44518,2178.89036,2360.375701,2250.631339,0.039086963,475.13,0.934225045,0.016666667,0.983333333,NA,0.140883152,0.104896697,0.439944371,NA,NA,NA,NA
Study1_recovery,MCNFAC,moderate_g2_q1,4,300,0,0,2,1,TRUE,1,258,-962.0956575,2030.191315,2226.491786,2107.788701,0.030769868,426.04,0.93422543,0.016666667,0.983333333,NA,0.134297592,0.089778844,0.104438006,0.034572526,1.459472468,0.03457202,1.146273051
Study1_recovery,MFAC,moderate_g2_q1,5,300,0,0,2,1,TRUE,1,177,-1105.95935,2309.9187,2491.404042,2381.65968,0.024953837,470.39,0.908512343,0.023333333,0.976666667,NA,0.218103223,0.138272948,1.189009391,NA,NA,NA,NA
Study1_recovery,MCNFAC,moderate_g2_q1,5,300,0,0,2,1,TRUE,1,237,-1010.700267,2127.400533,2323.701004,2204.997919,0.025001737,391.44,0.947190791,0.013333333,0.986666667,NA,0.091490742,0.071046362,0.031743562,0.026516323,0.72914052,0.026486778,0.611177189
Study1_recovery,MFAC,moderate_g2_q1,6,300,0,0,2,1,TRUE,1,331,-1056.154998,2210.309995,2391.795336,2282.050974,0.01903366,692.75,0.947198413,0.013333333,0.986666667,NA,0.151767178,0.121858289,1.355234819,NA,NA,NA,NA
Study1_recovery,MCNFAC,moderate_g2_q1,6,300,0,0,2,1,TRUE,1,458,-957.9300476,2021.860095,2218.160566,2099.457481,0.023331855,784.3,0.934221808,0.016666667,0.983333333,NA,0.110350745,0.083902702,0.275420511,0.040796548,0.941160222,0.031045863,0.793772294
Study1_recovery,MFAC,moderate_g2_q1,7,300,0,0,2,1,TRUE,1,161,-1092.494177,2282.988354,2464.473696,2354.729333,0.032665269,448.75,0.921336713,0.02,0.98,NA,0.168392838,0.125139867,0.658930796,NA,NA,NA,NA
Study1_recovery,MCNFAC,moderate_g2_q1,7,300,0,0,2,1,TRUE,1,232,-997.4960256,2100.992051,2297.292522,2178.589437,0.028323329,374.95,0.934223841,0.016666667,0.983333333,NA,0.125562854,0.099393654,0.095627304,0.044566184,0.161018982,0.042252307,0.119980097
Study1_recovery,MFAC,moderate_g2_q1,8,300,0,0,2,1,TRUE,1,123,-1121.785656,2341.571312,2523.056654,2413.312292,0.023769746,346.33,0.947201344,0.013333333,0.986666667,NA,0.160495009,0.113242359,0.694989952,NA,NA,NA,NA
Study1_recovery,MCNFAC,moderate_g2_q1,8,300,0,0,2,1,TRUE,1,261,-1014.36792,2134.735839,2331.03631,2212.333225,0.019631859,413.56,0.947201254,0.013333333,0.986666667,NA,0.154667041,0.110196493,0.135058768,0.103561375,2.052709269,0.080051374,2.049338651
Study1_recovery,MFAC,moderate_g2_q1,9,300,0,0,2,1,TRUE,1,158,-1069.738407,2237.476813,2418.962154,2309.217792,0.043934093,442.72,0.883211086,0.03,0.97,NA,0.267845698,0.18697786,0.737119375,NA,NA,NA,NA
Study1_recovery,MCNFAC,moderate_g2_q1,9,300,0,0,2,1,TRUE,1,273,-968.7892208,2043.578442,2239.878913,2121.175827,0.037387179,439.38,0.89583036,0.026666667,0.973333333,NA,0.211781034,0.153694135,0.093880235,0.052690498,1.850249404,0.049769424,1.850242172
Study1_recovery,MFAC,moderate_g2_q1,10,300,0,0,2,1,TRUE,1,163,-1127.951456,2353.902912,2535.388253,2425.643891,0.018792893,271.7,0.986666185,0.003333333,0.996666667,NA,0.132271319,0.10027313,1.00484565,NA,NA,NA,NA
Study1_recovery,MCNFAC,moderate_g2_q1,10,300,0,0,2,1,TRUE,1,306,-1020.078928,2146.157856,2342.458327,2223.755241,0.016579197,465.32,0.986666185,0.003333333,0.996666667,NA,0.123502559,0.09406324,0.10767205,0.059503329,0.633625184,0.056328306,0.595112118
Study1_recovery,MFAC,moderate_g2_q1,11,300,0,0,2,1,TRUE,1,159,-986.525963,2071.051926,2252.537267,2142.792905,0.017484375,262.11,0.973420823,0.006666667,0.993333333,NA,0.14375906,0.105668502,0.562586624,NA,NA,NA,NA
Study1_recovery,MCNFAC,moderate_g2_q1,11,300,0,0,2,1,TRUE,1,308,-908.5321854,1923.064371,2119.364842,2000.661756,0.019804746,467.1,0.973420823,0.006666667,0.993333333,NA,0.092710698,0.070161724,0.14313552,0.064207313,1.281987445,0.064038415,1.033953377
Study1_recovery,MFAC,moderate_g2_q1,12,300,0,0,2,1,TRUE,1,199,-1086.571401,2271.142803,2452.628144,2342.883782,0.040171331,331.44,0.92128219,0.02,0.98,NA,0.155401696,0.114728857,0.847325053,NA,NA,NA,NA
Study1_recovery,MCNFAC,moderate_g2_q1,12,300,0,0,2,1,TRUE,1,306,-954.3243981,2014.648796,2210.949267,2092.246182,0.041536023,476.52,0.908469726,0.023333333,0.976666667,NA,0.195297342,0.127770412,0.196683687,0.041794265,1.87159381,0.03845764,1.866855684
Study1_recovery,MFAC,moderate_g2_q1,13,300,0,0,2,1,TRUE,1,230,-1098.573084,2295.146168,2476.631509,2366.887147,0.034280392,363,0.908538782,0.023333333,0.976666667,NA,0.238065245,0.177871232,1.170069177,NA,NA,NA,NA
Study1_recovery,MCNFAC,moderate_g2_q1,13,300,0,0,2,1,TRUE,1,306,-1011.602478,2129.204956,2325.505427,2206.802341,0.031075221,472.67,0.947201209,0.013333333,0.986666667,NA,0.140216131,0.104068026,0.305214486,0.039871694,0.553929363,0.03767388,0.551482348
Study1_recovery,MFAC,moderate_g2_q1,14,300,0,0,2,1,TRUE,1,165,-1079.583594,2257.167188,2438.652529,2328.908167,0.032248576,252.84,0.934218818,0.016666667,0.983333333,NA,0.221352264,0.140604189,0.889941733,NA,NA,NA,NA
Study1_recovery,MCNFAC,moderate_g2_q1,14,300,0,0,2,1,TRUE,1,289,-988.5344782,2083.068956,2279.369428,2160.666342,0.027637033,452.96,0.947197279,0.013333333,0.986666667,NA,0.179155177,0.126534043,0.09688788,0.016300611,0.648995852,0.01223034,0.623135649
Study1_recovery,MFAC,moderate_g2_q1,15,300,0,0,2,1,TRUE,1,306,-1056.869465,2211.738929,2393.224271,2283.479908,0.011912485,436.79,0.960265413,0.01,0.99,NA,0.217518623,0.159939097,0.846761021,NA,NA,NA,NA
Study1_recovery,MCNFAC,moderate_g2_q1,15,300,0,0,2,1,TRUE,1,371,-956.7868322,2019.573664,2215.874136,2097.17105,0.013470848,557.76,0.960265413,0.01,0.99,NA,0.137301989,0.112084208,0.035491153,0.025613649,2.491839961,0.022255224,2.441705118
Study1_recovery,MFAC,moderate_g2_q1,16,300,0,0,2,1,TRUE,1,176,-1049.869025,2197.73805,2379.223391,2269.479029,0.02926104,246.31,0.908539108,0.023333333,0.976666667,NA,0.171843934,0.113519649,0.603964947,NA,NA,NA,NA
Study1_recovery,MCNFAC,moderate_g2_q1,16,300,0,0,2,1,TRUE,1,219,-953.1944556,2012.388911,2208.689382,2089.986297,0.028864107,344.78,0.908538724,0.023333333,0.976666667,NA,0.108234763,0.075845361,0.081555495,0.028657769,0.230847208,0.024736349,0.229601366
Study1_recovery,MFAC,moderate_g2_q1,17,300,0,0,2,1,TRUE,1,153,-1040.992633,2179.985266,2361.470607,2251.726245,0.023051891,208.88,0.934115595,0.016666667,0.983333333,NA,0.122094888,0.091115907,0.782375194,NA,NA,NA,NA
Study1_recovery,MCNFAC,moderate_g2_q1,17,300,0,0,2,1,TRUE,1,317,-941.8598206,1989.719641,2186.020112,2067.317027,0.025861518,488.92,0.973386499,0.006666667,0.993333333,NA,0.165356174,0.107321189,0.069072164,0.044935283,2.017174832,0.038711044,1.936498534
Study1_recovery,MFAC,moderate_g2_q1,18,300,0,0,2,1,TRUE,1,173,-1045.860061,2189.720121,2371.205463,2261.4611,0.026661161,243.51,0.947201466,0.013333333,0.986666667,NA,0.123387731,0.101407542,0.692799199,NA,NA,NA,NA
Study1_recovery,MCNFAC,moderate_g2_q1,18,300,0,0,2,1,TRUE,1,243,-937.5769913,1981.153983,2177.454454,2058.751368,0.022560503,162.69,0.947201603,0.013333333,0.986666667,NA,0.093445804,0.062421278,0.17988593,0.017010449,0.965672116,0.017006204,0.820829342
Study1_recovery,MFAC,moderate_g2_q1,19,300,0,0,2,1,TRUE,1,228,-1005.878066,2109.756131,2291.241472,2181.49711,0.027369632,333.17,0.89580279,0.026666667,0.973333333,NA,0.18402236,0.142373147,0.944164126,NA,NA,NA,NA
Study1_recovery,MCNFAC,moderate_g2_q1,19,300,0,0,2,1,TRUE,1,226,-928.4381586,1962.876317,2159.176788,2040.473703,0.026259506,492.83,0.960255728,0.01,0.99,NA,0.155418941,0.113594755,0.062335658,0.018028662,0.612006431,0.01362877,0.487427768
Study1_recovery,MFAC,moderate_g2_q1,20,300,0,0,2,1,TRUE,1,157,-1071.925016,2241.850032,2423.335373,2313.591011,0.026924811,232.3,0.921325132,0.02,0.98,NA,0.100514295,0.082717616,0.713423506,NA,NA,NA,NA
Study1_recovery,MCNFAC,moderate_g2_q1,20,300,0,0,2,1,TRUE,1,244,-987.2726379,2080.545276,2276.845747,2158.142661,0.028509923,478.38,0.908526925,0.023333333,0.976666667,NA,0.098689049,0.075475506,0.025249759,0.018913901,0.7043515,0.018549111,0.600601948
Study1_recovery,MFAC,moderate_g2_q1,21,300,0,0,2,1,TRUE,1,186,-1004.533254,2107.066507,2288.551848,2178.807486,0.030655314,269.34,0.973409316,0.006666667,0.993333333,NA,0.15791654,0.091538675,0.439601044,NA,NA,NA,NA
Study1_recovery,MCNFAC,moderate_g2_q1,21,300,0,0,2,1,TRUE,1,231,-945.7836058,1997.567212,2193.867683,2075.164597,0.028685363,485.51,0.973411622,0.006666667,0.993333333,NA,0.131839881,0.090524722,0.124452388,0.016684959,1.461636835,0.01639381,1.36729368
Study1_recovery,MFAC,moderate_g2_q1,22,300,0,0,2,1,TRUE,1,179,-993.0097454,2084.019491,2265.504832,2155.76047,0.015170993,257.99,0.960266124,0.01,0.99,NA,0.132350301,0.098453651,0.662817245,NA,NA,NA,NA
Study1_recovery,MCNFAC,moderate_g2_q1,22,300,0,0,2,1,TRUE,1,228,-932.911721,1971.823442,2168.123913,2049.420828,0.019232953,469.19,0.960266124,0.01,0.99,NA,0.116879597,0.082500158,0.131044787,0.041882793,1.59174014,0.041882759,1.465413366
Study1_recovery,MFAC,moderate_g2_q1,23,300,0,0,2,1,TRUE,1,138,-1055.471066,2208.942132,2390.427473,2280.683111,0.035330638,203.12,0.947184332,0.013333333,0.986666667,NA,0.157983052,0.118136314,0.635342104,NA,NA,NA,NA
Study1_recovery,MCNFAC,moderate_g2_q1,23,300,0,0,2,1,TRUE,1,226,-966.303796,2038.607592,2234.908063,2116.204978,0.031430426,437.13,0.921311792,0.02,0.98,NA,0.116250768,0.087493546,0.133295438,0.002702991,0.508947166,0.002603918,0.488648027
Study1_recovery,MFAC,moderate_g2_q1,24,300,0,0,2,1,TRUE,1,166,-1082.33568,2262.67136,2444.156701,2334.412339,0.022188072,243.92,0.96026666,0.01,0.99,NA,0.17895933,0.118379735,0.569570073,NA,NA,NA,NA
Study1_recovery,MCNFAC,moderate_g2_q1,24,300,0,0,2,1,TRUE,1,325,-1005.832731,2117.665462,2313.965933,2195.262848,0.024759765,662.36,0.947200856,0.013333333,0.986666667,NA,0.149045332,0.097458144,0.037158639,0.071551389,1.057903774,0.05842217,0.789104767
Study1_recovery,MFAC,moderate_g2_q1,25,300,0,0,2,1,TRUE,1,144,-1037.889782,2173.779563,2355.264904,2245.520542,0.021161358,210.92,0.960255897,0.01,0.99,NA,0.105693441,0.08575487,0.213801584,NA,NA,NA,NA
Study1_recovery,MCNFAC,moderate_g2_q1,25,300,0,0,2,1,TRUE,1,171,-961.9334452,2029.86689,2226.167362,2107.464276,0.019299374,315.61,0.973415493,0.006666667,0.993333333,NA,0.094804306,0.07250624,0.0913685,0.037351511,1.019291966,0.035261232,0.982666611
Study1_recovery,MFAC,moderate_g2_q1,26,300,0,0,2,1,TRUE,1,117,-1061.72307,2221.446139,2402.931481,2293.187118,0.021953431,168.16,0.947195357,0.013333333,0.986666667,NA,0.191315663,0.118859806,0.920829736,NA,NA,NA,NA
Study1_recovery,MCNFAC,moderate_g2_q1,26,300,0,0,2,1,TRUE,1,259,-959.8472512,2025.694502,2221.994974,2103.291888,0.020403453,508.39,0.947195357,0.013333333,0.986666667,NA,0.195592159,0.14538622,0.087345943,0.014370213,0.462433213,0.013339278,0.330801932
Study1_recovery,MFAC,moderate_g2_q1,27,300,0,0,2,1,TRUE,1,145,-1149.856381,2397.712762,2579.198103,2469.453741,0.020875734,213.95,0.947201437,0.013333333,0.986666667,NA,0.198317421,0.153790415,1.291785103,NA,NA,NA,NA
Study1_recovery,MCNFAC,moderate_g2_q1,27,300,0,0,2,1,TRUE,1,297,-1036.188672,2178.377343,2374.677815,2255.974729,0.023015222,588.66,0.973422289,0.006666667,0.993333333,NA,0.186466775,0.130411588,0.047579225,0.037187861,0.974184217,0.035340069,0.832674711
Study1_recovery,MFAC,moderate_g2_q1,28,300,0,0,2,1,TRUE,1,147,-1094.483728,2286.967457,2468.452798,2358.708436,0.040050625,289.02,0.921298714,0.02,0.98,NA,0.182643109,0.136957853,0.682887431,NA,NA,NA,NA
Study1_recovery,MCNFAC,moderate_g2_q1,28,300,0,0,2,1,TRUE,1,377,-1011.594031,2129.188062,2325.488533,2206.785447,0.034307425,589.02,0.960252882,0.01,0.99,NA,0.203775715,0.124588254,0.10068103,0.009353212,1.129337853,0.006695134,1.086754681
Study1_recovery,MFAC,moderate_g2_q1,29,300,0,0,2,1,TRUE,1,151,-1097.661207,2293.322414,2474.807756,2365.063394,0.02538224,294.22,0.934115036,0.016666667,0.983333333,NA,0.114657127,0.084004405,0.550190946,NA,NA,NA,NA
Study1_recovery,MCNFAC,moderate_g2_q1,29,300,0,0,2,1,TRUE,1,209,-1011.349801,2128.699602,2325.000073,2206.296988,0.031090159,316.05,0.947107059,0.013333333,0.986666667,NA,0.149904961,0.101677966,0.159319553,0.041632032,0.517382434,0.039853902,0.366182667
Study1_recovery,MFAC,moderate_g2_q1,30,300,0,0,2,1,TRUE,1,156,-1047.676796,2193.353592,2374.838934,2265.094572,0.015844754,299.11,0.986666636,0.003333333,0.996666667,NA,0.128530541,0.093593764,0.727720445,NA,NA,NA,NA
Study1_recovery,MCNFAC,moderate_g2_q1,30,300,0,0,2,1,TRUE,1,386,-939.2776507,1984.555301,2180.855773,2062.152687,0.020082171,585.25,0.986666636,0.003333333,0.996666667,NA,0.127253849,0.097511564,0.167201924,0.026649938,1.672967019,0.024566755,1.249661805
Study1_recovery,MFAC,moderate_g2_q1,31,300,0,0,2,1,TRUE,1,155,-1074.930974,2247.861948,2429.347289,2319.602927,0.037526343,266.34,0.960267468,0.01,0.99,NA,0.21023711,0.161442748,0.845853311,NA,NA,NA,NA
Study1_recovery,MCNFAC,moderate_g2_q1,31,300,0,0,2,1,TRUE,1,263,-988.7191614,2083.438323,2279.738794,2161.035708,0.034456165,402.75,0.960267468,0.01,0.99,NA,0.115777331,0.097087736,0.053250264,0.053271057,1.192334594,0.03887016,1.005193614
Study1_recovery,MFAC,moderate_g2_q1,32,300,0,0,2,1,TRUE,1,212,-1112.736284,2323.472567,2504.957908,2395.213546,0.037648663,351.05,0.921332668,0.02,0.98,NA,0.140988827,0.088927766,0.850421259,NA,NA,NA,NA
Study1_recovery,MCNFAC,moderate_g2_q1,32,300,0,0,2,1,TRUE,1,249,-1008.390026,2122.780051,2319.080522,2200.377437,0.033660108,373.48,0.947198344,0.013333333,0.986666667,NA,0.060634784,0.049523618,0.069480355,0.06944777,0.313973012,0.06901765,0.236288952
Study1_recovery,MFAC,moderate_g2_q1,33,300,0,0,2,1,TRUE,1,281,-1123.503835,2345.00767,2526.493011,2416.748649,0.027200323,442.7,0.89582956,0.026666667,0.973333333,NA,0.191976359,0.143244937,1.007202279,NA,NA,NA,NA
Study1_recovery,MCNFAC,moderate_g2_q1,33,300,0,0,2,1,FALSE,NA,NA,NA,NA,NA,NA,NA,NA,NA,NA,NA,NA,NA,NA,NA,NA,NA,NA,NA
Study1_recovery,MFAC,moderate_g2_q1,34,300,0,0,2,1,TRUE,1,180,-1036.793456,2171.586912,2353.072254,2243.327891,0.024213721,270.94,0.921324996,0.02,0.98,NA,0.211597223,0.128756559,0.884927,NA,NA,NA,NA
Study1_recovery,MCNFAC,moderate_g2_q1,34,300,0,0,2,1,TRUE,1,265,-942.7958502,1991.5917,2187.892172,2069.189086,0.019475708,407.72,0.908526623,0.023333333,0.976666667,NA,0.151215152,0.103773336,0.183976355,0.015245463,0.376448395,0.012647069,0.310355977
Study1_recovery,MFAC,moderate_g2_q1,35,300,0,0,2,1,TRUE,1,183,-1059.394094,2216.788189,2398.27353,2288.529168,0.026818805,277.61,0.934173745,0.016666667,0.983333333,NA,0.20836701,0.136168286,0.856764958,NA,NA,NA,NA
Study1_recovery,MCNFAC,moderate_g2_q1,35,300,0,0,2,1,TRUE,1,213,-969.456208,2044.912416,2241.212887,2122.509802,0.022453492,321.29,0.934173745,0.016666667,0.983333333,NA,0.182924721,0.136161825,0.122902583,0.023268169,1.063866478,0.017930833,1.002013667
Study1_recovery,MFAC,moderate_g2_q1,36,300,0,0,2,1,TRUE,1,160,-1110.041734,2318.083467,2499.568809,2389.824447,0.027648824,231.16,0.960267564,0.01,0.99,NA,0.100439138,0.083151824,1.001178069,NA,NA,NA,NA
Study1_recovery,MCNFAC,moderate_g2_q1,36,300,0,0,2,1,TRUE,1,220,-1007.899962,2121.799924,2318.100395,2199.39731,0.020197797,346.23,0.960267564,0.01,0.99,NA,0.125690029,0.092555556,0.217677542,0.02099653,1.333255069,0.015182611,1.023776685
Study1_recovery,MFAC,moderate_g2_q1,37,300,0,0,2,1,TRUE,1,143,-1091.139604,2280.279207,2461.764549,2352.020187,0.028379534,205.08,0.960249579,0.01,0.99,NA,0.193632252,0.130028696,0.908771316,NA,NA,NA,NA
Study1_recovery,MCNFAC,moderate_g2_q1,37,300,0,0,2,1,TRUE,1,281,-1002.871699,2111.743398,2308.043869,2189.340784,0.020864956,430.62,0.960249579,0.01,0.99,NA,0.116449855,0.094476257,0.032253864,0.017483729,0.388090683,0.017447415,0.373574192
Study1_recovery,MFAC,moderate_g2_q1,38,300,0,0,2,1,TRUE,1,270,-1108.708837,2315.417673,2496.903014,2387.158652,0.027948896,391.46,0.960142779,0.01,0.99,NA,0.146755135,0.103014408,0.856221287,NA,NA,NA,NA
Study1_recovery,MCNFAC,moderate_g2_q1,38,300,0,0,2,1,TRUE,1,488,-1035.991371,2177.982741,2374.283212,2255.580127,0.021038464,1015.09,1,0,1,NA,0.100583428,0.078301331,0.040690604,0.066877894,0.920565361,0.061744306,0.80820544
Study1_recovery,MFAC,moderate_g2_q1,39,300,0,0,2,1,TRUE,1,166,-1031.625136,2161.250271,2342.735613,2232.991251,0.024168477,238.75,0.98663754,0.003333333,0.996666667,NA,0.15427184,0.094229441,0.785215249,NA,NA,NA,NA
Study1_recovery,MCNFAC,moderate_g2_q1,39,300,0,0,2,1,TRUE,1,168,-966.2759467,2038.551893,2234.852365,2116.149279,0.022204917,258.25,0.973368068,0.006666667,0.993333333,NA,0.141743196,0.094794201,0.193902678,0.053308495,0.641407051,0.04755996,0.612275938
Study1_recovery,MFAC,moderate_g2_q1,40,300,0,0,2,1,TRUE,1,311,-1053.091357,2204.182715,2385.668056,2275.923694,0.029355084,447.25,0.947201813,0.013333333,0.986666667,NA,0.158723732,0.096811811,0.809552138,NA,NA,NA,NA
Study1_recovery,MCNFAC,moderate_g2_q1,40,300,0,0,2,1,TRUE,1,277,-972.1373604,2050.274721,2246.575192,2127.872106,0.029173223,573.98,0.960267536,0.01,0.99,NA,0.085272811,0.064542646,0.039562841,0.027648854,0.783026162,0.021892215,0.778158125
Study1_recovery,MFAC,moderate_g2_q1,41,300,0,0,2,1,TRUE,1,160,-985.9793781,2069.958756,2251.444097,2141.699735,0.033257171,229.43,0.934209633,0.016666667,0.983333333,NA,0.157556059,0.116727103,0.376336565,NA,NA,NA,NA
Study1_recovery,MCNFAC,moderate_g2_q1,41,300,0,0,2,1,TRUE,1,481,-900.3254484,1906.650897,2102.951368,1984.248282,0.028090895,852.53,0.947190692,0.013333333,0.986666667,NA,0.158451336,0.12824611,0.100987987,0.008494492,0.175206209,0.007399103,0.146341961
Study1_recovery,MFAC,moderate_g2_q1,42,300,0,0,2,1,TRUE,1,195,-1053.460417,2204.920834,2386.406175,2276.661813,0.027445985,279.67,0.947195607,0.013333333,0.986666667,NA,0.08515751,0.056238763,0.708625962,NA,NA,NA,NA
Study1_recovery,MCNFAC,moderate_g2_q1,42,300,0,0,2,1,TRUE,1,274,-946.4224327,1998.844865,2195.145337,2076.442251,0.027599527,483.74,0.960264498,0.01,0.99,NA,0.065388302,0.050548802,0.077396851,0.003932898,1.914352658,0.003932412,1.797675815
Study1_recovery,MFAC,moderate_g2_q1,43,300,0,0,2,1,FALSE,NA,NA,NA,NA,NA,NA,NA,NA,NA,NA,NA,NA,NA,NA,NA,NA,NA,NA,NA
Study1_recovery,MCNFAC,moderate_g2_q1,43,300,0,0,2,1,FALSE,NA,NA,NA,NA,NA,NA,NA,NA,NA,NA,NA,NA,NA,NA,NA,NA,NA,NA,NA
Study1_recovery,MFAC,moderate_g2_q1,44,300,0,0,2,1,TRUE,1,159,-1075.664545,2249.32909,2430.814432,2321.07007,0.030291444,227.66,0.921290446,0.02,0.98,NA,0.307650494,0.250915136,1.013060431,NA,NA,NA,NA
Study1_recovery,MCNFAC,moderate_g2_q1,44,300,0,0,2,1,TRUE,1,265,-1012.103454,2130.206909,2326.50738,2207.804294,0.028706702,405.57,0.947175554,0.013333333,0.986666667,NA,0.280540233,0.206032219,0.173890611,0.053779119,1.540729429,0.048621536,1.525297966
Study1_recovery,MFAC,moderate_g2_q1,45,300,0,0,2,1,TRUE,1,414,-1023.49041,2144.98082,2326.466161,2216.721799,0.030714415,592.53,0.895821059,0.026666667,0.973333333,NA,0.172401961,0.1016218,0.782174639,NA,NA,NA,NA
Study1_recovery,MCNFAC,moderate_g2_q1,45,300,0,0,2,1,TRUE,1,213,-933.9832302,1973.96646,2170.266932,2051.563846,0.033328179,421,0.883201706,0.03,0.97,NA,0.123801789,0.07765139,0.086408091,0.038062974,0.89059569,0.034975082,0.685583307
Study1_recovery,MFAC,moderate_g2_q1,46,300,0,0,2,1,TRUE,1,159,-1127.77023,2353.54046,2535.025801,2425.281439,0.031464116,315.6,0.934224106,0.016666667,0.983333333,NA,0.236698593,0.157706567,0.745501461,NA,NA,NA,NA
Study1_recovery,MCNFAC,moderate_g2_q1,46,300,0,0,2,1,TRUE,1,302,-1002.615486,2111.230972,2307.531443,2188.828358,0.02459827,574.97,0.934224106,0.016666667,0.983333333,NA,0.236603994,0.157325645,0.066448099,0.024926272,2.430855195,0.019420752,1.75265398
Study1_recovery,MFAC,moderate_g2_q1,47,300,0,0,2,1,TRUE,1,136,-1127.526601,2353.053201,2534.538542,2424.79418,0.022936892,247.08,0.96026666,0.01,0.99,NA,0.080737749,0.058025843,1.062538588,NA,NA,NA,NA
Study1_recovery,MCNFAC,moderate_g2_q1,47,300,0,0,2,1,TRUE,1,210,-1023.095775,2152.19155,2348.492021,2229.788935,0.027573423,395.28,0.960267046,0.01,0.99,NA,0.094449432,0.064923806,0.134405407,0.004448711,1.365034959,0.00440408,1.260768082
Study1_recovery,MFAC,moderate_g2_q1,48,300,0,0,2,1,TRUE,1,164,-997.8614618,2093.722924,2275.208265,2165.463903,0.034255698,296.27,0.883208061,0.03,0.97,NA,0.213368302,0.156599441,0.411426384,NA,NA,NA,NA
Study1_recovery,MCNFAC,moderate_g2_q1,48,300,0,0,2,1,TRUE,1,287,-914.3008999,1934.6018,2130.902271,2012.199185,0.03292349,546.75,0.908536275,0.023333333,0.976666667,NA,0.233030603,0.157688464,0.101370061,0.02044603,0.670031898,0.018580578,0.669704944
Study1_recovery,MFAC,moderate_g2_q1,49,300,0,0,2,1,TRUE,1,133,-1091.728323,2281.456647,2462.941988,2353.197626,0.028219636,236.62,0.89582121,0.026666667,0.973333333,NA,0.233872421,0.163988481,0.708372403,NA,NA,NA,NA
Study1_recovery,MCNFAC,moderate_g2_q1,49,300,0,0,2,1,TRUE,1,276,-1018.542804,2143.085608,2339.386079,2220.682994,0.030230862,521.19,0.921328093,0.02,0.98,NA,0.160321641,0.108704223,0.213635496,0.151187907,1.369125317,0.138778339,1.294602517
Study1_recovery,MFAC,moderate_g2_q1,50,300,0,0,2,1,TRUE,1,97,-1089.862008,2277.724016,2459.209357,2349.464995,0.029039415,172.66,0.960260357,0.01,0.99,NA,0.136909319,0.110499483,0.825655053,NA,NA,NA,NA
Study1_recovery,MCNFAC,moderate_g2_q1,50,300,0,0,2,1,TRUE,1,289,-996.2838441,2098.567688,2294.868159,2176.165074,0.029201362,541.29,0.973418242,0.006666667,0.993333333,NA,0.143890918,0.10519055,0.073933537,0.071381093,1.58866695,0.06664364,1.578962161
Study1_recovery,MFAC,moderate_g2_q1,51,300,0,0,2,1,TRUE,1,192,-1040.199921,2178.399841,2359.885183,2250.140821,0.034166185,340.55,0.934213273,0.016666667,0.983333333,NA,0.178599019,0.128897846,0.569023924,NA,NA,NA,NA
Study1_recovery,MCNFAC,moderate_g2_q1,51,300,0,0,2,1,TRUE,1,264,-952.48425,2010.9685,2207.268971,2088.565886,0.034924486,433.16,0.934215879,0.016666667,0.983333333,NA,0.186252394,0.138951455,0.073422615,0.019682325,0.931678251,0.01767013,0.928564118
Study1_recovery,MFAC,moderate_g2_q1,52,300,0,0,2,1,TRUE,1,374,-1028.65335,2155.306701,2336.792042,2227.04768,0.024135905,664.61,0.947199484,0.013333333,0.986666667,NA,0.2104853,0.158789173,0.648433031,NA,NA,NA,NA
Study1_recovery,MCNFAC,moderate_g2_q1,52,300,0,0,2,1,TRUE,1,253,-928.411931,1962.823862,2159.124333,2040.421248,0.02291055,246.63,0.921332668,0.02,0.98,NA,0.122462995,0.09857025,0.089916807,0.034917271,1.702560144,0.028747766,1.412355043
Study1_recovery,MFAC,moderate_g2_q1,53,300,0,0,2,1,TRUE,1,182,-1041.922691,2181.845383,2363.330724,2253.586362,0.033318786,313.89,0.921299324,0.02,0.98,NA,0.079625716,0.06316794,0.775339796,NA,NA,NA,NA
Study1_recovery,MCNFAC,moderate_g2_q1,53,300,0,0,2,1,TRUE,1,318,-948.6172222,2003.234444,2199.534916,2080.83183,0.038093691,342.69,0.908512343,0.023333333,0.976666667,NA,0.125910217,0.086283692,0.083227955,0.007122892,0.66148313,0.007053779,0.498689167
Study1_recovery,MFAC,moderate_g2_q1,54,300,0,0,2,1,TRUE,1,160,-1073.744238,2245.488477,2426.973818,2317.229456,0.030711739,275.53,0.908539367,0.023333333,0.976666667,NA,0.130615326,0.089944644,0.975275998,NA,NA,NA,NA
Study1_recovery,MCNFAC,moderate_g2_q1,54,300,0,0,2,1,TRUE,1,276,-951.2780631,2008.556126,2204.856597,2086.153512,0.036059453,320.22,0.93422528,0.016666667,0.983333333,NA,0.133449645,0.100094611,0.160371745,0.033455422,1.059040392,0.02922451,0.837719012
Study1_recovery,MFAC,moderate_g2_q1,55,300,0,0,2,1,TRUE,1,167,-1053.909682,2205.819363,2387.304705,2277.560342,0.031261293,236.53,0.934225045,0.016666667,0.983333333,NA,0.152805304,0.117818302,0.857609763,NA,NA,NA,NA
Study1_recovery,MCNFAC,moderate_g2_q1,55,300,0,0,2,1,TRUE,1,210,-965.5813912,2037.162782,2233.463254,2114.760168,0.029694592,437.2,0.960267547,0.01,0.99,NA,0.110712079,0.086052635,0.221669817,0.034461999,0.236721778,0.029738057,0.180430508
Study1_recovery,MFAC,moderate_g2_q1,56,300,0,0,2,1,TRUE,1,156,-1083.849577,2265.699154,2447.184495,2337.440133,0.023447721,218.42,0.947190692,0.013333333,0.986666667,NA,0.153050291,0.117239477,0.893076471,NA,NA,NA,NA
Study1_recovery,MCNFAC,moderate_g2_q1,56,300,0,0,2,1,TRUE,1,228,-1009.336648,2124.673295,2320.973766,2202.270681,0.025264064,471.2,0.960260213,0.01,0.99,NA,0.144816008,0.106295458,0.229877331,0.028191336,0.881082639,0.024396979,0.866734668
Study1_recovery,MFAC,moderate_g2_q1,57,300,0,0,2,1,TRUE,1,206,-1049.909811,2197.819622,2379.304964,2269.560602,0.023942461,285.85,0.973415493,0.006666667,0.993333333,NA,0.111880001,0.076645017,1.051078138,NA,NA,NA,NA
Study1_recovery,MCNFAC,moderate_g2_q1,57,300,0,0,2,1,TRUE,1,290,-959.444561,2024.889122,2221.189593,2102.486508,0.023716654,510.81,0.934213035,0.016666667,0.983333333,NA,0.082217238,0.063739606,0.052330542,0.03627203,0.583339824,0.035711795,0.477222689
Study1_recovery,MFAC,moderate_g2_q1,58,300,0,0,2,1,TRUE,1,301,-1127.546763,2353.093527,2534.578868,2424.834506,0.024455436,475.7,0.947045082,0.013333333,0.986666667,NA,0.139626025,0.113826218,1.171314693,NA,NA,NA,NA
Study1_recovery,MCNFAC,moderate_g2_q1,58,300,0,0,2,1,TRUE,1,260,-1037.04898,2180.097959,2376.39843,2257.695345,0.027150568,386,0.934017889,0.016666667,0.983333333,NA,0.08691933,0.063946757,0.049780596,0.05365339,0.400496051,0.038927528,0.330421966
Study1_recovery,MFAC,moderate_g2_q1,59,300,0,0,2,1,TRUE,1,165,-1073.101556,2244.203113,2425.688454,2315.944092,0.024544266,230.95,0.947190791,0.013333333,0.986666667,NA,0.148361326,0.108392143,0.850865307,NA,NA,NA,NA
Study1_recovery,MCNFAC,moderate_g2_q1,59,300,0,0,2,1,TRUE,1,266,-960.0906863,2026.181373,2222.481844,2103.778758,0.0304889,549.33,0.934209892,0.016666667,0.983333333,NA,0.116984577,0.086848968,0.086820796,0.038373995,2.322894529,0.03837282,2.222870698
Study1_recovery,MFAC,moderate_g2_q1,60,300,0,0,2,1,TRUE,1,175,-1002.681717,2103.363435,2284.848776,2175.104414,0.017662666,244.55,0.960253066,0.01,0.99,NA,0.235360362,0.143610081,0.652449561,NA,NA,NA,NA
Study1_recovery,MCNFAC,moderate_g2_q1,60,300,0,0,2,1,TRUE,1,298,-951.3802836,2008.760567,2205.061038,2086.357953,0.016721018,573.23,0.947184332,0.013333333,0.986666667,NA,0.154745382,0.106338556,0.06741839,0.061082266,1.982835104,0.060441352,1.969880856
Study1_recovery,MFAC,moderate_g2_q1,61,300,0,0,2,1,TRUE,1,160,-1052.767623,2203.535247,2385.020588,2275.276226,0.044972241,222.88,0.870659007,0.033333333,0.966666667,NA,0.196977567,0.142047817,0.54027888,NA,NA,NA,NA
Study1_recovery,MCNFAC,moderate_g2_q1,61,300,0,0,2,1,TRUE,1,202,-967.7118357,2041.423671,2237.724142,2119.021057,0.036481519,414.14,0.883194161,0.03,0.97,NA,0.191706572,0.139988981,0.099777922,0.030252779,0.812176357,0.029621492,0.81214302
Study1_recovery,MFAC,moderate_g2_q1,62,300,0,0,2,1,TRUE,1,322,-1052.845024,2203.690048,2385.175389,2275.431027,0.031077547,527.33,0.960230889,0.01,0.99,NA,0.19719655,0.130438972,0.845400641,NA,NA,NA,NA
Study1_recovery,MCNFAC,moderate_g2_q1,62,300,0,0,2,1,TRUE,1,306,-974.4799534,2054.959907,2251.260378,2132.557292,0.031027927,458.59,0.934174152,0.016666667,0.983333333,NA,0.151424461,0.102362357,0.109475748,0.029870575,0.639088061,0.022491463,0.591704414
Study1_recovery,MFAC,moderate_g2_q1,63,300,0,0,2,1,TRUE,1,207,-1059.451426,2216.902851,2398.388192,2288.64383,0.031084107,295.86,0.973422486,0.006666667,0.993333333,NA,0.089366597,0.069657624,0.445028625,NA,NA,NA,NA
Study1_recovery,MCNFAC,moderate_g2_q1,63,300,0,0,2,1,TRUE,1,268,-968.8515322,2043.703064,2240.003536,2121.30045,0.031368867,482.89,0.960267547,0.01,0.99,NA,0.069228852,0.042499634,0.068407788,0.039588542,0.486905129,0.029505011,0.421519056
Study1_recovery,MFAC,moderate_g2_q1,64,300,0,0,2,1,TRUE,1,153,-1086.626333,2271.252666,2452.738007,2342.993645,0.02931953,215.1,0.947199421,0.013333333,0.986666667,NA,0.097445899,0.071715117,0.624162239,NA,NA,NA,NA
Study1_recovery,MCNFAC,moderate_g2_q1,64,300,0,0,2,1,TRUE,1,215,-970.4841274,2046.968255,2243.268726,2124.565641,0.022893738,334.11,0.947199421,0.013333333,0.986666667,NA,0.064222668,0.045642528,0.040371022,0.011004543,1.54297921,0.011001714,1.106782494
Study1_recovery,MFAC,moderate_g2_q1,65,300,0,0,2,1,TRUE,1,154,-1108.074591,2314.149182,2495.634523,2385.890161,0.045098389,217.52,0.858186864,0.036666667,0.963333333,NA,0.213346388,0.175631863,0.666685227,NA,NA,NA,NA
Study1_recovery,MCNFAC,moderate_g2_q1,65,300,0,0,2,1,TRUE,1,295,-1016.049034,2138.098067,2334.398539,2215.695453,0.042896156,452.98,0.858196362,0.036666667,0.963333333,NA,0.194793943,0.145018665,0.067300522,0.057495643,0.618286299,0.057437012,0.518626117
Study1_recovery,MFAC,moderate_g2_q1,66,300,0,0,2,1,TRUE,1,213,-1062.882093,2223.764186,2405.249528,2295.505165,0.021743481,298.78,0.973416936,0.006666667,0.993333333,NA,0.114315344,0.078908142,0.727145908,NA,NA,NA,NA
Study1_recovery,MCNFAC,moderate_g2_q1,66,300,0,0,2,1,TRUE,1,233,-964.0720926,2034.144185,2230.444656,2111.741571,0.019660169,351.9,0.973416936,0.006666667,0.993333333,NA,0.130747404,0.082459941,0.057488673,0.0113268,1.24873957,0.00884122,0.979093917
Study1_recovery,MFAC,moderate_g2_q1,67,300,0,0,2,1,TRUE,1,183,-1101.037691,2300.075382,2481.560723,2371.816361,0.019364833,257.71,0.908537508,0.023333333,0.976666667,NA,0.184029569,0.136872201,0.745365475,NA,NA,NA,NA
Study1_recovery,MCNFAC,moderate_g2_q1,67,300,0,0,2,1,TRUE,1,223,-1010.502606,2127.005212,2323.305683,2204.602597,0.027441475,341.27,0.908538564,0.023333333,0.976666667,NA,0.147328444,0.110904587,0.127278503,0.055860957,0.235821118,0.044070036,0.218576287
Study1_recovery,MFAC,moderate_g2_q1,68,300,0,0,2,1,TRUE,1,574,-1076.453226,2250.906452,2432.391793,2322.647431,0.019573069,817.44,0.986657897,0.003333333,0.996666667,NA,0.135809142,0.102517122,1.127538602,NA,NA,NA,NA
Study1_recovery,MCNFAC,moderate_g2_q1,68,300,0,0,2,1,TRUE,1,559,-960.2698928,2026.539786,2222.840257,2104.137171,0.019852048,322.7,0.986659357,0.003333333,0.996666667,NA,0.09931907,0.081107535,0.114363941,0.020001156,2.032431444,0.019933446,1.791249608
Study1_recovery,MFAC,moderate_g2_q1,69,300,0,0,2,1,TRUE,1,210,-1021.861424,2141.722847,2323.208188,2213.463826,0.033616327,297.36,0.947201254,0.013333333,0.986666667,NA,0.211753902,0.140384935,0.3956182,NA,NA,NA,NA
Study1_recovery,MCNFAC,moderate_g2_q1,69,300,0,0,2,1,TRUE,1,288,-926.2520571,1958.504114,2154.804585,2036.1015,0.028658979,418.21,0.947201254,0.013333333,0.986666667,NA,0.211293296,0.130162279,0.157919789,0.022889485,0.463855528,0.022293954,0.460957723
Study1_recovery,MFAC,moderate_g2_q1,70,300,0,0,2,1,TRUE,1,184,-1088.159933,2274.319866,2455.805208,2346.060845,0.019178489,262.59,0.973422497,0.006666667,0.993333333,NA,0.127345305,0.086251897,0.722771127,NA,NA,NA,NA
Study1_recovery,MCNFAC,moderate_g2_q1,70,300,0,0,2,1,TRUE,1,195,-992.3207349,2090.64147,2286.941941,2168.238855,0.021384037,292.52,0.960267515,0.01,0.99,NA,0.082383006,0.063995679,0.042569652,0.047053894,1.319511598,0.04700882,1.22857071
Study1_recovery,MFAC,moderate_g2_q1,71,300,0,0,2,1,TRUE,1,177,-1075.743784,2249.487567,2430.972909,2321.228546,0.033512307,258.04,0.934224548,0.016666667,0.983333333,NA,0.287026624,0.221911881,0.94295993,NA,NA,NA,NA
Study1_recovery,MCNFAC,moderate_g2_q1,71,300,0,0,2,1,TRUE,1,270,-982.3223879,2070.644776,2266.945247,2148.242161,0.027062767,374.43,0.921337029,0.02,0.98,NA,0.159697149,0.126916415,0.037144379,0.065209309,0.505252748,0.058591943,0.40163048
Study1_recovery,MFAC,moderate_g2_q1,72,300,0,0,2,1,TRUE,1,353,-1020.460865,2138.921729,2320.40707,2210.662708,0.029116201,497.08,0.934225261,0.016666667,0.983333333,NA,0.087580538,0.064253788,0.82690317,NA,NA,NA,NA
Study1_recovery,MCNFAC,moderate_g2_q1,72,300,0,0,2,1,TRUE,1,530,-941.9234424,1989.846885,2186.147356,2067.44427,0.029011121,329.33,0.934225204,0.016666667,0.983333333,NA,0.117602196,0.085146737,0.10102352,0.046863257,2.114371614,0.039586366,2.045347079
Study1_recovery,MFAC,moderate_g2_q1,73,300,0,0,2,1,TRUE,1,159,-1125.441247,2348.882494,2530.367836,2420.623474,0.035432141,226.71,0.870679878,0.033333333,0.966666667,NA,0.205223007,0.139688978,1.0109463,NA,NA,NA,NA
Study1_recovery,MCNFAC,moderate_g2_q1,73,300,0,0,2,1,TRUE,1,219,-991.689794,2089.379588,2285.680059,2166.976974,0.033557114,333.72,0.960267325,0.01,0.99,NA,0.115692124,0.081622575,0.032135717,0.02823488,2.81824268,0.028215967,2.64049898
Study1_recovery,MFAC,moderate_g2_q1,74,300,0,0,2,1,TRUE,1,225,-1024.583294,2147.166588,2328.65193,2218.907568,0.0418789,321.68,0.908407175,0.023333333,0.976666667,NA,0.134257518,0.098769359,0.928397564,NA,NA,NA,NA
Study1_recovery,MCNFAC,moderate_g2_q1,74,300,0,0,2,1,TRUE,1,380,-954.7043746,2015.408749,2211.70922,2093.006135,0.033509488,573.35,0.921199758,0.02,0.98,NA,0.189972758,0.12588994,0.104607724,0.132419641,1.495275791,0.12184202,1.173704101
Study1_recovery,MFAC,moderate_g2_q1,75,300,0,0,2,1,TRUE,1,140,-1074.160882,2246.321764,2427.807105,2318.062743,0.031074558,201.43,0.947187716,0.013333333,0.986666667,NA,0.214804946,0.147115941,0.718888511,NA,NA,NA,NA
Study1_recovery,MCNFAC,moderate_g2_q1,75,300,0,0,2,1,TRUE,1,271,-1005.404468,2116.808936,2313.109407,2194.406322,0.027763959,414.7,0.973416986,0.006666667,0.993333333,NA,0.154626532,0.113134749,0.253937912,0.00886211,2.146823759,0.008682957,2.05637042
Study1_recovery,MFAC,moderate_g2_q1,76,300,0,0,2,1,TRUE,1,170,-1174.250211,2446.500422,2627.985763,2518.241401,0.026901324,243.59,0.960267214,0.01,0.99,NA,0.167049816,0.125022497,0.944392493,NA,NA,NA,NA
Study1_recovery,MCNFAC,moderate_g2_q1,76,300,0,0,2,1,TRUE,1,519,-1038.960558,2183.921116,2380.221587,2261.518502,0.023231309,789.9,0.973422298,0.006666667,0.993333333,NA,0.161998599,0.111606034,0.072682788,0.04545613,1.245316458,0.039129672,1.244909052
Study1_recovery,MFAC,moderate_g2_q1,77,300,0,0,2,1,TRUE,1,252,-1010.131493,2118.262986,2299.748327,2190.003965,0.03273057,363.27,0.934041725,0.016666667,0.983333333,NA,0.082139861,0.064751144,0.559881982,NA,NA,NA,NA
Study1_recovery,MCNFAC,moderate_g2_q1,77,300,0,0,2,1,TRUE,1,296,-930.3955492,1966.791098,2163.09157,2044.388484,0.028534559,446.21,0.947062841,0.013333333,0.986666667,NA,0.104086654,0.071541399,0.127927132,0.06453209,0.729556925,0.063158712,0.55286493
Study1_recovery,MFAC,moderate_g2_q1,78,300,0,0,2,1,TRUE,1,134,-1094.254593,2286.509186,2467.994528,2358.250166,0.038694218,192.54,0.921305727,0.02,0.98,NA,0.261723227,0.202412034,1.082370051,NA,NA,NA,NA
Study1_recovery,MCNFAC,moderate_g2_q1,78,300,0,0,2,1,TRUE,1,283,-961.1590295,2028.318059,2224.61853,2105.915445,0.036777798,430.68,0.908512343,0.023333333,0.976666667,NA,0.130359577,0.099483861,0.131037918,0.069710264,2.09252407,0.066518559,1.728926236
Study1_recovery,MFAC,moderate_g2_q1,79,300,0,0,2,1,TRUE,1,171,-1070.372263,2238.744525,2420.229867,2310.485505,0.033770949,248.6,0.947190692,0.013333333,0.986666667,NA,0.259193421,0.178310162,0.535297876,NA,NA,NA,NA
Study1_recovery,MCNFAC,moderate_g2_q1,79,300,0,0,2,1,TRUE,1,388,-986.1078387,2078.215677,2274.516149,2155.813063,0.035401164,590.81,0.960262063,0.01,0.99,NA,0.211879129,0.140877467,0.186119148,0.182951395,1.673447813,0.155932974,1.658602889
Study1_recovery,MFAC,moderate_g2_q1,80,300,0,0,2,1,TRUE,1,201,-964.4656996,2026.931399,2208.41674,2098.672378,0.029494266,283.89,0.934154548,0.016666667,0.983333333,NA,0.150776715,0.111937998,0.35492024,NA,NA,NA,NA
Study1_recovery,MCNFAC,moderate_g2_q1,80,300,0,0,2,1,TRUE,1,223,-910.7557452,1927.51149,2123.811961,2005.108876,0.026527461,341.49,0.947149134,0.013333333,0.986666667,NA,0.132169037,0.090465393,0.083611663,0.029663844,1.495215843,0.022000859,1.337647872
Study1_recovery,MFAC,moderate_g2_q1,1,300,0.1,0.1,2,1,TRUE,1,134,-959.6933885,2017.386777,2198.872118,2089.127756,0.016742596,330,0.973420823,0.006666667,0.993333333,NA,0.130130053,0.095684071,0.540592844,NA,NA,NA,NA
Study1_recovery,MCNFAC,moderate_g2_q1,1,300,0.1,0.1,2,1,TRUE,1,202,-892.3207352,1890.64147,2086.941942,1968.238856,0.019964323,514.37,0.973420823,0.006666667,0.993333333,NA,0.099099062,0.073424267,0.19310818,0.07729867,0.255828353,0.076477452,0.217928443
Study1_recovery,MFAC,moderate_g2_q1,2,300,0.1,0.1,2,1,TRUE,1,116,-1047.23329,2192.466579,2373.95192,2264.207558,0.040661953,292.05,0.92128219,0.02,0.98,NA,0.152921919,0.115312284,0.82512622,NA,NA,NA,NA
Study1_recovery,MCNFAC,moderate_g2_q1,2,300,0.1,0.1,2,1,TRUE,1,303,-935.1044972,1976.208994,2172.509466,2053.80638,0.04001871,790.39,0.908469726,0.023333333,0.976666667,NA,0.177512337,0.115645482,0.168806602,0.054237392,2.169477547,0.044573226,2.15844736
Study1_recovery,MFAC,moderate_g2_q1,3,300,0.1,0.1,2,1,TRUE,1,184,-1060.060696,2218.121393,2399.606734,2289.862372,0.033742828,457.63,0.908538782,0.023333333,0.976666667,NA,0.242468251,0.18358519,1.144036711,NA,NA,NA,NA
Study1_recovery,MCNFAC,moderate_g2_q1,3,300,0.1,0.1,2,1,TRUE,1,307,-980.9288742,2067.857748,2264.15822,2145.455134,0.031158032,774.97,0.947201209,0.013333333,0.986666667,NA,0.141134962,0.105573722,0.2966663,0.045231938,0.864889196,0.043578193,0.834503066
Study1_recovery,MFAC,moderate_g2_q1,4,300,0.1,0.1,2,1,TRUE,1,117,-1033.153241,2164.306482,2345.791823,2236.047461,0.033350592,297.84,0.960264607,0.01,0.99,NA,0.221365495,0.138251679,0.799358846,NA,NA,NA,NA
Study1_recovery,MCNFAC,moderate_g2_q1,4,300,0.1,0.1,2,1,TRUE,1,233,-956.7720117,2019.544023,2215.844495,2097.141409,0.03002884,610.45,0.947197279,0.013333333,0.986666667,NA,0.162592265,0.109861924,0.16656674,0.017723552,0.946401648,0.014523956,0.938339013
Study1_recovery,MFAC,moderate_g2_q1,5,300,0.1,0.1,2,1,TRUE,1,374,-986.3019926,2070.603985,2252.089327,2142.344964,0.011510284,900.58,0.947198413,0.013333333,0.986666667,NA,0.206566277,0.150401077,0.84822324,NA,NA,NA,NA
Study1_recovery,MCNFAC,moderate_g2_q1,5,300,0.1,0.1,2,1,TRUE,1,489,-911.202954,1928.405908,2124.706379,2006.003294,0.013388241,977,0.960265413,0.01,0.99,NA,0.137483901,0.112590794,0.051033208,0.017720055,2.052175685,0.017717631,2.000537245
Study1_recovery,MFAC,moderate_g2_q1,6,300,0.1,0.1,2,1,TRUE,1,151,-1014.045797,2126.091594,2307.576935,2197.832573,0.027155267,374.86,0.908539108,0.023333333,0.976666667,NA,0.176853526,0.114880164,0.652942537,NA,NA,NA,NA
Study1_recovery,MCNFAC,moderate_g2_q1,6,300,0.1,0.1,2,1,TRUE,1,255,-934.3859427,1974.771885,2171.072357,2052.369271,0.028810808,644.67,0.908538724,0.023333333,0.976666667,NA,0.107091335,0.077470156,0.066169111,0.038757354,0.037566737,0.035312055,0.037552399
Study1_recovery,MFAC,moderate_g2_q1,7,300,0.1,0.1,2,1,TRUE,1,178,-1003.080546,2104.161092,2285.646433,2175.902071,0.023331169,426.19,0.960209722,0.01,0.99,NA,0.125194204,0.09587672,0.747032528,NA,NA,NA,NA
Study1_recovery,MCNFAC,moderate_g2_q1,7,300,0.1,0.1,2,1,TRUE,1,234,-919.4255248,1944.85105,2141.151521,2022.448435,0.025620092,573.34,0.973386499,0.006666667,0.993333333,NA,0.16413703,0.117417889,0.102640673,0.041117389,2.216312532,0.03057317,2.035364976
Study1_recovery,MFAC,moderate_g2_q1,8,300,0.1,0.1,2,1,TRUE,1,190,-972.6521021,2043.304204,2224.789546,2115.045183,0.025557139,479.7,0.947201466,0.013333333,0.986666667,NA,0.120744535,0.099121481,0.617147497,NA,NA,NA,NA
Study1_recovery,MCNFAC,moderate_g2_q1,8,300,0.1,0.1,2,1,TRUE,1,271,-900.0712709,1906.142542,2102.443013,1983.739927,0.022635677,714.33,0.947201603,0.013333333,0.986666667,NA,0.097730156,0.070376552,0.254247118,0.048551071,0.294495232,0.046669237,0.255972593
Study1_recovery,MFAC,moderate_g2_q1,9,300,0.1,0.1,2,1,TRUE,1,188,-966.4757297,2030.951459,2212.436801,2102.692439,0.027207729,448.58,0.960255728,0.01,0.99,NA,0.171789995,0.13388265,0.917743125,NA,NA,NA,NA
Study1_recovery,MCNFAC,moderate_g2_q1,9,300,0.1,0.1,2,1,TRUE,1,213,-911.1696989,1928.339398,2124.639869,2005.936783,0.026421634,527.61,0.960255728,0.01,0.99,NA,0.145360882,0.105966475,0.060367897,0.0296316,0.973831272,0.025202315,0.768847583
Study1_recovery,MFAC,moderate_g2_q1,10,300,0.1,0.1,2,1,TRUE,1,151,-1030.436378,2158.872757,2340.358098,2230.613736,0.027198284,383.53,0.921325132,0.02,0.98,NA,0.099807893,0.081200369,0.697075242,NA,NA,NA,NA
Study1_recovery,MCNFAC,moderate_g2_q1,10,300,0.1,0.1,2,1,TRUE,1,213,-958.7942135,2023.588427,2219.888898,2101.185813,0.027643183,574.3,0.921325132,0.02,0.98,NA,0.092440199,0.071300255,0.027000352,0.027862146,0.586255073,0.025988519,0.585396062
Study1_recovery,MFAC,moderate_g2_q1,11,300,0.1,0.1,2,1,TRUE,1,135,-970.2760708,2038.552142,2220.037483,2110.293121,0.029969266,324.14,0.960249579,0.01,0.99,NA,0.159304631,0.095426437,0.457819372,NA,NA,NA,NA
Study1_recovery,MCNFAC,moderate_g2_q1,11,300,0.1,0.1,2,1,TRUE,1,243,-921.5877808,1949.175562,2145.476033,2026.772947,0.027939098,609.22,0.973411622,0.006666667,0.993333333,NA,0.128167219,0.090503505,0.095445383,0.056521624,1.739566933,0.056006869,1.311126122
Study1_recovery,MFAC,moderate_g2_q1,12,300,0.1,0.1,2,1,TRUE,1,150,-963.3147056,2024.629411,2206.114752,2096.37039,0.014707447,365.99,0.960266124,0.01,0.99,NA,0.132101629,0.098053348,0.698417322,NA,NA,NA,NA
Study1_recovery,MCNFAC,moderate_g2_q1,12,300,0.1,0.1,2,1,TRUE,1,199,-917.7260728,1941.452146,2137.752617,2019.049531,0.018890577,510.45,0.960266124,0.01,0.99,NA,0.11237299,0.077806281,0.121840038,0.040294082,2.612063253,0.035850452,2.592375183
Study1_recovery,MFAC,moderate_g2_q1,13,300,0.1,0.1,2,1,TRUE,1,165,-1012.210048,2122.420097,2303.905438,2194.161076,0.035450796,402.62,0.960255728,0.01,0.99,NA,0.174326085,0.125975771,0.67810479,NA,NA,NA,NA
Study1_recovery,MCNFAC,moderate_g2_q1,13,300,0.1,0.1,2,1,TRUE,1,204,-939.9873469,1985.974694,2182.275165,2063.572079,0.031585179,510.06,0.895788831,0.026666667,0.973333333,NA,0.130280554,0.094651299,0.118504656,0.008184844,1.11322856,0.006939433,0.966998174
Study1_recovery,MFAC,moderate_g2_q1,14,300,0.1,0.1,2,1,TRUE,1,133,-1025.069392,2148.138784,2329.624125,2219.879763,0.022125082,317.25,0.96026666,0.01,0.99,NA,0.168626121,0.10840781,0.584842805,NA,NA,NA,NA
Study1_recovery,MCNFAC,moderate_g2_q1,14,300,0.1,0.1,2,1,TRUE,1,340,-964.0759465,2034.151893,2230.452364,2111.749279,0.024803926,844.25,0.947200856,0.013333333,0.986666667,NA,0.160665691,0.105791868,0.07527367,0.073138872,1.016410684,0.057550288,0.870743803
Study1_recovery,MFAC,moderate_g2_q1,15,300,0.1,0.1,2,1,TRUE,1,190,-1006.727676,2111.455351,2292.940693,2183.196331,0.021287809,467.39,0.973415493,0.006666667,0.993333333,NA,0.088994223,0.073115532,0.195298666,NA,NA,NA,NA
Study1_recovery,MCNFAC,moderate_g2_q1,15,300,0.1,0.1,2,1,TRUE,1,152,-939.5790016,1985.158003,2181.458474,2062.755389,0.020075337,405.3,0.960255897,0.01,0.99,NA,0.092697504,0.073264703,0.086855906,0.037526292,0.826421933,0.037524076,0.658675719
Study1_recovery,MFAC,moderate_g2_q1,16,300,0.1,0.1,2,1,TRUE,1,104,-1025.501102,2149.002204,2330.487545,2220.743183,0.023373105,259.31,0.947195357,0.013333333,0.986666667,NA,0.188024122,0.11445854,0.866723418,NA,NA,NA,NA
Study1_recovery,MCNFAC,moderate_g2_q1,16,300,0.1,0.1,2,1,TRUE,1,238,-941.058067,1988.116134,2184.416605,2065.71352,0.021741236,603.33,0.960263468,0.01,0.99,NA,0.199322696,0.144056741,0.082587225,0.021393213,0.654898245,0.021381947,0.564696995
Study1_recovery,MFAC,moderate_g2_q1,17,300,0.1,0.1,2,1,TRUE,1,111,-1080.496913,2258.993826,2440.479167,2330.734805,0.020242372,274.2,0.934224686,0.016666667,0.983333333,NA,0.196991432,0.158203836,1.339122041,NA,NA,NA,NA
Study1_recovery,MCNFAC,moderate_g2_q1,17,300,0.1,0.1,2,1,TRUE,1,268,-991.1154397,2088.230879,2284.53135,2165.828265,0.023028647,679.56,0.973422289,0.006666667,0.993333333,NA,0.211176228,0.144920087,0.054859882,0.030079087,0.502909669,0.029857843,0.388727233
Study1_recovery,MFAC,moderate_g2_q1,18,300,0.1,0.1,2,1,TRUE,1,156,-1038.760852,2175.521704,2357.007045,2247.262683,0.039510233,379.3,0.934189487,0.016666667,0.983333333,NA,0.191139112,0.143241807,0.654622635,NA,NA,NA,NA
Study1_recovery,MCNFAC,moderate_g2_q1,18,300,0.1,0.1,2,1,FALSE,NA,NA,NA,NA,NA,NA,NA,NA,NA,NA,NA,NA,NA,NA,NA,NA,NA,NA,NA
Study1_recovery,MFAC,moderate_g2_q1,19,300,0.1,0.1,2,1,TRUE,1,130,-1041.914641,2181.829281,2363.314623,2253.57026,0.024866576,318.75,0.934115036,0.016666667,0.983333333,NA,0.105064152,0.078337573,0.524190176,NA,NA,NA,NA
Study1_recovery,MCNFAC,moderate_g2_q1,19,300,0.1,0.1,2,1,TRUE,1,214,-969.5159364,2045.031873,2241.332344,2122.629258,0.031388951,542.46,0.934129977,0.016666667,0.983333333,NA,0.146930429,0.102149816,0.16187337,0.055817622,0.673867491,0.053136629,0.590793441
Study1_recovery,MFAC,moderate_g2_q1,20,300,0.1,0.1,2,1,TRUE,1,137,-1015.880184,2129.760368,2311.245709,2201.501347,0.018123156,334.32,0.986666636,0.003333333,0.996666667,NA,0.124005192,0.095624438,0.827775605,NA,NA,NA,NA
Study1_recovery,MCNFAC,moderate_g2_q1,20,300,0.1,0.1,2,1,TRUE,1,268,-930.6924979,1967.384996,2163.685467,2044.982381,0.021439302,679.43,0.986666636,0.003333333,0.996666667,NA,0.129269601,0.100596679,0.164740849,0.029530091,1.291420012,0.029489234,0.978355913
Study1_recovery,MFAC,moderate_g2_q1,21,300,0.1,0.1,2,1,TRUE,1,123,-1030.401912,2158.803825,2340.289166,2230.544804,0.039228391,298.15,0.960267468,0.01,0.99,NA,0.201785684,0.152447496,0.773920924,NA,NA,NA,NA
Study1_recovery,MCNFAC,moderate_g2_q1,21,300,0.1,0.1,2,1,TRUE,1,244,-962.0806492,2030.161298,2226.46177,2107.758684,0.036827105,645.38,0.960267468,0.01,0.99,NA,0.114223341,0.096595929,0.095647572,0.061242335,1.140259558,0.045762569,0.919317078
Study1_recovery,MFAC,moderate_g2_q1,22,300,0.1,0.1,2,1,TRUE,1,215,-1061.89045,2221.7809,2403.266242,2293.521879,0.035926439,529.78,0.908532531,0.023333333,0.976666667,NA,0.157212105,0.096389537,0.853033287,NA,NA,NA,NA
Study1_recovery,MCNFAC,moderate_g2_q1,22,300,0.1,0.1,2,1,TRUE,1,202,-976.2146787,2058.429357,2254.729829,2136.026743,0.036469224,511.23,0.908532531,0.023333333,0.976666667,NA,0.065987806,0.046283199,0.140903506,0.060468341,2.650486135,0.054652949,2.188898244
Study1_recovery,MFAC,moderate_g2_q1,23,300,0.1,0.1,2,1,TRUE,1,252,-1075.811362,2249.622725,2431.108066,2321.363704,0.026615338,620.85,0.895830189,0.026666667,0.973333333,NA,0.194747327,0.147779678,1.006343503,NA,NA,NA,NA
Study1_recovery,MCNFAC,moderate_g2_q1,23,300,0.1,0.1,2,1,TRUE,1,398,-997.174375,2100.34875,2296.649221,2177.946136,0.026968662,993.87,0.895830189,0.026666667,0.973333333,NA,0.126442074,0.100161073,0.114029604,0.074852704,0.510186254,0.054301483,0.501498868
Study1_recovery,MFAC,moderate_g2_q1,24,300,0.1,0.1,2,1,TRUE,1,158,-977.2484447,2052.496889,2233.982231,2124.237869,0.021817931,392.81,0.908522668,0.023333333,0.976666667,NA,0.204496599,0.130127052,1.073410064,NA,NA,NA,NA
Study1_recovery,MCNFAC,moderate_g2_q1,24,300,0.1,0.1,2,1,TRUE,1,384,-910.9401844,1927.880369,2124.18084,2005.477754,0.01837077,989.59,0.8958136,0.026666667,0.973333333,NA,0.141940203,0.100347015,0.07170159,0.077423395,1.374865443,0.06405896,1.124765034
Study1_recovery,MFAC,moderate_g2_q1,25,300,0.1,0.1,2,1,TRUE,1,119,-1014.989398,2127.978795,2309.464137,2199.719775,0.02646158,292.03,0.934173745,0.016666667,0.983333333,NA,0.204045096,0.132749806,0.812727723,NA,NA,NA,NA
Study1_recovery,MCNFAC,moderate_g2_q1,25,300,0.1,0.1,2,1,TRUE,1,192,-936.7997883,1979.599577,2175.900048,2057.196962,0.021875787,480.72,0.934173745,0.016666667,0.983333333,NA,0.172861524,0.127364746,0.146624336,0.027549182,0.614647927,0.020496698,0.557783253
Study1_recovery,MFAC,moderate_g2_q1,26,300,0.1,0.1,2,1,TRUE,1,138,-1060.651834,2219.303669,2400.78901,2291.044648,0.029874495,330.94,0.960267564,0.01,0.99,NA,0.099174928,0.08209667,0.98538623,NA,NA,NA,NA
Study1_recovery,MCNFAC,moderate_g2_q1,26,300,0.1,0.1,2,1,TRUE,1,209,-955.8618236,2017.723647,2214.024118,2095.321033,0.021744882,521.62,0.960267564,0.01,0.99,NA,0.130126331,0.095402215,0.176994325,0.015910221,1.831949135,0.014134252,1.6592684
Study1_recovery,MFAC,moderate_g2_q1,27,300,0.1,0.1,2,1,TRUE,1,127,-1059.742655,2217.48531,2398.970651,2289.226289,0.027630648,316.09,0.960249579,0.01,0.99,NA,0.188242397,0.124158405,0.889760216,NA,NA,NA,NA
Study1_recovery,MCNFAC,moderate_g2_q1,27,300,0.1,0.1,2,1,TRUE,1,323,-983.0267789,2072.053558,2268.354029,2149.650943,0.020929111,817.19,0.960249579,0.01,0.99,NA,0.110032249,0.089732783,0.049419645,0.028959035,0.403381121,0.028949639,0.399839672
Study1_recovery,MFAC,moderate_g2_q1,28,300,0.1,0.1,2,1,TRUE,1,179,-1053.414683,2204.829367,2386.314708,2276.570346,0.027794133,416.64,0.960142779,0.01,0.99,NA,0.162832852,0.112021801,0.79696608,NA,NA,NA,NA
Study1_recovery,MCNFAC,moderate_g2_q1,28,300,0.1,0.1,2,1,TRUE,1,313,-981.9753856,2069.950771,2266.251242,2147.548157,0.022475508,403.99,1,0,1,NA,0.094533984,0.075130215,0.053954281,0.047692264,0.172854636,0.047310146,0.163636749
Study1_recovery,MFAC,moderate_g2_q1,29,300,0.1,0.1,2,1,TRUE,1,139,-988.0594148,2074.11883,2255.604171,2145.859809,0.024069019,340.5,0.98663754,0.003333333,0.996666667,NA,0.151308068,0.093473212,0.746989037,NA,NA,NA,NA
Study1_recovery,MCNFAC,moderate_g2_q1,29,300,0.1,0.1,2,1,TRUE,1,154,-927.353806,1960.707612,2157.008083,2038.304998,0.02239804,388.14,0.960191383,0.01,0.99,NA,0.130717895,0.089721062,0.176339748,0.047359862,0.618162764,0.045023059,0.589591892
Study1_recovery,MFAC,moderate_g2_q1,30,300,0.1,0.1,2,1,TRUE,1,225,-1030.457482,2158.914963,2340.400305,2230.655942,0.030378356,562.95,0.947201813,0.013333333,0.986666667,NA,0.165925505,0.101015408,0.78121811,NA,NA,NA,NA
Study1_recovery,MCNFAC,moderate_g2_q1,30,300,0.1,0.1,2,1,TRUE,1,232,-957.4718537,2020.943707,2217.244179,2098.541093,0.030200955,594.54,0.973422497,0.006666667,0.993333333,NA,0.096698046,0.073041879,0.034466391,0.023420772,0.467088871,0.02245349,0.464079097
Study1_recovery,MFAC,moderate_g2_q1,31,300,0.1,0.1,2,1,TRUE,1,143,-965.6283265,2029.256653,2210.741994,2100.997632,0.034455333,356.53,0.934209633,0.016666667,0.983333333,NA,0.1561675,0.116457528,0.351663853,NA,NA,NA,NA
Study1_recovery,MCNFAC,moderate_g2_q1,31,300,0.1,0.1,2,1,TRUE,1,524,-894.2742694,1894.548539,2090.84901,1972.145924,0.030326878,1315.5,0.960260213,0.01,0.99,NA,0.163242332,0.131099355,0.113820718,0.014683886,0.490726002,0.01452214,0.41455811
Study1_recovery,MFAC,moderate_g2_q1,32,300,0.1,0.1,2,1,TRUE,1,240,-990.7158427,2079.431685,2260.917027,2151.172665,0.025555366,583.49,0.960263468,0.01,0.99,NA,0.089547155,0.056224553,0.853257591,NA,NA,NA,NA
Study1_recovery,MCNFAC,moderate_g2_q1,32,300,0.1,0.1,2,1,TRUE,1,256,-905.3516069,1916.703214,2113.003685,1994.300599,0.028361974,637.8,0.960264498,0.01,0.99,NA,0.074957086,0.054516208,0.036276809,0.013358075,1.511576744,0.013044896,1.301854913
Study1_recovery,MFAC,moderate_g2_q1,33,300,0.1,0.1,2,1,TRUE,1,245,-982.8244646,2063.648929,2245.13427,2135.389908,0.022186265,575.7,0.947193194,0.013333333,0.986666667,NA,0.25840312,0.203845093,0.701729521,NA,NA,NA,NA
Study1_recovery,MCNFAC,moderate_g2_q1,33,300,0.1,0.1,2,1,FALSE,NA,NA,NA,NA,NA,NA,NA,NA,NA,NA,NA,NA,NA,NA,NA,NA,NA,NA,NA
Study1_recovery,MFAC,moderate_g2_q1,34,300,0.1,0.1,2,1,TRUE,1,98,-1045.956148,2189.912296,2371.397638,2261.653275,0.029925151,242.46,0.947163991,0.013333333,0.986666667,NA,0.315570459,0.255665175,1.064112572,NA,NA,NA,NA
Study1_recovery,MCNFAC,moderate_g2_q1,34,300,0.1,0.1,2,1,TRUE,1,257,-987.9931373,2081.986275,2278.286746,2159.58366,0.028263884,646.81,0.934189134,0.016666667,0.983333333,NA,0.276534824,0.203777085,0.140184039,0.057765841,1.238056031,0.055475881,1.158183311
Study1_recovery,MFAC,moderate_g2_q1,35,300,0.1,0.1,2,1,TRUE,1,251,-1001.106119,2100.212239,2281.69758,2171.953218,0.031457756,682.31,0.895821059,0.026666667,0.973333333,NA,0.168989052,0.104362629,0.730270057,NA,NA,NA,NA
Study1_recovery,MCNFAC,moderate_g2_q1,35,300,0.1,0.1,2,1,TRUE,1,182,-927.5361895,1961.072379,2157.37285,2038.669765,0.033565087,475.86,0.883201706,0.03,0.97,NA,0.116819988,0.0778591,0.097302465,0.033390825,0.600949644,0.028420557,0.55135324
Study1_recovery,MFAC,moderate_g2_q1,36,300,0.1,0.1,2,1,TRUE,1,210,-1036.686668,2171.373336,2352.858678,2243.114315,0.028698056,516.7,0.934224106,0.016666667,0.983333333,NA,0.235984456,0.158513907,0.7438703,NA,NA,NA,NA
Study1_recovery,MCNFAC,moderate_g2_q1,36,300,0.1,0.1,2,1,TRUE,1,323,-943.4701215,1992.940243,2189.240714,2070.537629,0.022045229,809.38,0.934224106,0.016666667,0.983333333,NA,0.217045384,0.153007163,0.046897973,0.051751671,3.017384715,0.049642789,2.821824681
Study1_recovery,MFAC,moderate_g2_q1,37,300,0.1,0.1,2,1,TRUE,1,153,-1081.050061,2260.100122,2441.585463,2331.841101,0.022235151,373.78,0.96026666,0.01,0.99,NA,0.068339398,0.053122298,1.089159032,NA,NA,NA,NA
Study1_recovery,MCNFAC,moderate_g2_q1,37,300,0.1,0.1,2,1,TRUE,1,215,-986.3997818,2078.799564,2275.100035,2156.396949,0.027722211,533.11,0.960267046,0.01,0.99,NA,0.089821147,0.062239101,0.138657621,0.003074924,1.348643115,0.00303244,1.111301019
Study1_recovery,MFAC,moderate_g2_q1,38,300,0.1,0.1,2,1,TRUE,1,197,-942.7811032,1983.562206,2165.047548,2055.303186,0.032595613,476.75,0.883208061,0.03,0.97,NA,0.217522915,0.15582716,0.399365853,NA,NA,NA,NA
Study1_recovery,MCNFAC,moderate_g2_q1,38,300,0.1,0.1,2,1,TRUE,1,412,-883.2919981,1872.583996,2068.884467,1950.181382,0.031311838,1053.82,0.908536275,0.023333333,0.976666667,NA,0.23910166,0.160669287,0.084326182,0.010120509,1.089906876,0.009324808,1.084608299
Study1_recovery,MFAC,moderate_g2_q1,39,300,0.1,0.1,2,1,TRUE,1,119,-1024.380429,2146.760857,2328.246199,2218.501836,0.028363519,294.33,0.89582121,0.026666667,0.973333333,NA,0.229729134,0.161779249,0.747866285,NA,NA,NA,NA
Study1_recovery,MCNFAC,moderate_g2_q1,39,300,0.1,0.1,2,1,TRUE,1,301,-958.8920211,2023.784042,2220.084513,2101.381428,0.029903956,775.45,0.934218225,0.016666667,0.983333333,NA,0.166150076,0.110415239,0.266797429,0.187930204,1.351508708,0.161590051,1.128995142
Study1_recovery,MFAC,moderate_g2_q1,40,300,0.1,0.1,2,1,TRUE,1,95,-1028.991395,2155.982789,2337.46813,2227.723768,0.028080482,235.86,0.960260357,0.01,0.99,NA,0.133670153,0.109772615,0.744998918,NA,NA,NA,NA
Study1_recovery,MCNFAC,moderate_g2_q1,40,300,0.1,0.1,2,1,TRUE,1,273,-955.8335085,2017.667017,2213.967488,2095.264403,0.028637598,711.11,0.973418242,0.006666667,0.993333333,NA,0.138569089,0.104052388,0.060075444,0.080451649,1.662737664,0.064864481,1.658686105
Study1_recovery,MFAC,moderate_g2_q1,41,300,0.1,0.1,2,1,TRUE,1,173,-976.5964683,2051.192937,2232.678278,2122.933916,0.03443936,429.23,0.921325132,0.02,0.98,NA,0.180537978,0.129106381,0.450643515,NA,NA,NA,NA
Study1_recovery,MCNFAC,moderate_g2_q1,41,300,0.1,0.1,2,1,TRUE,1,219,-911.0289835,1928.057967,2124.358438,2005.655353,0.036925258,550.69,0.960261931,0.01,0.99,NA,0.167623304,0.12817804,0.137850899,0.045735474,1.493439804,0.035406403,1.064164579
Study1_recovery,MFAC,moderate_g2_q1,42,300,0.1,0.1,2,1,TRUE,1,147,-999.3307487,2096.661497,2278.146839,2168.402477,0.02403776,370.16,0.93422297,0.016666667,0.983333333,NA,0.212230362,0.160582987,0.653360314,NA,NA,NA,NA
Study1_recovery,MCNFAC,moderate_g2_q1,42,300,0.1,0.1,2,1,TRUE,1,194,-912.4273438,1930.854688,2127.155159,2008.452073,0.023004443,501.31,0.908534638,0.023333333,0.976666667,NA,0.121206624,0.09383186,0.123307082,0.028641368,1.447835746,0.022911154,1.030324489
Study1_recovery,MFAC,moderate_g2_q1,43,300,0.1,0.1,2,1,TRUE,1,158,-1008.473868,2114.947737,2296.433078,2186.688716,0.032888425,395.19,0.908498646,0.023333333,0.976666667,NA,0.08870742,0.066398697,0.748981802,NA,NA,NA,NA
Study1_recovery,MCNFAC,moderate_g2_q1,43,300,0.1,0.1,2,1,TRUE,1,324,-921.6347284,1949.269457,2145.569928,2026.866842,0.038007127,818.25,0.883167563,0.03,0.97,NA,0.12782639,0.087255473,0.108437631,0.011836783,1.829559156,0.011322134,1.428661758
Study1_recovery,MFAC,moderate_g2_q1,44,300,0.1,0.1,2,1,TRUE,1,120,-1037.85171,2173.70342,2355.188762,2245.4444,0.032577809,298.41,0.934225175,0.016666667,0.983333333,NA,0.142847007,0.098942908,0.941033468,NA,NA,NA,NA
Study1_recovery,MCNFAC,moderate_g2_q1,44,300,0.1,0.1,2,1,TRUE,1,239,-931.9030592,1969.806118,2166.10659,2047.403504,0.037453136,615.61,0.93422528,0.016666667,0.983333333,NA,0.14168473,0.107359586,0.179481916,0.017264214,1.509479966,0.014065115,1.093069486
Study1_recovery,MFAC,moderate_g2_q1,45,300,0.1,0.1,2,1,TRUE,1,209,-1021.386517,2140.773034,2322.258375,2212.514013,0.033094629,510.2,0.934225045,0.016666667,0.983333333,NA,0.151201796,0.116610603,0.793514368,NA,NA,NA,NA
Study1_recovery,MCNFAC,moderate_g2_q1,45,300,0.1,0.1,2,1,TRUE,1,199,-939.1688556,1984.337711,2180.638182,2061.935097,0.031078158,288.49,0.947201718,0.013333333,0.986666667,NA,0.111647563,0.085716334,0.22105222,0.039048044,0.767891049,0.035209368,0.641981919
Study1_recovery,MFAC,moderate_g2_q1,46,300,0.1,0.1,2,1,TRUE,1,140,-1037.326079,2172.652158,2354.137499,2244.393137,0.022929099,352.57,0.934213035,0.016666667,0.983333333,NA,0.154766986,0.119664941,0.920059123,NA,NA,NA,NA
Study1_recovery,MCNFAC,moderate_g2_q1,46,300,0.1,0.1,2,1,TRUE,1,263,-975.2018682,2056.403736,2252.704208,2134.001122,0.025813886,395.14,0.973418242,0.006666667,0.993333333,NA,0.159596453,0.121151549,0.161077299,0.04491112,1.079782,0.043476925,1.038043945
Study1_recovery,MFAC,moderate_g2_q1,47,300,0.1,0.1,2,1,TRUE,1,161,-1015.233035,2128.466071,2309.951412,2200.20705,0.024285427,381.08,0.960258158,0.01,0.99,NA,0.125604869,0.079149487,1.091818592,NA,NA,NA,NA
Study1_recovery,MCNFAC,moderate_g2_q1,47,300,0.1,0.1,2,1,TRUE,1,231,-935.8689242,1977.737848,2174.03832,2055.335234,0.023936933,905.1,0.947193286,0.013333333,0.986666667,NA,0.09463056,0.075245015,0.082138532,0.02999605,1.006555039,0.029646977,0.982586977
Study1_recovery,MFAC,moderate_g2_q1,48,300,0.1,0.1,2,1,TRUE,1,207,-1084.299406,2266.598812,2448.084153,2338.339791,0.024068192,481.35,0.947045082,0.013333333,0.986666667,NA,0.138746498,0.111285141,1.160816178,NA,NA,NA,NA
Study1_recovery,MCNFAC,moderate_g2_q1,48,300,0.1,0.1,2,1,TRUE,1,199,-1005.130439,2116.260878,2312.561349,2193.858264,0.027505516,529.08,0.934017889,0.016666667,0.983333333,NA,0.097442046,0.068940502,0.094791648,0.055208353,0.471031555,0.053848735,0.465268685
Study1_recovery,MFAC,moderate_g2_q1,49,300,0.1,0.1,2,1,TRUE,1,95,-1021.092078,2140.184156,2321.669497,2211.925135,0.023326839,246.08,0.947190791,0.013333333,0.986666667,NA,0.144485101,0.103366507,0.75875798,NA,NA,NA,NA
Study1_recovery,MCNFAC,moderate_g2_q1,49,300,0.1,0.1,2,1,TRUE,1,253,-919.0357449,1944.07149,2140.371961,2021.668875,0.030300636,1032.72,0.947190791,0.013333333,0.986666667,NA,0.11121856,0.080676382,0.110246885,0.061064568,4.319904459,0.060846268,4.054306236
Study1_recovery,MFAC,moderate_g2_q1,50,300,0.1,0.1,2,1,TRUE,1,185,-959.1811889,2016.362378,2197.847719,2088.103357,0.018024902,435.28,0.960253066,0.01,0.99,NA,0.248123528,0.150566569,0.610930352,NA,NA,NA,NA
Study1_recovery,MCNFAC,moderate_g2_q1,50,300,0.1,0.1,2,1,TRUE,1,360,-921.3237581,1948.647516,2144.947987,2026.244902,0.01765477,971.04,0.947184332,0.013333333,0.986666667,NA,0.157484672,0.11011489,0.132021224,0.048657393,2.250329435,0.047512672,2.242521737
Study1_recovery,MFAC,moderate_g2_q1,51,300,0.1,0.1,2,1,TRUE,1,173,-998.8371289,2095.674258,2277.159599,2167.415237,0.043938334,413,0.870659007,0.033333333,0.966666667,NA,0.19602716,0.139435745,0.533709758,NA,NA,NA,NA
Study1_recovery,MCNFAC,moderate_g2_q1,51,300,0.1,0.1,2,1,TRUE,1,183,-929.3649675,1964.729935,2161.030406,2042.327321,0.035439664,623.36,0.883194161,0.03,0.97,NA,0.193027151,0.144520927,0.117543727,0.019685887,1.430385291,0.018480926,1.347693796
Study1_recovery,MFAC,moderate_g2_q1,52,300,0.1,0.1,2,1,TRUE,1,218,-998.4127228,2094.825446,2276.310787,2166.566425,0.031048475,519.98,0.934174152,0.016666667,0.983333333,NA,0.204027527,0.137878463,0.810730505,NA,NA,NA,NA
Study1_recovery,MCNFAC,moderate_g2_q1,52,300,0.1,0.1,2,1,TRUE,1,285,-938.4392464,1982.878493,2179.178964,2060.475878,0.031709739,761.98,0.934174152,0.016666667,0.983333333,NA,0.157848424,0.103644746,0.067883578,0.049941211,1.308717829,0.04990203,1.026096344
Study1_recovery,MFAC,moderate_g2_q1,53,300,0.1,0.1,2,1,TRUE,1,165,-987.9380939,2073.876188,2255.361529,2145.617167,0.028765795,389.21,0.973422486,0.006666667,0.993333333,NA,0.094304578,0.073105528,0.471018168,NA,NA,NA,NA
Study1_recovery,MCNFAC,moderate_g2_q1,53,300,0.1,0.1,2,1,TRUE,1,345,-922.8643106,1951.728621,2148.029092,2029.326007,0.030710299,1164.25,0.960267547,0.01,0.99,NA,0.074242637,0.05110199,0.113205692,0.063583522,0.66247689,0.057729146,0.614534912
Study1_recovery,MFAC,moderate_g2_q1,54,300,0.1,0.1,2,1,TRUE,1,103,-1050.054459,2198.108918,2379.594259,2269.849897,0.029935328,271.06,0.934221644,0.016666667,0.983333333,NA,0.098557756,0.071562113,0.581909488,NA,NA,NA,NA
Study1_recovery,MCNFAC,moderate_g2_q1,54,300,0.1,0.1,2,1,TRUE,1,191,-941.3798707,1988.759741,2185.060212,2066.357127,0.023326395,712.35,0.947199421,0.013333333,0.986666667,NA,0.057764786,0.045470009,0.085272805,0.029107205,3.102149526,0.028091371,2.460161289
Study1_recovery,MFAC,moderate_g2_q1,55,300,0.1,0.1,2,1,TRUE,1,115,-1045.742207,2189.484414,2370.969755,2261.225393,0.041571358,293.91,0.858196362,0.036666667,0.963333333,NA,0.212425723,0.17662762,0.687428088,NA,NA,NA,NA
Study1_recovery,MCNFAC,moderate_g2_q1,55,300,0.1,0.1,2,1,TRUE,1,286,-976.5852999,2059.1706,2255.471071,2136.767985,0.040732664,1106.19,0.858196362,0.036666667,0.963333333,NA,0.190581366,0.145842071,0.069404183,0.065497223,1.257312648,0.063355245,1.085803044
Study1_recovery,MFAC,moderate_g2_q1,56,300,0.1,0.1,2,1,TRUE,1,165,-1027.90716,2153.814319,2335.29966,2225.555298,0.022219836,419,0.973416936,0.006666667,0.993333333,NA,0.113037742,0.076772966,0.706863041,NA,NA,NA,NA
Study1_recovery,MCNFAC,moderate_g2_q1,56,300,0.1,0.1,2,1,TRUE,1,226,-937.1804468,1980.360894,2176.661365,2057.958279,0.020300252,627.75,0.973416936,0.006666667,0.993333333,NA,0.128235683,0.08256146,0.04761265,0.019070848,1.98393446,0.018769033,1.720244694
Study1_recovery,MFAC,moderate_g2_q1,57,300,0.1,0.1,2,1,TRUE,1,189,-1060.572387,2219.144775,2400.630116,2290.885754,0.020231083,511.36,0.908538564,0.023333333,0.976666667,NA,0.172847297,0.130229071,0.744173506,NA,NA,NA,NA
Study1_recovery,MCNFAC,moderate_g2_q1,57,300,0.1,0.1,2,1,TRUE,1,246,-984.2788218,2074.557644,2270.858115,2152.155029,0.030221689,656.36,0.908538564,0.023333333,0.976666667,NA,0.139255371,0.103049877,0.118277416,0.049315603,0.60694331,0.042712529,0.490986955
Study1_recovery,MFAC,moderate_g2_q1,58,300,0.1,0.1,2,1,TRUE,1,402,-1036.259535,2170.519071,2352.004412,2242.26005,0.01840904,1070,0.986657897,0.003333333,0.996666667,NA,0.141996725,0.106423913,1.159672198,NA,NA,NA,NA
Study1_recovery,MCNFAC,moderate_g2_q1,58,300,0.1,0.1,2,1,TRUE,1,453,-938.5816943,1983.163389,2179.46386,2060.760774,0.018528377,779.33,0.986659357,0.003333333,0.996666667,NA,0.107856086,0.085991129,0.041927461,0.084223062,2.796989253,0.072445497,2.639134868
Study1_recovery,MFAC,moderate_g2_q1,59,300,0.1,0.1,2,1,TRUE,1,234,-977.2558788,2052.511758,2233.997099,2124.252737,0.032866107,621.41,0.947201254,0.013333333,0.986666667,NA,0.208095401,0.13601409,0.401264031,NA,NA,NA,NA
Study1_recovery,MCNFAC,moderate_g2_q1,59,300,0.1,0.1,2,1,TRUE,1,339,-894.808212,1895.616424,2091.916895,1973.21381,0.030823127,1075.46,0.947201254,0.013333333,0.986666667,NA,0.212104561,0.130600096,0.17883593,0.03725999,0.440829384,0.031636826,0.387205794
Study1_recovery,MFAC,moderate_g2_q1,60,300,0.1,0.1,2,1,TRUE,1,184,-1028.526102,2155.052204,2336.537545,2226.793183,0.020039262,487.94,0.973422497,0.006666667,0.993333333,NA,0.134230556,0.088723956,0.680874471,NA,NA,NA,NA
Study1_recovery,MCNFAC,moderate_g2_q1,60,300,0.1,0.1,2,1,TRUE,1,177,-957.2335025,2020.467005,2216.767476,2098.064391,0.021301019,476.53,0.960267515,0.01,0.99,NA,0.089491344,0.068151642,0.054580031,0.060637051,2.825243008,0.057452149,2.201133409
Study1_recovery,MFAC,moderate_g2_q1,61,300,0.1,0.1,2,1,TRUE,1,165,-1024.224425,2146.44885,2327.934191,2218.189829,0.033921622,451.08,0.934224548,0.016666667,0.983333333,NA,0.287607038,0.222703861,0.930802342,NA,NA,NA,NA
Study1_recovery,MCNFAC,moderate_g2_q1,61,300,0.1,0.1,2,1,TRUE,1,248,-943.1442208,1992.288442,2188.588913,2069.885827,0.02768126,692.58,0.921337029,0.02,0.98,NA,0.16141508,0.126577795,0.057595851,0.07988336,1.445714188,0.067041793,1.416070628
Study1_recovery,MFAC,moderate_g2_q1,62,300,0.1,0.1,2,1,TRUE,1,263,-963.3391648,2024.67833,2206.163671,2096.419309,0.029023817,668.89,0.934225261,0.016666667,0.983333333,NA,0.101986053,0.075480625,0.68345619,NA,NA,NA,NA
Study1_recovery,MCNFAC,moderate_g2_q1,62,300,0.1,0.1,2,1,TRUE,1,335,-902.4762528,1910.952506,2107.252977,1988.549891,0.028373328,596.73,0.947201771,0.013333333,0.986666667,NA,0.119259852,0.087832128,0.110927827,0.049177039,1.530258486,0.043021244,1.493833068
Study1_recovery,MFAC,moderate_g2_q1,63,300,0.1,0.1,2,1,TRUE,1,124,-1098.225102,2294.450204,2475.935546,2366.191183,0.035946209,311.75,0.858238673,0.036666667,0.963333333,NA,0.214176495,0.144501617,1.058686824,NA,NA,NA,NA
Study1_recovery,MCNFAC,moderate_g2_q1,63,300,0.1,0.1,2,1,TRUE,1,184,-979.1569092,2064.313818,2260.61429,2141.911204,0.034423993,668.83,0.947201716,0.013333333,0.986666667,NA,0.121680612,0.08832897,0.027298772,0.025298416,3.250130217,0.025285921,3.058558535
Study1_recovery,MFAC,moderate_g2_q1,64,300,0.1,0.1,2,1,TRUE,1,181,-972.6673058,2043.334612,2224.819953,2115.075591,0.041691652,484.73,0.908407175,0.023333333,0.976666667,NA,0.135021941,0.09985335,0.8713684,NA,NA,NA,NA
Study1_recovery,MCNFAC,moderate_g2_q1,64,300,0.1,0.1,2,1,TRUE,1,472,-912.002957,1930.005914,2126.306385,2007.6033,0.033167399,898.84,0.921216107,0.02,0.98,NA,0.195741532,0.129155196,0.127271586,0.162769327,1.630412667,0.144719184,1.331384364
Study1_recovery,MFAC,moderate_g2_q1,65,300,0.1,0.1,2,1,TRUE,1,144,-1007.501338,2113.002676,2294.488018,2184.743656,0.026871558,336.87,0.947190791,0.013333333,0.986666667,NA,0.18632958,0.131628345,0.646967375,NA,NA,NA,NA
Study1_recovery,MCNFAC,moderate_g2_q1,65,300,0.1,0.1,2,1,TRUE,1,253,-963.6987159,2033.397432,2229.697903,2110.994817,0.029433279,749.18,0.947190791,0.013333333,0.986666667,NA,0.140154337,0.103563495,0.165620355,0.031865739,1.821242341,0.028471774,1.428187321
Study1_recovery,MFAC,moderate_g2_q1,66,300,0.1,0.1,2,1,TRUE,1,199,-1109.4358,2316.8716,2498.356941,2388.612579,0.029212488,482.15,0.960267214,0.01,0.99,NA,0.172985942,0.132302954,0.934626177,NA,NA,NA,NA
Study1_recovery,MCNFAC,moderate_g2_q1,66,300,0.1,0.1,2,1,TRUE,1,491,-999.8041591,2105.608318,2301.908789,2183.205704,0.025046978,1400.85,0.973422298,0.006666667,0.993333333,NA,0.181174705,0.121024598,0.064543217,0.036476307,3.006592492,0.036389065,2.421634941
Study1_recovery,MFAC,moderate_g2_q1,67,300,0.1,0.1,2,1,TRUE,1,162,-973.4562972,2044.912594,2226.397936,2116.653574,0.03273757,394.75,0.934041725,0.016666667,0.983333333,NA,0.09044919,0.067670387,0.551044714,NA,NA,NA,NA
Study1_recovery,MCNFAC,moderate_g2_q1,67,300,0.1,0.1,2,1,TRUE,1,237,-908.4548396,1922.909679,2119.21015,2000.507065,0.02883531,731.07,0.947062841,0.013333333,0.986666667,NA,0.115798478,0.073821021,0.063837836,0.037848769,0.603002647,0.037652626,0.483416331
Study1_recovery,MFAC,moderate_g2_q1,68,300,0.1,0.1,2,1,TRUE,1,95,-1041.286859,2180.573719,2362.05906,2252.314698,0.035531691,210.26,0.921311617,0.02,0.98,NA,0.290647197,0.223131658,1.143000777,NA,NA,NA,NA
Study1_recovery,MCNFAC,moderate_g2_q1,68,300,0.1,0.1,2,1,TRUE,1,276,-928.0430088,1962.086018,2158.386489,2039.683403,0.038080948,784.03,0.921311617,0.02,0.98,NA,0.155787426,0.116210279,0.153379999,0.072769048,1.720298249,0.068386966,1.631351259
Study1_recovery,MFAC,moderate_g2_q1,69,300,0.1,0.1,2,1,TRUE,1,144,-1002.356186,2102.712371,2284.197712,2174.45335,0.032528373,338.22,0.934213035,0.016666667,0.983333333,NA,0.279198274,0.18356549,0.506009102,NA,NA,NA,NA
Study1_recovery,MCNFAC,moderate_g2_q1,69,300,0.1,0.1,2,1,TRUE,1,390,-936.5289557,1979.057911,2175.358382,2056.655297,0.035087672,1127.61,0.960262063,0.01,0.99,NA,0.21743955,0.139614939,0.215944381,0.184636996,1.081930305,0.15217457,0.841420943
Study1_recovery,MFAC,moderate_g2_q1,70,300,0.1,0.1,2,1,TRUE,1,131,-920.9486676,1939.897335,2121.382676,2011.638314,0.028951498,304.44,0.934154548,0.016666667,0.983333333,NA,0.163208977,0.116743693,0.350645299,NA,NA,NA,NA
Study1_recovery,MCNFAC,moderate_g2_q1,70,300,0.1,0.1,2,1,TRUE,1,204,-878.7028235,1863.405647,2059.706118,1941.003033,0.027036218,592.83,0.947149134,0.013333333,0.986666667,NA,0.15444723,0.094429163,0.080868233,0.038514358,1.626887573,0.030159561,1.203623949
Study1_recovery,MFAC,moderate_g2_q1,71,300,0.1,0.1,2,1,TRUE,1,180,-1094.730936,2287.461871,2468.947212,2359.20285,0.020272371,442.72,0.973422336,0.006666667,0.993333333,NA,0.126505604,0.105272268,0.840057597,NA,NA,NA,NA
Study1_recovery,MCNFAC,moderate_g2_q1,71,300,0.1,0.1,2,1,TRUE,1,342,-981.8212114,2069.642423,2265.942894,2147.239808,0.019576931,1018.46,0.960267214,0.01,0.99,NA,0.114734945,0.094204213,0.344184692,0.152778071,1.611129518,0.119130445,1.450965835
Study1_recovery,MFAC,moderate_g2_q1,72,300,0.1,0.1,2,1,TRUE,1,143,-962.6571536,2023.314307,2204.799649,2095.055286,0.026066443,337.47,0.973422534,0.006666667,0.993333333,NA,0.191098149,0.147702795,0.674347191,NA,NA,NA,NA
Study1_recovery,MCNFAC,moderate_g2_q1,72,300,0.1,0.1,2,1,TRUE,1,404,-893.5128186,1893.025637,2089.326108,1970.623023,0.023468674,1183.66,0.947201813,0.013333333,0.986666667,NA,0.168273348,0.125753098,0.15066283,0.116283113,1.308258319,0.106007126,1.189808644
Study1_recovery,MFAC,moderate_g2_q1,73,300,0.1,0.1,2,1,TRUE,1,173,-1056.59236,2211.18472,2392.670061,2282.925699,0.029139631,428.63,0.960263348,0.01,0.99,NA,0.149329866,0.102052324,0.791263207,NA,NA,NA,NA
Study1_recovery,MCNFAC,moderate_g2_q1,73,300,0.1,0.1,2,1,TRUE,1,205,-956.8569819,2019.713964,2216.014435,2097.311349,0.026660693,608.62,0.960264498,0.01,0.99,NA,0.061470032,0.043884097,0.195792421,0.015598013,2.315759056,0.015581375,1.795506246
Study1_recovery,MFAC,moderate_g2_q1,74,300,0.1,0.1,2,1,TRUE,1,119,-1017.294851,2132.589701,2314.075042,2204.33068,0.035878011,307.05,0.934225261,0.016666667,0.983333333,NA,0.15797741,0.107911319,0.509290369,NA,NA,NA,NA
Study1_recovery,MCNFAC,moderate_g2_q1,74,300,0.1,0.1,2,1,TRUE,1,225,-919.4279989,1944.855998,2141.156469,2022.453383,0.03149541,797.69,0.973422513,0.006666667,0.993333333,NA,0.160227572,0.110247076,0.198131224,0.018556269,1.472726294,0.01817817,1.277894247
Study1_recovery,MFAC,moderate_g2_q1,75,300,0.1,0.1,2,1,TRUE,1,163,-946.5818911,1991.163782,2172.649123,2062.904761,0.021738857,481.81,0.947190692,0.013333333,0.986666667,NA,0.15322836,0.120095227,0.643628775,NA,NA,NA,NA
Study1_recovery,MCNFAC,moderate_g2_q1,75,300,0.1,0.1,2,1,TRUE,1,211,-905.3475758,1916.695152,2112.995623,1994.292537,0.022635266,714.43,0.947190692,0.013333333,0.986666667,NA,0.11315943,0.082988834,0.037919279,0.054001922,0.99693398,0.05360729,0.846114439
Study1_recovery,MFAC,moderate_g2_q1,76,300,0.1,0.1,2,1,TRUE,1,207,-1008.727295,2115.45459,2296.939931,2187.195569,0.030614135,677.24,0.895779603,0.026666667,0.973333333,NA,0.2100611,0.140001051,1.392654891,NA,NA,NA,NA
Study1_recovery,MCNFAC,moderate_g2_q1,76,300,0.1,0.1,2,1,TRUE,1,305,-936.2601108,1978.520222,2174.820693,2056.117607,0.032299973,898.75,0.908498646,0.023333333,0.976666667,NA,0.126310417,0.097574496,0.194985471,0.081883023,0.614332004,0.07414437,0.614313171
Study1_recovery,MFAC,moderate_g2_q1,77,300,0.1,0.1,2,1,TRUE,1,170,-937.6359259,1973.271852,2154.757193,2045.012831,0.025124714,544.03,0.960241425,0.01,0.99,NA,0.088330749,0.054800039,0.140266458,NA,NA,NA,NA
Study1_recovery,MCNFAC,moderate_g2_q1,77,300,0.1,0.1,2,1,TRUE,1,177,-877.696944,1861.393888,2057.694359,1938.991274,0.022290168,559.35,0.973406597,0.006666667,0.993333333,NA,0.068881644,0.05028649,0.17954331,0.026205132,0.605251052,0.024434911,0.56671325
Study1_recovery,MFAC,moderate_g2_q1,78,300,0.1,0.1,2,1,TRUE,1,97,-1059.993185,2217.986369,2399.471711,2289.727349,0.035824003,315.16,0.921281252,0.02,0.98,NA,0.132449232,0.112643033,0.401120028,NA,NA,NA,NA
Study1_recovery,MCNFAC,moderate_g2_q1,78,300,0.1,0.1,2,1,TRUE,1,200,-971.3221241,2048.644248,2244.944719,2126.241634,0.034803554,701.97,0.921281252,0.02,0.98,NA,0.130244055,0.108559283,0.24272768,0.026349245,1.206583437,0.026286892,1.101279554
Study1_recovery,MFAC,moderate_g2_q1,79,300,0.1,0.1,2,1,TRUE,1,153,-941.6492084,1981.298417,2162.783758,2053.039396,0.019486519,501.91,0.960267547,0.01,0.99,NA,0.067559622,0.048752383,0.403136743,NA,NA,NA,NA
Study1_recovery,MCNFAC,moderate_g2_q1,79,300,0.1,0.1,2,1,TRUE,1,253,-888.144397,1882.288794,2078.589265,1959.88618,0.019631594,594.21,0.973422518,0.006666667,0.993333333,NA,0.100748156,0.078160042,0.108966981,0.103738421,1.169024938,0.103736828,0.922931081
Study1_recovery,MFAC,moderate_g2_q1,80,300,0.1,0.1,2,1,TRUE,1,396,-1002.906287,2103.812573,2285.297915,2175.553552,0.017874946,1224.22,0.986665947,0.003333333,0.996666667,NA,0.20063673,0.140795682,0.673823645,NA,NA,NA,NA
Study1_recovery,MCNFAC,moderate_g2_q1,80,300,0.1,0.1,2,1,TRUE,1,285,-912.5258927,1931.051785,2127.352257,2008.649171,0.019518999,454.93,1,0,1,NA,0.172922183,0.116313684,0.095965874,0.045663141,1.67245562,0.033635531,1.260072049
Study1_recovery,MFAC,moderate_g2_q1,1,300,0.2,0.2,2,1,TRUE,1,100,-924.4428447,1946.885689,2128.371031,2018.626669,0.029681957,484.05,0.960249579,0.01,0.99,NA,0.167430205,0.104866907,0.50137691,NA,NA,NA,NA
Study1_recovery,MCNFAC,moderate_g2_q1,1,300,0.2,0.2,2,1,TRUE,1,226,-882.3261104,1870.652221,2066.952692,1948.249606,0.026698057,716.08,0.973411622,0.006666667,0.993333333,NA,0.123963996,0.091885767,0.085626977,0.057293431,1.771373166,0.056728525,1.400471976
Study1_recovery,MFAC,moderate_g2_q1,2,300,0.2,0.2,2,1,TRUE,1,85,-908.6433678,1915.286736,2096.772077,1987.027715,0.0141247,319.74,0.960266124,0.01,0.99,NA,0.13725793,0.10135143,0.717724244,NA,NA,NA,NA
Study1_recovery,MCNFAC,moderate_g2_q1,2,300,0.2,0.2,2,1,TRUE,1,183,-875.8809987,1857.761997,2054.062469,1935.359383,0.017919616,516.37,0.960266124,0.01,0.99,NA,0.112014571,0.077062391,0.121654696,0.043581958,2.885040482,0.039092269,2.782434541
Study1_recovery,MFAC,moderate_g2_q1,3,300,0.2,0.2,2,1,TRUE,1,102,-938.716514,1975.433028,2156.918369,2047.174007,0.032822691,380.48,0.934201203,0.016666667,0.983333333,NA,0.174839261,0.123192732,0.674562278,NA,NA,NA,NA
Study1_recovery,MCNFAC,moderate_g2_q1,3,300,0.2,0.2,2,1,TRUE,1,154,-881.1071185,1868.214237,2064.514708,1945.811623,0.030680337,567.25,0.883159595,0.03,0.97,NA,0.13638131,0.098457368,0.137173494,0.036836353,1.968434216,0.036270704,1.902804308
Study1_recovery,MFAC,moderate_g2_q1,4,300,0.2,0.2,2,1,TRUE,1,172,-967.3022839,2032.604568,2214.089909,2104.345547,0.023779908,612.73,0.947200303,0.013333333,0.986666667,NA,0.169574235,0.106007946,0.55211863,NA,NA,NA,NA
Study1_recovery,MCNFAC,moderate_g2_q1,4,300,0.2,0.2,2,1,TRUE,1,309,-923.6047597,1953.209519,2149.50999,2030.806905,0.025799899,1047.41,0.934223707,0.016666667,0.983333333,NA,0.163981555,0.106525557,0.081388492,0.077110175,1.319747893,0.073701839,1.287223454
Study1_recovery,MFAC,moderate_g2_q1,5,300,0.2,0.2,2,1,TRUE,1,179,-952.2292317,2002.458463,2183.943805,2074.199443,0.021247425,708.69,0.947187824,0.013333333,0.986666667,NA,0.094065716,0.077747305,0.199693033,NA,NA,NA,NA
Study1_recovery,MCNFAC,moderate_g2_q1,5,300,0.2,0.2,2,1,TRUE,1,163,-903.362944,1912.725888,2109.026359,1990.323274,0.020695813,586.02,0.947187824,0.013333333,0.986666667,NA,0.095342626,0.076021483,0.133473318,0.03666789,0.639715272,0.034918713,0.638919079
Study1_recovery,MFAC,moderate_g2_q1,6,300,0.2,0.2,2,1,TRUE,1,175,-974.4734314,2046.946863,2228.432204,2118.687842,0.02343056,635.95,0.947195357,0.013333333,0.986666667,NA,0.170894844,0.104611336,0.866071825,NA,NA,NA,NA
Study1_recovery,MCNFAC,moderate_g2_q1,6,300,0.2,0.2,2,1,TRUE,1,201,-902.2013334,1910.402667,2106.703138,1988.000052,0.020984939,698.62,0.960263468,0.01,0.99,NA,0.186305529,0.135642372,0.086512978,0.011411642,1.622837139,0.008495679,1.527743816
Study1_recovery,MFAC,moderate_g2_q1,7,300,0.2,0.2,2,1,TRUE,1,112,-1032.697394,2163.394788,2344.880129,2235.135767,0.021914938,424.81,0.960267355,0.01,0.99,NA,0.190761615,0.152268384,1.481418374,NA,NA,NA,NA
Study1_recovery,MCNFAC,moderate_g2_q1,7,300,0.2,0.2,2,1,TRUE,1,196,-958.9950109,2023.990022,2220.290493,2101.587407,0.024468168,691.57,0.973422289,0.006666667,0.993333333,NA,0.211068401,0.149526756,0.09907536,0.033342234,0.729256952,0.030786317,0.712212019
Study1_recovery,MFAC,moderate_g2_q1,8,300,0.2,0.2,2,1,TRUE,1,133,-970.316148,2038.632296,2220.117637,2110.373275,0.037458823,486.09,0.947175554,0.013333333,0.986666667,NA,0.210186862,0.151946051,0.670317043,NA,NA,NA,NA
Study1_recovery,MCNFAC,moderate_g2_q1,8,300,0.2,0.2,2,1,TRUE,1,320,-915.4490589,1936.898118,2133.198589,2014.495503,0.033364063,1125.09,0.973411622,0.006666667,0.993333333,NA,0.227189364,0.143763605,0.087049803,0.03648335,1.450567575,0.035455037,1.348006363
Study1_recovery,MFAC,moderate_g2_q1,9,300,0.2,0.2,2,1,TRUE,1,80,-1004.517067,2107.034134,2288.519475,2178.775113,0.023721254,297.08,0.934115036,0.016666667,0.983333333,NA,0.140051352,0.089966859,0.595727577,NA,NA,NA,NA
Study1_recovery,MCNFAC,moderate_g2_q1,9,300,0.2,0.2,2,1,TRUE,1,185,-953.2396822,2012.479364,2208.779836,2090.07675,0.029293349,706.38,0.934129977,0.016666667,0.983333333,NA,0.16544662,0.114465112,0.180308542,0.09996896,0.913035936,0.092807265,0.727590484
Study1_recovery,MFAC,moderate_g2_q1,10,300,0.2,0.2,2,1,TRUE,1,75,-968.0777665,2034.155533,2215.640874,2105.896512,0.020247366,272.5,0.986666636,0.003333333,0.996666667,NA,0.119484063,0.095161219,0.861049369,NA,NA,NA,NA
Study1_recovery,MCNFAC,moderate_g2_q1,10,300,0.2,0.2,2,1,TRUE,1,226,-894.5988604,1895.197721,2091.498192,1972.795106,0.02377266,805.81,0.986666636,0.003333333,0.996666667,NA,0.124249472,0.094616254,0.14036177,0.029423784,1.050332627,0.029401381,1.023202035
Study1_recovery,MFAC,moderate_g2_q1,11,300,0.2,0.2,2,1,TRUE,1,81,-1008.319624,2114.639247,2296.124589,2186.380227,0.039606456,288.14,0.973422505,0.006666667,0.993333333,NA,0.202218369,0.150504515,0.838509526,NA,NA,NA,NA
Study1_recovery,MCNFAC,moderate_g2_q1,11,300,0.2,0.2,2,1,TRUE,1,192,-948.4646195,2002.929239,2199.22971,2080.526625,0.033844898,705.81,0.960267468,0.01,0.99,NA,0.105800529,0.08568072,0.050438201,0.031351534,1.371394044,0.027663095,1.293200593
Study1_recovery,MFAC,moderate_g2_q1,12,300,0.2,0.2,2,1,TRUE,1,233,-1016.416207,2130.832414,2312.317755,2202.573393,0.03869666,762.39,0.921330742,0.02,0.98,NA,0.15148812,0.100887028,0.950472013,NA,NA,NA,NA
Study1_recovery,MCNFAC,moderate_g2_q1,12,300,0.2,0.2,2,1,TRUE,1,271,-939.8725416,1985.745083,2182.045554,2063.342469,0.038485625,950.57,0.934220128,0.016666667,0.983333333,NA,0.07642721,0.057604616,0.110566433,0.050979705,1.16290965,0.046612874,1.126515933
Study1_recovery,MFAC,moderate_g2_q1,13,300,0.2,0.2,2,1,TRUE,1,226,-1017.819863,2133.639727,2315.125068,2205.380706,0.024523175,759.1,0.895830189,0.026666667,0.973333333,NA,0.195083514,0.146213776,1.023589484,NA,NA,NA,NA
Study1_recovery,MCNFAC,moderate_g2_q1,13,300,0.2,0.2,2,1,TRUE,1,279,-949.7121285,2005.424257,2201.724728,2083.021643,0.027291584,992.98,0.895830189,0.026666667,0.973333333,NA,0.123414448,0.098352806,0.142167371,0.065897163,0.15673595,0.053218369,0.152733697
Study1_recovery,MFAC,moderate_g2_q1,14,300,0.2,0.2,2,1,TRUE,1,166,-906.7855684,1911.571137,2093.056478,1983.312116,0.019788467,548.65,0.883189112,0.03,0.97,NA,0.191372131,0.131177914,1.180897591,NA,NA,NA,NA
Study1_recovery,MCNFAC,moderate_g2_q1,14,300,0.2,0.2,2,1,TRUE,1,293,-853.3131836,1812.626367,2008.926838,1890.223753,0.018011336,1047.64,0.883189112,0.03,0.97,NA,0.128074945,0.088214231,0.120370516,0.026156994,1.321418474,0.021133173,1.117403297
Study1_recovery,MFAC,moderate_g2_q1,15,300,0.2,0.2,2,1,TRUE,1,75,-964.8378226,2027.675645,2209.160987,2099.416624,0.025055091,265.67,0.934173745,0.016666667,0.983333333,NA,0.243025179,0.143547572,0.826235922,NA,NA,NA,NA
Study1_recovery,MCNFAC,moderate_g2_q1,15,300,0.2,0.2,2,1,TRUE,1,171,-897.3231583,1900.646317,2096.946788,1978.243702,0.022371549,599.28,0.934173745,0.016666667,0.983333333,NA,0.198302608,0.133857517,0.139502203,0.018839568,0.891202814,0.015996266,0.632990437
Study1_recovery,MFAC,moderate_g2_q1,16,300,0.2,0.2,2,1,TRUE,1,147,-1010.654699,2119.309397,2300.794738,2191.050376,0.031712098,504.77,0.9472018,0.013333333,0.986666667,NA,0.10730362,0.088803765,0.93683696,NA,NA,NA,NA
Study1_recovery,MCNFAC,moderate_g2_q1,16,300,0.2,0.2,2,1,TRUE,1,158,-921.2873344,1948.574669,2144.87514,2026.172054,0.023733929,553.56,0.9472018,0.013333333,0.986666667,NA,0.135877076,0.09956489,0.20197532,0.018578517,1.814547038,0.013380132,1.72472356
Study1_recovery,MFAC,moderate_g2_q1,17,300,0.2,0.2,2,1,TRUE,1,96,-992.1515996,2082.303199,2263.78854,2154.044178,0.026535987,323.69,0.934195432,0.016666667,0.983333333,NA,0.178801144,0.121362003,0.858996826,NA,NA,NA,NA
Study1_recovery,MCNFAC,moderate_g2_q1,17,300,0.2,0.2,2,1,TRUE,1,226,-927.2277094,1960.455419,2156.75589,2038.052804,0.021245319,805.06,0.960249579,0.01,0.99,NA,0.101060752,0.087422811,0.048294189,0.009660109,0.518509397,0.008161925,0.41503768
Study1_recovery,MFAC,moderate_g2_q1,18,300,0.2,0.2,2,1,TRUE,1,184,-1010.34973,2118.69946,2300.184801,2190.440439,0.027358252,634.11,0.960142779,0.01,0.99,NA,0.184549725,0.125832211,0.791587705,NA,NA,NA,NA
Study1_recovery,MCNFAC,moderate_g2_q1,18,300,0.2,0.2,2,1,TRUE,1,286,-957.6107207,2021.221441,2217.521913,2098.818827,0.025420572,933.69,0.986629333,0.003333333,0.996666667,NA,0.100432091,0.077376151,0.058189998,0.061371336,0.340744232,0.059813382,0.282595003
Study1_recovery,MFAC,moderate_g2_q1,19,300,0.2,0.2,2,1,TRUE,1,154,-945.9394351,1989.87887,2171.364212,2061.619849,0.022939673,537.56,0.973368068,0.006666667,0.993333333,NA,0.147708693,0.089063679,0.719688623,NA,NA,NA,NA
Study1_recovery,MCNFAC,moderate_g2_q1,19,300,0.2,0.2,2,1,TRUE,1,144,-895.3715931,1896.743186,2093.043657,1974.340572,0.021666497,443.53,0.960191383,0.01,0.99,NA,0.137617579,0.093496249,0.192317717,0.060423559,1.706880555,0.05088046,1.243029809
Study1_recovery,MFAC,moderate_g2_q1,20,300,0.2,0.2,2,1,TRUE,1,161,-994.6700027,2087.340005,2268.825347,2159.080984,0.031054061,556.05,0.947201813,0.013333333,0.986666667,NA,0.173155809,0.099600049,0.855913183,NA,NA,NA,NA
Study1_recovery,MCNFAC,moderate_g2_q1,20,300,0.2,0.2,2,1,TRUE,1,203,-924.6537032,1955.307406,2151.607878,2032.904792,0.029874568,611.87,0.973422497,0.006666667,0.993333333,NA,0.112457515,0.080580171,0.041463871,0.016835192,0.317862664,0.013757705,0.242482174
Study1_recovery,MFAC,moderate_g2_q1,21,300,0.2,0.2,2,1,TRUE,1,102,-932.0080699,1962.01614,2143.501481,2033.757119,0.034413707,375.93,0.921316995,0.02,0.98,NA,0.158908437,0.121738108,0.324154357,NA,NA,NA,NA
Study1_recovery,MCNFAC,moderate_g2_q1,21,300,0.2,0.2,2,1,TRUE,1,292,-866.9117739,1839.823548,2036.124019,1917.420933,0.031264202,1063.1,0.960260213,0.01,0.99,NA,0.168897926,0.134948326,0.147348959,0.045512796,1.273795916,0.044793957,1.060425001
Study1_recovery,MFAC,moderate_g2_q1,22,300,0.2,0.2,2,1,TRUE,1,102,-956.456984,2010.913968,2192.399309,2082.654947,0.026208504,378.14,0.947197051,0.013333333,0.986666667,NA,0.094244331,0.059416638,0.857593945,NA,NA,NA,NA
Study1_recovery,MCNFAC,moderate_g2_q1,22,300,0.2,0.2,2,1,TRUE,1,226,-886.0773801,1878.15476,2074.455231,1955.752146,0.030737999,836.3,0.960264498,0.01,0.99,NA,0.073072983,0.053639222,0.056429509,0.015748341,1.319375251,0.015679424,1.250603993
Study1_recovery,MFAC,moderate_g2_q1,23,300,0.2,0.2,2,1,TRUE,1,141,-940.8298435,1979.659687,2161.145028,2051.400666,0.020513868,517.04,0.947195357,0.013333333,0.986666667,NA,0.244308714,0.196411584,0.628372209,NA,NA,NA,NA
Study1_recovery,MCNFAC,moderate_g2_q1,23,300,0.2,0.2,2,1,TRUE,1,247,-890.9739798,1887.94796,2084.248431,1965.545345,0.02005663,904.53,0.934215879,0.016666667,0.983333333,NA,0.192599776,0.147588456,0.24504831,0.032664227,0.764698659,0.024668385,0.613386728
Study1_recovery,MFAC,moderate_g2_q1,24,300,0.2,0.2,2,1,TRUE,1,200,-994.4321964,2086.864393,2268.349734,2158.605372,0.029531221,720.56,0.947163991,0.013333333,0.986666667,NA,0.306295859,0.250967834,1.039874739,NA,NA,NA,NA
Study1_recovery,MCNFAC,moderate_g2_q1,24,300,0.2,0.2,2,1,TRUE,1,230,-948.3208661,2002.641732,2198.942203,2080.239118,0.028463404,890.22,0.934189134,0.016666667,0.983333333,NA,0.278960056,0.203402485,0.112527002,0.06061875,1.294421715,0.060560801,1.275904991
Study1_recovery,MFAC,moderate_g2_q1,25,300,0.2,0.2,2,1,TRUE,1,193,-957.9126164,2013.825233,2195.310574,2085.566212,0.032126486,871.34,0.908532531,0.023333333,0.976666667,NA,0.184962852,0.116838561,0.631828097,NA,NA,NA,NA
Study1_recovery,MCNFAC,moderate_g2_q1,25,300,0.2,0.2,2,1,TRUE,1,151,-888.5997985,1883.199597,2079.500068,1960.796983,0.035083148,596.06,0.895823896,0.026666667,0.973333333,NA,0.138352287,0.086455061,0.076483519,0.040090034,1.380555455,0.03906646,1.329137332
Study1_recovery,MFAC,moderate_g2_q1,26,300,0.2,0.2,2,1,TRUE,1,207,-969.048095,2036.09619,2217.581531,2107.837169,0.027763928,731.01,0.934224106,0.016666667,0.983333333,NA,0.25180976,0.170212868,0.722582322,NA,NA,NA,NA
Study1_recovery,MCNFAC,moderate_g2_q1,26,300,0.2,0.2,2,1,TRUE,1,305,-896.033649,1898.067298,2094.367769,1975.664684,0.023523445,1151.19,0.934224106,0.016666667,0.983333333,NA,0.231406055,0.164987917,0.054867195,0.047770916,2.691737088,0.047756206,2.508714186
Study1_recovery,MFAC,moderate_g2_q1,27,300,0.2,0.2,2,1,TRUE,1,202,-1030.06285,2158.1257,2339.611041,2229.866679,0.021761466,813.5,0.96026666,0.01,0.99,NA,0.083530909,0.062212678,1.076150472,NA,NA,NA,NA
Study1_recovery,MCNFAC,moderate_g2_q1,27,300,0.2,0.2,2,1,TRUE,1,235,-949.5753014,2005.150603,2201.451074,2082.747988,0.028108899,959.03,0.94720133,0.013333333,0.986666667,NA,0.090868227,0.063494717,0.181282477,0.016817977,1.604822069,0.016733518,1.477521494
Study1_recovery,MFAC,moderate_g2_q1,28,300,0.2,0.2,2,1,TRUE,1,103,-918.0195627,1934.039125,2115.524467,2005.780105,0.033592643,388.57,0.895827513,0.026666667,0.973333333,NA,0.223319618,0.156885347,0.369666856,NA,NA,NA,NA
Study1_recovery,MCNFAC,moderate_g2_q1,28,300,0.2,0.2,2,1,TRUE,1,276,-867.9204589,1841.840918,2038.141389,1919.438303,0.03186358,1011.09,0.921335502,0.02,0.98,NA,0.243351702,0.16135445,0.073604348,0.053776942,0.985314255,0.052222905,0.708463742
Study1_recovery,MFAC,moderate_g2_q1,29,300,0.2,0.2,2,1,TRUE,1,65,-993.5806499,2085.1613,2266.646641,2156.902279,0.031457813,245.33,0.89582121,0.026666667,0.973333333,NA,0.225003392,0.159266461,0.749530074,NA,NA,NA,NA
Study1_recovery,MCNFAC,moderate_g2_q1,29,300,0.2,0.2,2,1,TRUE,1,360,-934.1956417,1974.391283,2170.691754,2051.988669,0.029603509,1298.81,0.921328093,0.02,0.98,NA,0.154454616,0.107076741,0.301180349,0.244111174,1.52345709,0.193544802,1.356956487
Study1_recovery,MFAC,moderate_g2_q1,30,300,0.2,0.2,2,1,TRUE,1,157,-979.9313248,2057.86265,2239.347991,2129.603629,0.027700246,609.56,0.973418242,0.006666667,0.993333333,NA,0.130799948,0.106613058,0.8033635,NA,NA,NA,NA
Study1_recovery,MCNFAC,moderate_g2_q1,30,300,0.2,0.2,2,1,TRUE,1,230,-912.8935823,1931.787165,2128.087636,2009.38455,0.028860104,956.01,0.960261931,0.01,0.99,NA,0.138519638,0.107580578,0.073955591,0.100494054,2.441993814,0.076802463,2.415604529
Study1_recovery,MFAC,moderate_g2_q1,31,300,0.2,0.2,2,1,TRUE,1,224,-939.4907078,1976.981416,2158.466757,2048.722395,0.03539779,860.81,0.934213273,0.016666667,0.983333333,NA,0.179583688,0.130795774,0.403401873,NA,NA,NA,NA
Study1_recovery,MCNFAC,moderate_g2_q1,31,300,0.2,0.2,2,1,TRUE,1,216,-888.8398064,1883.679613,2079.980084,1961.276998,0.036186496,875.5,0.960261931,0.01,0.99,NA,0.178460211,0.133806977,0.123738038,0.047802655,0.600231938,0.044214717,0.567993999
Study1_recovery,MFAC,moderate_g2_q1,32,300,0.2,0.2,2,1,TRUE,1,129,-948.9946078,1995.989216,2177.474557,2067.730195,0.024438402,493.8,0.947200472,0.013333333,0.986666667,NA,0.207010579,0.155541101,0.604838765,NA,NA,NA,NA
Study1_recovery,MCNFAC,moderate_g2_q1,32,300,0.2,0.2,2,1,TRUE,1,152,-870.0458299,1846.09166,2042.392131,1923.689045,0.021096353,637.25,0.921334367,0.02,0.98,NA,0.125216797,0.098879476,0.150028781,0.018230573,1.749014685,0.015638933,1.46261227
Study1_recovery,MFAC,moderate_g2_q1,33,300,0.2,0.2,2,1,TRUE,1,165,-976.2765551,2050.55311,2232.038452,2122.294089,0.033310528,636.32,0.908498646,0.023333333,0.976666667,NA,0.082842044,0.064404381,0.734047436,NA,NA,NA,NA
Study1_recovery,MCNFAC,moderate_g2_q1,33,300,0.2,0.2,2,1,TRUE,1,251,-900.3280356,1906.656071,2102.956542,1984.253457,0.039044275,1005.47,0.895788083,0.026666667,0.973333333,NA,0.126213242,0.088207148,0.126172866,0.023263595,2.243686999,0.021898108,1.674540719
Study1_recovery,MFAC,moderate_g2_q1,34,300,0.2,0.2,2,1,TRUE,1,99,-980.6871354,2059.374271,2240.859612,2131.11525,0.032787787,425.58,0.934225175,0.016666667,0.983333333,NA,0.142204392,0.102404645,0.884196254,NA,NA,NA,NA
Study1_recovery,MCNFAC,moderate_g2_q1,34,300,0.2,0.2,2,1,TRUE,1,246,-906.1295626,1918.259125,2114.559596,1995.856511,0.037810667,1023.39,0.921337836,0.02,0.98,NA,0.157475801,0.120424737,0.150878223,0.025870236,2.330362679,0.024569672,2.224510889
Study1_recovery,MFAC,moderate_g2_q1,35,300,0.2,0.2,2,1,TRUE,1,157,-982.1646158,2062.329232,2243.814573,2134.070211,0.030083343,619.6,0.934224888,0.016666667,0.983333333,NA,0.147581634,0.120491852,0.763256142,NA,NA,NA,NA
Study1_recovery,MCNFAC,moderate_g2_q1,35,300,0.2,0.2,2,1,TRUE,1,178,-905.7488433,1917.497687,2113.798158,1995.095072,0.02885753,730.51,0.934225045,0.016666667,0.983333333,NA,0.122582065,0.094004017,0.234172761,0.055374529,1.78823895,0.050315404,1.341076744
Study1_recovery,MFAC,moderate_g2_q1,36,300,0.2,0.2,2,1,TRUE,1,124,-996.1095523,2090.219105,2271.704446,2161.960084,0.023395514,483.41,0.934213035,0.016666667,0.983333333,NA,0.157008465,0.116856455,0.937411838,NA,NA,NA,NA
Study1_recovery,MCNFAC,moderate_g2_q1,36,300,0.2,0.2,2,1,TRUE,1,250,-941.7355877,1989.471175,2185.771647,2067.068561,0.026856816,1062.35,0.973418242,0.006666667,0.993333333,NA,0.177798549,0.128476539,0.169680405,0.067269374,0.942575604,0.06680873,0.895280099
Study1_recovery,MFAC,moderate_g2_q1,37,300,0.2,0.2,2,1,TRUE,1,220,-944.2807119,1986.561424,2168.046765,2058.302403,0.025458384,874.43,0.947190692,0.013333333,0.986666667,NA,0.123842692,0.088555647,1.048766506,NA,NA,NA,NA
Study1_recovery,MCNFAC,moderate_g2_q1,37,300,0.2,0.2,2,1,TRUE,1,257,-889.183846,1884.367692,2080.668163,1961.965078,0.02546065,816.28,0.947190692,0.013333333,0.986666667,NA,0.126534464,0.092049283,0.114855901,0.036273724,0.908165318,0.036078715,0.878278459
Study1_recovery,MFAC,moderate_g2_q1,38,300,0.2,0.2,2,1,TRUE,1,199,-1038.63171,2175.26342,2356.748761,2247.004399,0.02519071,780.35,0.947045082,0.013333333,0.986666667,NA,0.140833953,0.114340948,1.143209016,NA,NA,NA,NA
Study1_recovery,MCNFAC,moderate_g2_q1,38,300,0.2,0.2,2,1,TRUE,1,155,-970.9896603,2047.979321,2244.279792,2125.576706,0.029804161,530.7,0.947025395,0.013333333,0.986666667,NA,0.105906596,0.074929076,0.042737048,0.029967126,0.77059435,0.029402392,0.765533283
Study1_recovery,MFAC,moderate_g2_q1,39,300,0.2,0.2,2,1,TRUE,1,186,-983.4607625,2064.921525,2246.406866,2136.662504,0.024145914,609.81,0.947190791,0.013333333,0.986666667,NA,0.149874134,0.10982417,0.839688678,NA,NA,NA,NA
Study1_recovery,MCNFAC,moderate_g2_q1,39,300,0.2,0.2,2,1,TRUE,1,191,-897.9125286,1901.825057,2098.125528,1979.422443,0.030542289,704.08,0.934209892,0.016666667,0.983333333,NA,0.110683212,0.080044785,0.125488062,0.061658567,5.081520711,0.061395785,5.065049864
Study1_recovery,MFAC,moderate_g2_q1,40,300,0.2,0.2,2,1,TRUE,1,189,-911.6924155,1921.384831,2102.870172,1993.12581,0.020027203,622.09,0.947184332,0.013333333,0.986666667,NA,0.242554234,0.147316519,0.583601062,NA,NA,NA,NA
Study1_recovery,MCNFAC,moderate_g2_q1,40,300,0.2,0.2,2,1,TRUE,1,356,-880.7238298,1867.44766,2063.748131,1945.045045,0.0202926,1275.57,0.93420561,0.016666667,0.983333333,NA,0.169177687,0.116096235,0.108069065,0.03806145,2.305007648,0.036034459,2.244960373
Study1_recovery,MFAC,moderate_g2_q1,41,300,0.2,0.2,2,1,TRUE,1,189,-946.976741,1991.953482,2173.438823,2063.694461,0.048665493,611.31,0.858212366,0.036666667,0.963333333,NA,0.187070843,0.136500953,0.537564964,NA,NA,NA,NA
Study1_recovery,MCNFAC,moderate_g2_q1,41,300,0.2,0.2,2,1,TRUE,1,192,-894.2956778,1894.591356,2090.891827,1972.188741,0.042177801,670.23,0.870664304,0.033333333,0.966666667,NA,0.188150432,0.143072241,0.124433194,0.021263327,1.40668169,0.021177349,1.405785061
Study1_recovery,MFAC,moderate_g2_q1,42,300,0.2,0.2,2,1,TRUE,1,145,-947.1812145,1992.362429,2173.84777,2064.103408,0.030165881,473.95,0.921271083,0.02,0.98,NA,0.22280941,0.146852953,0.78554662,NA,NA,NA,NA
Study1_recovery,MCNFAC,moderate_g2_q1,42,300,0.2,0.2,2,1,TRUE,1,230,-894.4496392,1894.899278,2091.19975,1972.496664,0.032048261,811.05,0.921271083,0.02,0.98,NA,0.152228842,0.100325659,0.085415258,0.041202353,0.968665031,0.032888798,0.864244845
Study1_recovery,MFAC,moderate_g2_q1,43,300,0.2,0.2,2,1,TRUE,1,78,-956.077579,2010.155158,2191.640499,2081.896137,0.031593284,248.3,0.973422486,0.006666667,0.993333333,NA,0.097462023,0.074162723,0.444747266,NA,NA,NA,NA
Study1_recovery,MCNFAC,moderate_g2_q1,43,300,0.2,0.2,2,1,TRUE,1,190,-898.5823735,1903.164747,2099.465218,1980.762133,0.033047204,660.18,0.960267547,0.01,0.99,NA,0.072784829,0.053247717,0.050461542,0.041457215,0.347801691,0.039140334,0.340858373
Study1_recovery,MFAC,moderate_g2_q1,44,300,0.2,0.2,2,1,TRUE,1,111,-981.640061,2061.280122,2242.765463,2133.021101,0.027673857,429.29,0.934221644,0.016666667,0.983333333,NA,0.098362453,0.073308911,0.528591557,NA,NA,NA,NA
Study1_recovery,MCNFAC,moderate_g2_q1,44,300,0.2,0.2,2,1,TRUE,1,167,-895.7942377,1897.588475,2093.888946,1975.185861,0.024060817,589.06,0.947199421,0.013333333,0.986666667,NA,0.061017302,0.047534526,0.095805313,0.029309023,2.647038101,0.026394389,2.110082797
Study1_recovery,MFAC,moderate_g2_q1,45,300,0.2,0.2,2,1,TRUE,1,124,-999.987607,2097.975214,2279.460555,2169.716193,0.04474979,469.52,0.845835348,0.04,0.96,NA,0.226438762,0.185301346,0.660154968,NA,NA,NA,NA
Study1_recovery,MCNFAC,moderate_g2_q1,45,300,0.2,0.2,2,1,TRUE,1,264,-936.9452796,1979.890559,2176.19103,2057.487945,0.043775865,943.27,0.870645588,0.033333333,0.966666667,NA,0.198286299,0.148513043,0.061959172,0.047700183,1.193116491,0.044813024,1.168742249
Study1_recovery,MFAC,moderate_g2_q1,46,300,0.2,0.2,2,1,TRUE,1,163,-969.2201641,2036.440328,2217.925669,2108.181307,0.022673164,542.64,1,0,1,NA,0.126983796,0.084844584,0.737759821,NA,NA,NA,NA
Study1_recovery,MCNFAC,moderate_g2_q1,46,300,0.2,0.2,2,1,TRUE,1,218,-901.9133432,1909.826686,2106.127158,1987.424072,0.021040868,805.75,0.986664202,0.003333333,0.996666667,NA,0.128914801,0.076422339,0.039870477,0.019729032,1.800913191,0.015561462,1.39040498
Study1_recovery,MFAC,moderate_g2_q1,47,300,0.2,0.2,2,1,TRUE,1,165,-986.8531297,2071.706259,2253.191601,2143.447238,0.019711673,646.96,0.895828817,0.026666667,0.973333333,NA,0.176861791,0.132653308,0.768201349,NA,NA,NA,NA
Study1_recovery,MCNFAC,moderate_g2_q1,47,300,0.2,0.2,2,1,TRUE,1,263,-926.4945099,1958.98902,2155.289491,2036.586406,0.032871125,975.27,0.89582992,0.026666667,0.973333333,NA,0.148783498,0.1123204,0.150341574,0.054304334,1.172063824,0.041973528,1.152294458
Study1_recovery,MFAC,moderate_g2_q1,48,300,0.2,0.2,2,1,TRUE,1,238,-1002.426295,2102.852591,2284.337932,2174.59357,0.018472047,858.03,0.986657897,0.003333333,0.996666667,NA,0.152188601,0.11107503,1.115813369,NA,NA,NA,NA
Study1_recovery,MCNFAC,moderate_g2_q1,48,300,0.2,0.2,2,1,TRUE,1,479,-914.7873543,1935.574709,2131.87518,2013.172094,0.018176278,1672.32,0.986659357,0.003333333,0.996666667,NA,0.119301896,0.093075167,0.142841246,0.155067968,3.146715798,0.122166526,2.912431269
Study1_recovery,MFAC,moderate_g2_q1,49,300,0.2,0.2,2,1,TRUE,1,194,-931.973977,1961.947954,2143.433295,2033.688933,0.037078531,727.06,0.960267188,0.01,0.99,NA,0.213929237,0.140414986,0.35267161,NA,NA,NA,NA
Study1_recovery,MCNFAC,moderate_g2_q1,49,300,0.2,0.2,2,1,TRUE,1,307,-865.7795808,1837.559162,2033.859633,1915.156547,0.033441631,1149.59,0.960267188,0.01,0.99,NA,0.214115751,0.134635725,0.156881595,0.039224725,0.578219297,0.034440186,0.578069118
Study1_recovery,MFAC,moderate_g2_q1,50,300,0.2,0.2,2,1,TRUE,1,143,-970.5011764,2039.002353,2220.487694,2110.743332,0.019525316,505.53,0.947201771,0.013333333,0.986666667,NA,0.13295303,0.088629952,0.717565112,NA,NA,NA,NA
Study1_recovery,MCNFAC,moderate_g2_q1,50,300,0.2,0.2,2,1,TRUE,1,163,-908.9445914,1923.889183,2120.189654,2001.486568,0.020946199,590.9,0.973422497,0.006666667,0.993333333,NA,0.085914311,0.065301839,0.05816481,0.056741199,3.190932,0.047714945,2.301189126
Study1_recovery,MFAC,moderate_g2_q1,51,300,0.2,0.2,2,1,TRUE,1,151,-994.1606491,2086.321298,2267.806639,2158.062277,0.036828094,533.5,0.921337029,0.02,0.98,NA,0.289496771,0.223276053,0.919509763,NA,NA,NA,NA
Study1_recovery,MCNFAC,moderate_g2_q1,51,300,0.2,0.2,2,1,TRUE,1,224,-919.9897337,1945.979467,2142.279939,2023.576853,0.029265923,814.6,0.921337029,0.02,0.98,NA,0.163109447,0.126221862,0.074737384,0.083730213,1.744718671,0.073054021,1.620813694
Study1_recovery,MFAC,moderate_g2_q1,52,300,0.2,0.2,2,1,TRUE,1,192,-900.9749866,1899.949973,2081.435314,1971.690952,0.027845878,674.26,0.934225261,0.016666667,0.983333333,NA,0.109470618,0.082604469,0.627915696,NA,NA,NA,NA
Study1_recovery,MCNFAC,moderate_g2_q1,52,300,0.2,0.2,2,1,TRUE,1,272,-856.1387966,1818.277593,2014.578064,1895.874979,0.027522802,940.08,0.934225204,0.016666667,0.983333333,NA,0.125158045,0.093485366,0.099829961,0.054523146,2.238217522,0.050619032,2.233813179
Study1_recovery,MFAC,moderate_g2_q1,53,300,0.2,0.2,2,1,TRUE,1,52,-1032.801116,2163.602232,2345.087574,2235.343211,0.034622838,197.95,0.883210785,0.03,0.97,NA,0.22281344,0.154164266,1.062175761,NA,NA,NA,NA
Study1_recovery,MCNFAC,moderate_g2_q1,53,300,0.2,0.2,2,1,TRUE,1,163,-936.4219934,1978.843987,2175.144458,2056.441372,0.035244003,593.66,0.960267437,0.01,0.99,NA,0.118519197,0.087482452,0.037825145,0.035083025,3.159750019,0.034007089,3.146691427
Study1_recovery,MFAC,moderate_g2_q1,54,300,0.2,0.2,2,1,TRUE,1,170,-925.9488906,1949.897781,2131.383122,2021.63876,0.041347024,599.57,0.908407175,0.023333333,0.976666667,NA,0.126955015,0.097931793,0.735831733,NA,NA,NA,NA
Study1_recovery,MCNFAC,moderate_g2_q1,54,300,0.2,0.2,2,1,TRUE,1,411,-876.6244941,1859.248988,2055.549459,1936.846374,0.033577312,1345.11,0.908388729,0.023333333,0.976666667,NA,0.195086719,0.126378695,0.10691346,0.124963202,1.480647694,0.124391761,1.182211806
Study1_recovery,MFAC,moderate_g2_q1,55,300,0.2,0.2,2,1,TRUE,1,190,-969.15268,2036.30536,2217.790701,2108.046339,0.025715246,675.97,0.934209633,0.016666667,0.983333333,NA,0.218953277,0.151242272,0.736260581,NA,NA,NA,NA
Study1_recovery,MCNFAC,moderate_g2_q1,55,300,0.2,0.2,2,1,TRUE,1,230,-932.4928361,1970.985672,2167.286143,2048.583058,0.029088096,722.57,0.934209633,0.016666667,0.983333333,NA,0.147631235,0.108291474,0.169818521,0.024427868,2.176912209,0.023843011,1.6580587
Study1_recovery,MFAC,moderate_g2_q1,56,300,0.2,0.2,2,1,TRUE,1,194,-1049.577839,2197.155677,2378.641018,2268.896656,0.029365944,680.57,0.973422298,0.006666667,0.993333333,NA,0.177646221,0.139311608,0.908055886,NA,NA,NA,NA
Study1_recovery,MCNFAC,moderate_g2_q1,56,300,0.2,0.2,2,1,TRUE,1,387,-952.1555211,2010.311042,2206.611513,2087.908428,0.024408762,1027.33,0.973422298,0.006666667,0.993333333,NA,0.180551686,0.117031747,0.070409969,0.041674786,3.669035468,0.038854207,3.410604604
Study1_recovery,MFAC,moderate_g2_q1,57,300,0.2,0.2,2,1,TRUE,1,168,-942.5748963,1983.149793,2164.635134,2054.890772,0.032644731,580.72,0.90828446,0.023333333,0.976666667,NA,0.101931908,0.078785004,0.576589522,NA,NA,NA,NA
Study1_recovery,MCNFAC,moderate_g2_q1,57,300,0.2,0.2,2,1,TRUE,1,240,-881.4283621,1868.856724,2065.157195,1946.45411,0.02927467,848.27,0.921130786,0.02,0.98,NA,0.131647946,0.087310178,0.133426304,0.070561125,0.379514761,0.070133878,0.35358295
Study1_recovery,MFAC,moderate_g2_q1,58,300,0.2,0.2,2,1,TRUE,1,171,-979.3254787,2056.650957,2238.136299,2128.391937,0.033905516,603.42,0.908505793,0.023333333,0.976666667,NA,0.311247736,0.23230847,1.178125324,NA,NA,NA,NA
Study1_recovery,MCNFAC,moderate_g2_q1,58,300,0.2,0.2,2,1,TRUE,1,255,-875.2946461,1856.589292,2052.889763,1934.186678,0.034941534,918.42,0.908512343,0.023333333,0.976666667,NA,0.149618875,0.109951813,0.167535141,0.05488894,2.406439426,0.05227985,2.248368382
Study1_recovery,MFAC,moderate_g2_q1,59,300,0.2,0.2,2,1,TRUE,1,112,-968.1826636,2034.365327,2215.850668,2106.106306,0.033237171,412.63,0.934213035,0.016666667,0.983333333,NA,0.278227537,0.181312904,0.514957196,NA,NA,NA,NA
Study1_recovery,MCNFAC,moderate_g2_q1,59,300,0.2,0.2,2,1,TRUE,1,367,-912.76825,1931.5365,2127.836971,2009.133886,0.036351946,1353.8,0.947195607,0.013333333,0.986666667,NA,0.217639879,0.136904562,0.23412343,0.217904952,1.290378097,0.19263167,1.286626049
Study1_recovery,MFAC,moderate_g2_q1,60,300,0.2,0.2,2,1,TRUE,1,74,-902.0750578,1902.150116,2083.635457,1973.891095,0.02919453,248.7,0.934154548,0.016666667,0.983333333,NA,0.153016008,0.115093912,0.385326445,NA,NA,NA,NA
Study1_recovery,MCNFAC,moderate_g2_q1,60,300,0.2,0.2,2,1,TRUE,1,150,-864.3334853,1834.666971,2030.967442,1912.264356,0.02620221,526.7,0.947149134,0.013333333,0.986666667,NA,0.139751659,0.089313733,0.04742699,0.03816092,1.849504195,0.030805021,1.504718129
Study1_recovery,MFAC,moderate_g2_q1,61,300,0.2,0.2,2,1,TRUE,1,230,-1050.280244,2198.560488,2380.045829,2270.301467,0.021538467,782.71,0.973422336,0.006666667,0.993333333,NA,0.128041179,0.108995685,0.837481608,NA,NA,NA,NA
Study1_recovery,MCNFAC,moderate_g2_q1,61,300,0.2,0.2,2,1,TRUE,1,325,-959.32926,2024.65852,2220.958991,2102.255906,0.020507499,1338.64,0.973422298,0.006666667,0.993333333,NA,0.128987013,0.106152385,0.31962448,0.128623897,1.233928983,0.109850328,1.11658669
Study1_recovery,MFAC,moderate_g2_q1,62,300,0.2,0.2,2,1,TRUE,1,113,-927.6167412,1953.233482,2134.718824,2024.974462,0.026561863,389.13,0.947201813,0.013333333,0.986666667,NA,0.186574216,0.141610714,0.703990597,NA,NA,NA,NA
Study1_recovery,MCNFAC,moderate_g2_q1,62,300,0.2,0.2,2,1,TRUE,1,293,-876.1411634,1858.282327,2054.582798,1935.879712,0.02568542,1034.67,0.93422528,0.016666667,0.983333333,NA,0.164895131,0.128364821,0.105104571,0.104758525,1.58276398,0.09552901,1.221038613
Study1_recovery,MFAC,moderate_g2_q1,63,300,0.2,0.2,2,1,TRUE,1,186,-1007.836286,2113.672571,2295.157912,2185.41355,0.029226258,653.39,0.960263348,0.01,0.99,NA,0.160617604,0.106897721,0.778110671,NA,NA,NA,NA
Study1_recovery,MCNFAC,moderate_g2_q1,63,300,0.2,0.2,2,1,TRUE,1,175,-915.9101293,1937.820259,2134.12073,2015.417644,0.025371544,633.23,0.960264498,0.01,0.99,NA,0.085359596,0.058447863,0.161361961,0.012257366,2.888091528,0.009856626,2.535653581
Study1_recovery,MFAC,moderate_g2_q1,64,300,0.2,0.2,2,1,TRUE,1,99,-965.5646568,2029.129314,2210.614655,2100.870293,0.036377599,338.55,0.947201813,0.013333333,0.986666667,NA,0.161961629,0.1110196,0.502702202,NA,NA,NA,NA
Study1_recovery,MCNFAC,moderate_g2_q1,64,300,0.2,0.2,2,1,TRUE,1,245,-884.8413218,1875.682644,2071.983115,1953.280029,0.030041618,859.72,0.973422513,0.006666667,0.993333333,NA,0.160310177,0.108510708,0.240134002,0.035006993,1.980893675,0.032907768,1.872040904
Study1_recovery,MFAC,moderate_g2_q1,65,300,0.2,0.2,2,1,TRUE,1,130,-903.0977783,1904.195557,2085.680898,1975.936536,0.023268965,457.16,0.934209633,0.016666667,0.983333333,NA,0.159515129,0.123111987,0.70625508,NA,NA,NA,NA
Study1_recovery,MCNFAC,moderate_g2_q1,65,300,0.2,0.2,2,1,TRUE,1,169,-869.4899816,1844.979963,2041.280434,1922.577349,0.024243098,600.86,0.934209633,0.016666667,0.983333333,NA,0.11761864,0.089172175,0.053823994,0.063157765,0.464756001,0.062458288,0.352705803
Study1_recovery,MFAC,moderate_g2_q1,66,300,0.2,0.2,2,1,TRUE,1,149,-978.3937869,2054.787574,2236.272915,2126.528553,0.030344823,517.28,0.908498646,0.023333333,0.976666667,NA,0.210432027,0.135193337,1.351283834,NA,NA,NA,NA
Study1_recovery,MCNFAC,moderate_g2_q1,66,300,0.2,0.2,2,1,TRUE,1,291,-915.8557528,1937.711506,2134.011977,2015.308891,0.032525989,1223.61,0.908498646,0.023333333,0.976666667,NA,0.119066291,0.091631899,0.254994811,0.112275853,0.933364058,0.099735995,0.932236423
Study1_recovery,MFAC,moderate_g2_q1,67,300,0.2,0.2,2,1,TRUE,1,208,-889.0281812,1876.056362,2057.541704,1947.797341,0.024429589,981.58,0.960241425,0.01,0.99,NA,0.104565543,0.067478588,0.135525423,NA,NA,NA,NA
Study1_recovery,MCNFAC,moderate_g2_q1,67,300,0.2,0.2,2,1,TRUE,1,293,-840.2758525,1786.551705,1982.852176,1864.149091,0.020369134,1235.11,0.973406597,0.006666667,0.993333333,NA,0.078440896,0.056295966,0.202969093,0.041286774,1.260866641,0.041149331,1.244938127
Study1_recovery,MFAC,moderate_g2_q1,68,300,0.2,0.2,2,1,TRUE,1,123,-1006.457075,2110.91415,2292.399491,2182.655129,0.036303555,566.16,0.908479419,0.023333333,0.976666667,NA,0.140961414,0.109346086,0.360246449,NA,NA,NA,NA
Study1_recovery,MCNFAC,moderate_g2_q1,68,300,0.2,0.2,2,1,TRUE,1,241,-932.160073,1970.320146,2166.620617,2047.917532,0.034315008,1029.11,0.921281252,0.02,0.98,NA,0.139168541,0.112773949,0.243316736,0.03122992,0.91057357,0.031222048,0.816555503
Study1_recovery,MFAC,moderate_g2_q1,69,300,0.2,0.2,2,1,TRUE,1,124,-896.45939,1890.91878,2072.404121,1962.659759,0.021246556,512.61,0.960267564,0.01,0.99,NA,0.065542727,0.048154239,0.384569087,NA,NA,NA,NA
Study1_recovery,MCNFAC,moderate_g2_q1,69,300,0.2,0.2,2,1,TRUE,1,238,-848.9953247,1803.990649,2000.291121,1881.588035,0.021850654,1023.62,0.960267564,0.01,0.99,NA,0.097280233,0.075791483,0.109679624,0.110284897,1.166100059,0.108744544,1.138599317
Study1_recovery,MFAC,moderate_g2_q1,70,300,0.2,0.2,2,1,TRUE,1,256,-950.4763757,1998.952751,2180.438093,2070.693731,0.017122034,1069.39,0.986665947,0.003333333,0.996666667,NA,0.193328447,0.143383468,0.610972658,NA,NA,NA,NA
Study1_recovery,MCNFAC,moderate_g2_q1,70,300,0.2,0.2,2,1,TRUE,1,239,-867.7023279,1841.404656,2037.705127,1919.002041,0.01936327,907.2,1,0,1,NA,0.161258418,0.113723055,0.118414898,0.051272102,2.138473856,0.040525762,1.862274256
Study1_recovery,MFAC,moderate_g2_q1,71,300,0.2,0.2,2,1,TRUE,1,157,-946.8742134,1991.748427,2173.233768,2063.489406,0.037498061,661.53,0.960230889,0.01,0.99,NA,0.138027751,0.090833115,0.638555105,NA,NA,NA,NA
Study1_recovery,MCNFAC,moderate_g2_q1,71,300,0.2,0.2,2,1,TRUE,1,173,-879.1412112,1864.282422,2060.582894,1941.879808,0.029897313,740.58,0.973403496,0.006666667,0.993333333,NA,0.080115209,0.059817242,0.019668967,0.030796019,1.10656632,0.025747319,1.106295698
Study1_recovery,MFAC,moderate_g2_q1,72,300,0.2,0.2,2,1,TRUE,1,135,-1017.798626,2133.597253,2315.082594,2205.338232,0.039340762,541.68,0.986664778,0.003333333,0.996666667,NA,0.187499932,0.138835312,0.803417723,NA,NA,NA,NA
Study1_recovery,MCNFAC,moderate_g2_q1,72,300,0.2,0.2,2,1,TRUE,1,240,-933.8128259,1973.625652,2169.926123,2051.223037,0.029754585,985.95,0.973419242,0.006666667,0.993333333,NA,0.21385624,0.163388296,0.073283478,0.054370834,0.678201165,0.042070529,0.672737924
Study1_recovery,MFAC,moderate_g2_q1,73,300,0.2,0.2,2,1,TRUE,1,110,-1015.71984,2129.43968,2310.925021,2201.180659,0.030229234,457.23,0.934223707,0.016666667,0.983333333,NA,0.209793814,0.158990042,0.957780012,NA,NA,NA,NA
Study1_recovery,MCNFAC,moderate_g2_q1,73,300,0.2,0.2,2,1,TRUE,1,161,-922.5324708,1951.064942,2147.365413,2028.662327,0.027744599,678.33,0.973422291,0.006666667,0.993333333,NA,0.203883726,0.142768581,0.178307532,0.042360303,3.241246095,0.031062861,2.676729502
Study1_recovery,MFAC,moderate_g2_q1,74,300,0.2,0.2,2,1,TRUE,1,118,-992.75095,2083.5019,2264.987241,2155.242879,0.035289246,495.27,0.921305538,0.02,0.98,NA,0.183049165,0.132772547,0.883073811,NA,NA,NA,NA
Study1_recovery,MCNFAC,moderate_g2_q1,74,300,0.2,0.2,2,1,TRUE,1,234,-919.6167724,1945.233545,2141.534016,2022.83093,0.033905661,866.95,0.960252882,0.01,0.99,NA,0.083618786,0.071748734,0.115076262,0.06065621,1.525009916,0.060248093,1.520888627
Study1_recovery,MFAC,moderate_g2_q1,75,300,0.2,0.2,2,1,TRUE,1,211,-942.5972664,1983.194533,2164.679874,2054.935512,0.023733318,756.33,0.908539804,0.023333333,0.976666667,NA,0.13507675,0.101300364,0.453910464,NA,NA,NA,NA
Study1_recovery,MCNFAC,moderate_g2_q1,75,300,0.2,0.2,2,1,TRUE,1,267,-878.2515075,1862.503015,2058.803486,1940.100401,0.025066617,1025.29,0.934225359,0.016666667,0.983333333,NA,0.228719466,0.168755571,0.125502291,0.054269928,0.335145264,0.05062752,0.334894698
Study1_recovery,MFAC,moderate_g2_q1,76,300,0.2,0.2,2,1,TRUE,1,139,-991.0654684,2080.130937,2261.616278,2151.871916,0.029860853,498.05,0.934221644,0.016666667,0.983333333,NA,0.143004639,0.116651003,0.807013766,NA,NA,NA,NA
Study1_recovery,MCNFAC,moderate_g2_q1,76,300,0.2,0.2,2,1,TRUE,1,213,-896.21371,1898.42742,2094.727891,1976.024806,0.030692341,771.34,0.934222821,0.016666667,0.983333333,NA,0.141563228,0.110092148,0.080625989,0.011126857,2.428538924,0.01109862,2.39739343
Study1_recovery,MFAC,moderate_g2_q1,77,300,0.2,0.2,2,1,TRUE,1,239,-1005.512492,2109.024984,2290.510325,2180.765963,0.027171614,863.1,0.960264607,0.01,0.99,NA,0.224899624,0.174263308,1.23423967,NA,NA,NA,NA
Study1_recovery,MCNFAC,moderate_g2_q1,77,300,0.2,0.2,2,1,TRUE,1,234,-928.0136202,1962.02724,2158.327712,2039.624626,0.025433205,863.06,0.960265413,0.01,0.99,NA,0.178298747,0.133375642,0.220735509,0.014814078,1.081595015,0.014374986,1.002496734
Study1_recovery,MFAC,moderate_g2_q1,78,300,0.2,0.2,2,1,TRUE,1,203,-930.9826313,1959.965263,2141.450604,2031.706242,0.033594571,733.17,0.895772439,0.026666667,0.973333333,NA,0.144290565,0.110388949,0.348618611,NA,NA,NA,NA
Study1_recovery,MCNFAC,moderate_g2_q1,78,300,0.2,0.2,2,1,TRUE,1,321,-847.8136579,1801.627316,1997.927787,1879.224701,0.030051929,1184.11,0.934196412,0.016666667,0.983333333,NA,0.148565766,0.105941241,0.094291123,0.053192981,4.491175441,0.04936126,3.53367645
Study1_recovery,MFAC,moderate_g2_q1,79,300,0.2,0.2,2,1,TRUE,1,221,-1024.720603,2147.441207,2328.926548,2219.182186,0.025324561,797,0.947193194,0.013333333,0.986666667,NA,0.2280661,0.157126115,1.395620669,NA,NA,NA,NA
Study1_recovery,MCNFAC,moderate_g2_q1,79,300,0.2,0.2,2,1,TRUE,3,304,-961.6260432,2029.252086,2225.552558,2106.849472,0.020821548,1110.14,0.960261931,0.01,0.99,NA,0.138557375,0.087280136,0.226092492,0.011271692,0.562419179,0.010664111,0.539103997
Study1_recovery,MFAC,moderate_g2_q1,80,300,0.2,0.2,2,1,TRUE,1,185,-880.8157705,1859.631541,2041.116882,1931.37252,0.020214413,655.13,0.960224883,0.01,0.99,NA,0.092881473,0.070572834,0.551831489,NA,NA,NA,NA
Study1_recovery,MCNFAC,moderate_g2_q1,80,300,0.2,0.2,2,1,TRUE,1,208,-821.2927824,1748.585565,1944.886036,1826.18295,0.016846534,746.67,0.960224883,0.01,0.99,NA,0.087387968,0.065539714,0.031383282,0.102161184,4.202288084,0.101024465,4.142651067
Study1_recovery,MFAC,moderate_g2_q1,1,300,0.3,0.3,2,1,TRUE,1,159,-943.306658,1984.613316,2166.098657,2056.354295,0.039141951,782,0.947201562,0.013333333,0.986666667,NA,0.210311875,0.153002393,0.834551677,NA,NA,NA,NA
Study1_recovery,MCNFAC,moderate_g2_q1,1,300,0.3,0.3,2,1,TRUE,1,184,-886.6503111,1879.300622,2075.601093,1956.898008,0.033525001,950.72,0.947201909,0.013333333,0.986666667,NA,0.102183888,0.078532563,0.112612337,0.016511076,1.747488683,0.016430573,1.666774191
Study1_recovery,MFAC,moderate_g2_q1,2,300,0.3,0.3,2,1,TRUE,1,246,-957.7079968,2013.415994,2194.901335,2085.156973,0.038170391,1155.17,0.908532531,0.023333333,0.976666667,NA,0.171719682,0.117833905,0.89834273,NA,NA,NA,NA
Study1_recovery,MCNFAC,moderate_g2_q1,2,300,0.3,0.3,2,1,TRUE,1,281,-896.6804171,1899.360834,2095.661305,1976.95822,0.035636683,1356.2,0.89582376,0.026666667,0.973333333,NA,0.110825888,0.083368744,0.169643107,0.09981999,1.937767016,0.086059673,1.511929707
Study1_recovery,MFAC,moderate_g2_q1,3,300,0.3,0.3,2,1,TRUE,1,296,-959.2562856,2016.512571,2197.997912,2088.25355,0.027900348,1394.73,0.883210606,0.03,0.97,NA,0.21855904,0.15364651,1.029660889,NA,NA,NA,NA
Study1_recovery,MCNFAC,moderate_g2_q1,3,300,0.3,0.3,2,1,TRUE,1,211,-908.029986,1922.059972,2118.360443,1999.657358,0.030664859,1005.84,0.883210606,0.03,0.97,NA,0.133145209,0.103139715,0.235377411,0.059675058,0.67304428,0.059148407,0.531718055
Study1_recovery,MFAC,moderate_g2_q1,4,300,0.3,0.3,2,1,TRUE,1,203,-858.3859019,1814.771804,1996.257145,1886.512783,0.019814205,961.96,0.8958136,0.026666667,0.973333333,NA,0.19694359,0.137266099,1.256442332,NA,NA,NA,NA
Study1_recovery,MCNFAC,moderate_g2_q1,4,300,0.3,0.3,2,1,TRUE,1,263,-813.4551842,1732.910368,1929.210839,1810.507754,0.016257956,1260.76,0.8958136,0.026666667,0.973333333,NA,0.149574526,0.10689934,0.096935875,0.036690969,1.30062968,0.030108941,1.238744448
Study1_recovery,MFAC,moderate_g2_q1,5,300,0.3,0.3,2,1,TRUE,1,151,-921.7082751,1941.41655,2122.901891,2013.157529,0.02445587,763.82,0.934173745,0.016666667,0.983333333,NA,0.242082207,0.146630838,0.752597045,NA,NA,NA,NA
Study1_recovery,MCNFAC,moderate_g2_q1,5,300,0.3,0.3,2,1,TRUE,1,266,-859.6535482,1825.307096,2021.607568,1902.904482,0.019268927,1290.16,0.921291321,0.02,0.98,NA,0.227321251,0.134199866,0.136218236,0.021674709,1.415552264,0.019495512,1.356345856
Study1_recovery,MFAC,moderate_g2_q1,6,300,0.3,0.3,2,1,TRUE,1,245,-963.7510629,2025.502126,2206.987467,2097.243105,0.03542652,1139.58,0.9472018,0.013333333,0.986666667,NA,0.114223423,0.09671579,0.880383752,NA,NA,NA,NA
Study1_recovery,MCNFAC,moderate_g2_q1,6,300,0.3,0.3,2,1,TRUE,1,139,-888.1657012,1882.331402,2078.631873,1959.928788,0.030314343,662.56,0.947201815,0.013333333,0.986666667,NA,0.12510749,0.096822845,0.097693316,0.018594016,1.707539335,0.018250911,1.704099608
Study1_recovery,MFAC,moderate_g2_q1,7,300,0.3,0.3,2,1,TRUE,1,268,-945.5530848,1989.10617,2170.591511,2060.847149,0.028532869,1257.76,0.960249579,0.01,0.99,NA,0.211975312,0.147355664,0.955287154,NA,NA,NA,NA
Study1_recovery,MCNFAC,moderate_g2_q1,7,300,0.3,0.3,2,1,TRUE,1,414,-897.8304991,1901.660998,2097.961469,1979.258384,0.025591023,1845.97,0.960249579,0.01,0.99,NA,0.118061448,0.099372602,0.04632195,0.014797023,0.622169555,0.014640413,0.622110097
Study1_recovery,MFAC,moderate_g2_q1,8,300,0.3,0.3,2,1,TRUE,1,379,-958.1192461,2014.238492,2195.723833,2085.979471,0.035414721,1796.05,0.93401863,0.016666667,0.983333333,NA,0.229657636,0.140427573,0.79287775,NA,NA,NA,NA
Study1_recovery,MCNFAC,moderate_g2_q1,8,300,0.3,0.3,2,1,TRUE,1,510,-919.5463565,1945.092713,2141.393184,2022.690099,0.032528878,1636.03,0.947045082,0.013333333,0.986666667,NA,0.140373479,0.100362589,0.116412291,0.11664394,1.008674674,0.102669542,0.806895071
Study1_recovery,MFAC,moderate_g2_q1,9,300,0.3,0.3,2,1,FALSE,NA,NA,NA,NA,NA,NA,NA,NA,NA,NA,NA,NA,NA,NA,NA,NA,NA,NA,NA
Study1_recovery,MCNFAC,moderate_g2_q1,9,300,0.3,0.3,2,1,TRUE,1,149,-1263.691518,2633.383035,2829.683506,2710.980421,0.010166508,360.29,0.124884398,0.303333333,0.696666667,NA,0.930243886,0.553046914,0.526034985,0.159753057,10.10224709,0.137320618,10.0496433
Study1_recovery,MFAC,moderate_g2_q1,10,300,0.3,0.3,2,1,TRUE,1,189,-951.8641292,2001.728258,2183.2136,2073.469238,0.037533131,880,0.921337911,0.02,0.98,NA,0.188134232,0.108544103,0.830658027,NA,NA,NA,NA
Study1_recovery,MCNFAC,moderate_g2_q1,10,300,0.3,0.3,2,1,TRUE,1,159,-889.6076778,1885.215356,2081.515827,1962.812741,0.036470128,751.55,0.921337726,0.02,0.98,NA,0.134196263,0.084432821,0.049111674,0.029785165,1.349689277,0.022015105,1.227442292
Study1_recovery,MFAC,moderate_g2_q1,11,300,0.3,0.3,2,1,TRUE,1,122,-898.810577,1895.621154,2077.106495,1967.362133,0.040097015,620.47,0.934209633,0.016666667,0.983333333,NA,0.178336585,0.1345633,0.309111517,NA,NA,NA,NA
Study1_recovery,MCNFAC,moderate_g2_q1,11,300,0.3,0.3,2,1,TRUE,1,248,-847.7269706,1801.453941,1997.754412,1879.051327,0.036918239,1179.48,0.921325132,0.02,0.98,NA,0.180558388,0.144724623,0.178797251,0.040513039,1.217259405,0.040489758,1.092601901
Study1_recovery,MFAC,moderate_g2_q1,12,300,0.3,0.3,2,1,TRUE,1,200,-900.9325488,1899.865098,2081.350439,1971.606077,0.026596861,954.25,0.947197051,0.013333333,0.986666667,NA,0.099638283,0.069268624,0.746944549,NA,NA,NA,NA
Study1_recovery,MCNFAC,moderate_g2_q1,12,300,0.3,0.3,2,1,TRUE,1,240,-832.8814011,1771.762802,1968.063273,1849.360188,0.029171205,834.53,0.947198344,0.013333333,0.986666667,NA,0.104967686,0.072964611,0.134889553,0.024058766,2.076511724,0.022537055,1.681746274
Study1_recovery,MFAC,moderate_g2_q1,13,300,0.3,0.3,2,1,TRUE,1,154,-906.8346928,1911.669386,2093.154727,1983.410365,0.021646841,725.22,0.934215879,0.016666667,0.983333333,NA,0.238666633,0.195079568,0.583609876,NA,NA,NA,NA
Study1_recovery,MCNFAC,moderate_g2_q1,13,300,0.3,0.3,2,1,TRUE,1,390,-860.617819,1827.235638,2023.536109,1904.833024,0.02252462,1843.89,0.960263468,0.01,0.99,NA,0.188569173,0.149789424,0.049237595,0.064129559,1.321418674,0.062839637,1.307474038
Study1_recovery,MFAC,moderate_g2_q1,14,300,0.3,0.3,2,1,TRUE,1,256,-927.7261478,1953.452296,2134.937637,2025.193275,0.029708987,1169.44,0.947170005,0.013333333,0.986666667,NA,0.332773321,0.251991072,1.098746729,NA,NA,NA,NA
Study1_recovery,MCNFAC,moderate_g2_q1,14,300,0.3,0.3,2,1,TRUE,1,318,-894.6815614,1895.363123,2091.663594,1972.960508,0.030980712,1507.33,0.947175554,0.013333333,0.986666667,NA,0.289955413,0.205818451,0.041262124,0.161421808,1.718606244,0.151948479,1.709781384
Study1_recovery,MFAC,moderate_g2_q1,15,300,0.3,0.3,2,1,TRUE,1,235,-902.7637936,1903.527587,2085.012928,1975.268566,0.033903279,1309.21,0.908532531,0.023333333,0.976666667,NA,0.205160588,0.128761354,0.638625912,NA,NA,NA,NA
Study1_recovery,MCNFAC,moderate_g2_q1,15,300,0.3,0.3,2,1,TRUE,1,150,-848.8170899,1803.63418,1999.934651,1881.231565,0.034910155,724.47,0.921334646,0.02,0.98,NA,0.1768286,0.105340667,0.094328857,0.033252054,0.897409393,0.030222014,0.778899401
Study1_recovery,MFAC,moderate_g2_q1,16,300,0.3,0.3,2,1,TRUE,1,306,-908.0507512,1914.101502,2095.586844,1985.842482,0.02626687,1385.6,0.908538062,0.023333333,0.976666667,NA,0.244817557,0.162597587,0.757029468,NA,NA,NA,NA
Study1_recovery,MCNFAC,moderate_g2_q1,16,300,0.3,0.3,2,1,TRUE,1,463,-859.3486989,1824.697398,2020.997869,1902.294783,0.024025776,2214.9,0.908538062,0.023333333,0.976666667,NA,0.232138755,0.165090708,0.061600409,0.104141883,1.78548793,0.096234769,1.778565766
Study1_recovery,MFAC,moderate_g2_q1,17,300,0.3,0.3,2,1,TRUE,1,241,-967.869409,2033.738818,2215.224159,2105.479797,0.021996978,1252.5,0.934224347,0.016666667,0.983333333,NA,0.117448933,0.079387212,1.139381932,NA,NA,NA,NA
Study1_recovery,MCNFAC,moderate_g2_q1,17,300,0.3,0.3,2,1,TRUE,1,166,-904.1997108,1914.399422,2110.699893,1991.996807,0.02805244,866.3,0.934224347,0.016666667,0.983333333,NA,0.114184546,0.074237212,0.209033425,0.036093914,1.360565756,0.035256909,1.257294434
Study1_recovery,MFAC,moderate_g2_q1,18,300,0.3,0.3,2,1,TRUE,1,192,-852.3276374,1802.655275,1984.140616,1874.396254,0.03273459,905.26,0.934220668,0.016666667,0.983333333,NA,0.216239787,0.153849896,0.420654432,NA,NA,NA,NA
Study1_recovery,MCNFAC,moderate_g2_q1,18,300,0.3,0.3,2,1,TRUE,1,278,-822.376875,1750.75375,1947.054221,1828.351136,0.030589268,1334.25,0.960265513,0.01,0.99,NA,0.241763029,0.170798652,0.093012153,0.047416616,1.734728714,0.046996086,1.727377265
Study1_recovery,MFAC,moderate_g2_q1,19,300,0.3,0.3,2,1,TRUE,1,146,-939.8429647,1977.685929,2159.171271,2049.426909,0.028730423,811.14,0.883202028,0.03,0.97,NA,0.206914609,0.148967273,0.606799997,NA,NA,NA,NA
Study1_recovery,MCNFAC,moderate_g2_q1,19,300,0.3,0.3,2,1,TRUE,1,313,-893.6017151,1893.20343,2089.503901,1970.800816,0.028161851,1486.19,0.934215879,0.016666667,0.983333333,NA,0.192371518,0.124201101,0.261882394,0.185853256,1.434091047,0.139655527,1.300076614
Study1_recovery,MFAC,moderate_g2_q1,20,300,0.3,0.3,2,1,TRUE,1,161,-935.6561835,1969.312367,2150.797708,2041.053346,0.031769273,876.05,0.921328093,0.02,0.98,NA,0.157290764,0.126918845,0.659922262,NA,NA,NA,NA
Study1_recovery,MCNFAC,moderate_g2_q1,20,300,0.3,0.3,2,1,TRUE,1,271,-885.5211566,1877.042313,2073.342784,1954.639699,0.031635418,1306.3,0.960261931,0.01,0.99,NA,0.152461844,0.122423255,0.06963314,0.146990736,1.97535268,0.10838656,1.975091955
Study1_recovery,MFAC,moderate_g2_q1,21,300,0.3,0.3,2,1,TRUE,1,171,-873.1978268,1844.395654,2025.880995,1916.136633,0.038020412,816.45,0.947191089,0.013333333,0.986666667,NA,0.189911805,0.142172689,0.481448306,NA,NA,NA,NA
Study1_recovery,MCNFAC,moderate_g2_q1,21,300,0.3,0.3,2,1,TRUE,1,227,-826.6210912,1759.242182,1955.542654,1836.839568,0.036541938,1119.59,0.947191089,0.013333333,0.986666667,NA,0.176988268,0.130335995,0.187531963,0.067478142,2.369219688,0.067457316,2.294498847
Study1_recovery,MFAC,moderate_g2_q1,22,300,0.3,0.3,2,1,TRUE,1,112,-902.1396177,1902.279235,2083.764577,1974.020215,0.023268563,537.94,0.921334367,0.02,0.98,NA,0.241205444,0.184811586,0.622563747,NA,NA,NA,NA
Study1_recovery,MCNFAC,moderate_g2_q1,22,300,0.3,0.3,2,1,TRUE,1,146,-847.1684103,1800.336821,1996.637292,1877.934206,0.023645474,715.04,0.921334367,0.02,0.98,NA,0.140125313,0.111729626,0.163458859,0.013984577,1.03087334,0.009943338,0.810851888
Study1_recovery,MFAC,moderate_g2_q1,23,300,0.3,0.3,2,1,TRUE,1,228,-912.3824153,1922.764831,2104.250172,1994.50581,0.027346877,1083.69,0.908490902,0.023333333,0.976666667,NA,0.127071595,0.093045488,0.797766111,NA,NA,NA,NA
Study1_recovery,MCNFAC,moderate_g2_q1,23,300,0.3,0.3,2,1,TRUE,1,315,-844.7714788,1795.542958,1991.843429,1873.140343,0.028857405,1652.42,0.870627329,0.033333333,0.966666667,NA,0.16738687,0.123494968,0.089401495,0.021138126,2.756247068,0.020036829,2.514442636
Study1_recovery,MFAC,moderate_g2_q1,24,300,0.3,0.3,2,1,TRUE,1,119,-930.2641279,1958.528256,2140.013597,2030.269235,0.036334996,623.05,0.921337695,0.02,0.98,NA,0.17119945,0.114180107,0.788750574,NA,NA,NA,NA
Study1_recovery,MCNFAC,moderate_g2_q1,24,300,0.3,0.3,2,1,TRUE,1,198,-867.3262676,1840.652535,2036.953006,1918.249921,0.040654753,1014.61,0.908539549,0.023333333,0.976666667,NA,0.177075162,0.121038592,0.219932092,0.045941527,2.506444401,0.039446132,2.45231602
Study1_recovery,MFAC,moderate_g2_q1,25,300,0.3,0.3,2,1,TRUE,1,193,-936.4126388,1970.825278,2152.310619,2042.566257,0.030103057,888.66,0.921337319,0.02,0.98,NA,0.147103591,0.11722246,0.777585216,NA,NA,NA,NA
Study1_recovery,MCNFAC,moderate_g2_q1,25,300,0.3,0.3,2,1,TRUE,1,176,-870.5160242,1847.032048,2043.33252,1924.629434,0.02997304,941,0.921337523,0.02,0.98,NA,0.149186531,0.102897179,0.23049016,0.041859772,1.480810246,0.038437179,1.314309462
Study1_recovery,MFAC,moderate_g2_q1,26,300,0.3,0.3,2,1,TRUE,1,173,-940.6945955,1979.389191,2160.874532,2051.13017,0.026309574,944.28,0.947190692,0.013333333,0.986666667,NA,0.163418524,0.118320479,0.877728639,NA,NA,NA,NA
Study1_recovery,MCNFAC,moderate_g2_q1,26,300,0.3,0.3,2,1,TRUE,1,234,-895.1335858,1896.267172,2092.567643,1973.864557,0.027017849,1372.36,0.934209633,0.016666667,0.983333333,NA,0.143049516,0.10917961,0.1339984,0.082814358,0.992589416,0.063895845,0.75019431
Study1_recovery,MFAC,moderate_g2_q1,27,300,0.3,0.3,2,1,TRUE,1,387,-897.7665577,1893.533115,2075.018457,1965.274094,0.025483914,1822.11,0.973415493,0.006666667,0.993333333,NA,0.178455972,0.111477021,1.130897719,NA,NA,NA,NA
Study1_recovery,MCNFAC,moderate_g2_q1,27,300,0.3,0.3,2,1,TRUE,1,246,-853.0459522,1812.091904,2008.392375,1889.68929,0.027984553,850.52,0.934213035,0.016666667,0.983333333,NA,0.164923002,0.109616321,0.146917339,0.025256115,0.804775938,0.021694482,0.723615057
Study1_recovery,MFAC,moderate_g2_q1,28,300,0.3,0.3,2,1,TRUE,1,251,-979.7252623,2057.450525,2238.935866,2129.191504,0.024734568,1173,0.947045082,0.013333333,0.986666667,NA,0.154712534,0.115915909,1.168303344,NA,NA,NA,NA
Study1_recovery,MCNFAC,moderate_g2_q1,28,300,0.3,0.3,2,1,TRUE,1,542,-924.2034465,1954.406893,2150.707364,2032.004279,0.029267251,2035.59,0.947025395,0.013333333,0.986666667,NA,0.135721855,0.093061387,0.146653015,0.104536963,3.306735667,0.103849718,2.386461984
Study1_recovery,MFAC,moderate_g2_q1,29,300,0.3,0.3,2,1,TRUE,1,181,-942.9800479,1983.960096,2165.445437,2055.701075,0.02654422,814.22,0.908513509,0.023333333,0.976666667,NA,0.15250863,0.119063901,0.825180421,NA,NA,NA,NA
Study1_recovery,MCNFAC,moderate_g2_q1,29,300,0.3,0.3,2,1,TRUE,1,177,-870.6343214,1847.268643,2043.569114,1924.866028,0.032651556,837.15,0.921321415,0.02,0.98,NA,0.115920798,0.088724975,0.104528316,0.056562844,4.990127932,0.056535316,4.968874246
Study1_recovery,MFAC,moderate_g2_q1,30,300,0.3,0.3,2,1,TRUE,1,230,-860.4574598,1818.91492,2000.400261,1890.655899,0.02409955,1205.83,0.960253066,0.01,0.99,NA,0.25889275,0.150988023,0.520911216,NA,NA,NA,NA
Study1_recovery,MCNFAC,moderate_g2_q1,30,300,0.3,0.3,2,1,TRUE,1,326,-837.6087344,1781.217469,1977.51794,1858.814854,0.025491352,930.78,0.947184332,0.013333333,0.986666667,NA,0.163419731,0.115701807,0.093103668,0.044933046,2.182791927,0.042968664,2.103007914
Study1_recovery,MFAC,moderate_g2_q1,31,300,0.3,0.3,2,1,TRUE,1,277,-869.0883622,1836.176724,2017.662066,1907.917703,0.045823636,1689.3,0.845861216,0.04,0.96,NA,0.200857278,0.151293268,0.382757345,NA,NA,NA,NA
Study1_recovery,MCNFAC,moderate_g2_q1,31,300,0.3,0.3,2,1,TRUE,1,475,-833.0006169,1772.001234,1968.301705,1849.598619,0.040797646,2703.16,0.833599624,0.043333333,0.956666667,NA,0.168918291,0.132243462,0.176327323,0.047047081,1.188200243,0.038781845,0.99644434
Study1_recovery,MFAC,moderate_g2_q1,32,300,0.3,0.3,2,1,TRUE,1,227,-893.6038574,1885.207715,2066.693056,1956.948694,0.029215974,1458.28,0.921259083,0.02,0.98,NA,0.275014539,0.168784118,0.824399082,NA,NA,NA,NA
Study1_recovery,MCNFAC,moderate_g2_q1,32,300,0.3,0.3,2,1,TRUE,1,508,-853.2103734,1812.420747,2008.721218,1890.018132,0.031763376,2996.62,0.9084686,0.023333333,0.976666667,NA,0.193878776,0.122679354,0.088168305,0.050562807,0.922518901,0.042701651,0.912266283
Study1_recovery,MFAC,moderate_g2_q1,33,300,0.3,0.3,2,1,TRUE,1,245,-901.7389601,1901.47792,2082.963261,1973.218899,0.032602769,1507.28,0.960267547,0.01,0.99,NA,0.112505975,0.082787195,0.382937706,NA,NA,NA,NA
Study1_recovery,MCNFAC,moderate_g2_q1,33,300,0.3,0.3,2,1,TRUE,1,208,-861.959496,1829.918992,2026.219463,1907.516378,0.035619458,1143.89,0.960267547,0.01,0.99,NA,0.085337904,0.065602598,0.059196381,0.044182167,0.685675766,0.035192367,0.581434238
Study1_recovery,MFAC,moderate_g2_q1,34,300,0.3,0.3,2,1,TRUE,1,185,-939.8663841,1977.732768,2159.218109,2049.473747,0.029893899,1164.04,0.947199421,0.013333333,0.986666667,NA,0.1078578,0.084991963,0.542215361,NA,NA,NA,NA
Study1_recovery,MCNFAC,moderate_g2_q1,34,300,0.3,0.3,2,1,TRUE,1,164,-870.6168284,1847.233657,2043.534128,1924.831042,0.025388423,946.93,0.947198413,0.013333333,0.986666667,NA,0.069932682,0.057145089,0.100722487,0.03172001,2.944805858,0.027750826,2.833512837
Study1_recovery,MFAC,moderate_g2_q1,35,300,0.3,0.3,2,1,TRUE,1,239,-946.4700202,1990.94004,2172.425382,2062.681019,0.04525352,1512.22,0.858196362,0.036666667,0.963333333,NA,0.251332504,0.198586084,0.672108205,NA,NA,NA,NA
Study1_recovery,MCNFAC,moderate_g2_q1,35,300,0.3,0.3,2,1,TRUE,1,358,-889.430306,1884.860612,2081.161083,1962.457998,0.04397682,2013.84,0.870653121,0.033333333,0.966666667,NA,0.194551908,0.155004981,0.117126632,0.028358957,1.166746118,0.028232115,1.111339488
Study1_recovery,MFAC,moderate_g2_q1,36,300,0.3,0.3,2,1,TRUE,1,144,-923.2344858,1944.468972,2125.954313,2016.209951,0.021614015,916.83,1,0,1,NA,0.150058145,0.101863188,0.831758607,NA,NA,NA,NA
Study1_recovery,MCNFAC,moderate_g2_q1,36,300,0.3,0.3,2,1,TRUE,1,224,-869.6063376,1845.212675,2041.513146,1922.810061,0.022150048,1374.36,1,0,1,NA,0.177851371,0.09322432,0.080963124,0.051853597,1.980084375,0.046985447,1.961013204
Study1_recovery,MFAC,moderate_g2_q1,37,300,0.3,0.3,2,1,TRUE,1,196,-929.8278303,1957.655661,2139.141002,2029.39664,0.021533189,1254.27,0.908538564,0.023333333,0.976666667,NA,0.165404929,0.129529986,0.696207126,NA,NA,NA,NA
Study1_recovery,MCNFAC,moderate_g2_q1,37,300,0.3,0.3,2,1,TRUE,1,310,-878.8199522,1863.639904,2059.940376,1941.23729,0.033540126,1716.33,0.89582992,0.026666667,0.973333333,NA,0.156916167,0.123851238,0.16177674,0.064240877,1.118328647,0.052842406,1.111770162
Study1_recovery,MFAC,moderate_g2_q1,38,300,0.3,0.3,2,1,TRUE,1,311,-944.7726957,1987.545391,2169.030733,2059.28637,0.020570592,1883.78,0.986657897,0.003333333,0.996666667,NA,0.155437194,0.11364117,1.049583918,NA,NA,NA,NA
Study1_recovery,MCNFAC,moderate_g2_q1,38,300,0.3,0.3,2,1,TRUE,1,477,-869.2626604,1844.525321,2040.825792,1922.122706,0.02351896,2790.71,0.986659357,0.003333333,0.996666667,NA,0.122826374,0.094990568,0.215673409,0.168343911,3.783139934,0.136059199,3.222035342
Study1_recovery,MFAC,moderate_g2_q1,39,300,0.3,0.3,2,1,TRUE,1,178,-873.1915863,1844.383173,2025.868514,1916.124152,0.041254309,1128.02,0.960267188,0.01,0.99,NA,0.219029965,0.147554256,0.31195554,NA,NA,NA,NA
Study1_recovery,MCNFAC,moderate_g2_q1,39,300,0.3,0.3,2,1,TRUE,1,350,-811.1406048,1728.28121,1924.581681,1805.878595,0.03596626,1980.57,0.960267188,0.01,0.99,NA,0.226304319,0.146964054,0.157593283,0.045502695,0.673073568,0.045223476,0.636590932
Study1_recovery,MFAC,moderate_g2_q1,40,300,0.3,0.3,2,1,TRUE,1,174,-926.6922078,1951.384416,2132.869757,2023.125395,0.023574659,1041.36,0.934225204,0.016666667,0.983333333,NA,0.155139225,0.100942438,0.800633522,NA,NA,NA,NA
Study1_recovery,MCNFAC,moderate_g2_q1,40,300,0.3,0.3,2,1,TRUE,1,148,-873.4097172,1852.819434,2049.119906,1930.41682,0.021362528,855.2,0.973422497,0.006666667,0.993333333,NA,0.105095978,0.078320454,0.093963108,0.055632862,2.670659269,0.049771328,2.027444332
Study1_recovery,MFAC,moderate_g2_q1,41,300,0.3,0.3,2,1,TRUE,1,151,-940.0191008,1978.038202,2159.523543,2049.779181,0.038178101,891.16,0.921337029,0.02,0.98,NA,0.304758403,0.231043329,0.897712611,NA,NA,NA,NA
Study1_recovery,MCNFAC,moderate_g2_q1,41,300,0.3,0.3,2,1,TRUE,1,214,-872.4293815,1850.858763,2047.159234,1928.456149,0.031895198,1165.86,0.934224582,0.016666667,0.983333333,NA,0.175168663,0.139608822,0.115964034,0.083738376,1.810390112,0.0753945,1.751268919
Study1_recovery,MFAC,moderate_g2_q1,42,300,0.3,0.3,2,1,TRUE,1,162,-863.6277353,1825.255471,2006.740812,1896.99645,0.028965036,941.05,0.947201863,0.013333333,0.986666667,NA,0.139151192,0.094528044,0.598877417,NA,NA,NA,NA
Study1_recovery,MCNFAC,moderate_g2_q1,42,300,0.3,0.3,2,1,TRUE,1,214,-823.9168147,1753.833629,1950.134101,1831.431015,0.028193373,1112.78,0.947201813,0.013333333,0.986666667,NA,0.152785854,0.104960589,0.118253268,0.058724319,2.499237565,0.056931491,2.445702856
Study1_recovery,MFAC,moderate_g2_q1,43,300,0.3,0.3,2,1,TRUE,1,198,-953.4630336,2004.926067,2186.411408,2076.667046,0.035683968,1104.61,0.883210785,0.03,0.97,NA,0.235956706,0.159327607,1.298964911,NA,NA,NA,NA
Study1_recovery,MCNFAC,moderate_g2_q1,43,300,0.3,0.3,2,1,TRUE,1,214,-872.2984916,1850.596983,2046.897454,1928.194369,0.034375976,1008.91,0.947201716,0.013333333,0.986666667,NA,0.128349557,0.087320552,0.078042479,0.031992447,3.142873258,0.031690682,2.866733931
Study1_recovery,MFAC,moderate_g2_q1,44,300,0.3,0.3,2,1,FALSE,NA,NA,NA,NA,NA,NA,NA,NA,NA,NA,NA,NA,NA,NA,NA,NA,NA,NA,NA
Study1_recovery,MCNFAC,moderate_g2_q1,44,300,0.3,0.3,2,1,FALSE,NA,NA,NA,NA,NA,NA,NA,NA,NA,NA,NA,NA,NA,NA,NA,NA,NA,NA,NA
Study1_recovery,MFAC,moderate_g2_q1,45,300,0.3,0.3,2,1,TRUE,1,254,-915.9757088,1929.951418,2111.436759,2001.692397,0.031166116,1245.08,0.908522999,0.023333333,0.976666667,NA,0.285394557,0.199311378,0.700607202,NA,NA,NA,NA
Study1_recovery,MCNFAC,moderate_g2_q1,45,300,0.3,0.3,2,1,TRUE,1,257,-880.7849541,1867.569908,2063.870379,1945.167294,0.033336121,928.49,0.895814319,0.026666667,0.973333333,NA,0.234708289,0.157202799,0.170152446,0.061847341,1.262096775,0.061846845,1.015548512
Study1_recovery,MFAC,moderate_g2_q1,46,300,0.3,0.3,2,1,TRUE,1,162,-994.5045444,2087.009089,2268.49443,2158.750068,0.030601212,779.42,0.947201344,0.013333333,0.986666667,NA,0.183408338,0.143398798,0.835103155,NA,NA,NA,NA
Study1_recovery,MCNFAC,moderate_g2_q1,46,300,0.3,0.3,2,1,TRUE,1,229,-913.3097923,1932.619585,2128.920056,2010.21697,0.026077979,850.61,0.973422298,0.006666667,0.993333333,NA,0.193420756,0.125077646,0.113897166,0.053687578,4.251733522,0.053337975,3.702305362
Study1_recovery,MFAC,moderate_g2_q1,47,300,0.3,0.3,2,1,FALSE,NA,NA,NA,NA,NA,NA,NA,NA,NA,NA,NA,NA,NA,NA,NA,NA,NA,NA,NA
Study1_recovery,MCNFAC,moderate_g2_q1,47,300,0.3,0.3,2,1,FALSE,NA,NA,NA,NA,NA,NA,NA,NA,NA,NA,NA,NA,NA,NA,NA,NA,NA,NA,NA
Study1_recovery,MFAC,moderate_g2_q1,48,300,0.3,0.3,2,1,TRUE,1,277,-936.036284,1970.072568,2151.557909,2041.813547,0.033826405,1179.27,0.921305727,0.02,0.98,NA,0.392413288,0.258010153,1.422599539,NA,NA,NA,NA
Study1_recovery,MCNFAC,moderate_g2_q1,48,300,0.3,0.3,2,1,TRUE,1,226,-847.123706,1800.247412,1996.547883,1877.844798,0.039039497,761.86,0.921316995,0.02,0.98,NA,0.163541094,0.112227485,0.175197707,0.064496822,3.806292313,0.063627216,3.427974955
Study1_recovery,MFAC,moderate_g2_q1,49,300,0.3,0.3,2,1,TRUE,1,184,-900.0581846,1898.116369,2079.601711,1969.857348,0.031571398,1240.69,0.908526925,0.023333333,0.976666667,NA,0.301703373,0.200706061,0.446537336,NA,NA,NA,NA
Study1_recovery,MCNFAC,moderate_g2_q1,49,300,0.3,0.3,2,1,TRUE,1,364,-861.4179368,1828.835874,2025.136345,1906.433259,0.038208827,2232.09,0.921331641,0.02,0.98,NA,0.252822695,0.162041852,0.1872127,0.142404983,0.995344373,0.130252411,0.823639591
Study1_recovery,MFAC,moderate_g2_q1,50,300,0.3,0.3,2,1,TRUE,1,211,-851.8336154,1801.667231,1983.152572,1873.40821,0.032008849,1335.06,0.934154548,0.016666667,0.983333333,NA,0.178665475,0.128510545,0.411877023,NA,NA,NA,NA
Study1_recovery,MCNFAC,moderate_g2_q1,50,300,0.3,0.3,2,1,TRUE,1,486,-819.7773789,1745.554758,1941.855229,1823.152143,0.034370152,2842.9,0.908426558,0.023333333,0.976666667,NA,0.165150733,0.096797769,0.24471195,0.195117558,1.962834712,0.138734199,1.823485862
Study1_recovery,MFAC,moderate_g2_q1,51,300,0.3,0.3,2,1,TRUE,1,255,-993.8468596,2085.693719,2267.17906,2157.434698,0.021527829,1558.91,0.973422336,0.006666667,0.993333333,NA,0.133923734,0.111149949,0.771269043,NA,NA,NA,NA
Study1_recovery,MCNFAC,moderate_g2_q1,51,300,0.3,0.3,2,1,TRUE,1,502,-917.0630597,1940.126119,2136.426591,2017.723505,0.019683958,2869.51,0.986666563,0.003333333,0.996666667,NA,0.127546499,0.105809168,0.278226105,0.108791565,1.490398113,0.083363085,1.3536892
Study1_recovery,MFAC,moderate_g2_q1,52,300,0.3,0.3,2,1,TRUE,1,257,-890.3535974,1878.707195,2060.192536,1950.448174,0.027749482,1585.65,0.973422534,0.006666667,0.993333333,NA,0.198488559,0.14658509,0.663406293,NA,NA,NA,NA
Study1_recovery,MCNFAC,moderate_g2_q1,52,300,0.3,0.3,2,1,TRUE,1,294,-849.3726491,1804.745298,2001.045769,1882.342684,0.027465306,1710.13,0.947201813,0.013333333,0.986666667,NA,0.176772216,0.130852465,0.041117553,0.058020817,1.56095788,0.057253889,1.282914325
Study1_recovery,MFAC,moderate_g2_q1,53,300,0.3,0.3,2,1,TRUE,1,181,-932.8205379,1963.641076,2145.126417,2035.382055,0.027358727,1121.04,0.921330628,0.02,0.98,NA,0.142089775,0.098033252,0.741484906,NA,NA,NA,NA
Study1_recovery,MCNFAC,moderate_g2_q1,53,300,0.3,0.3,2,1,TRUE,1,227,-856.9227822,1819.845564,2016.146036,1897.44295,0.027447706,1357.17,0.960264498,0.01,0.99,NA,0.132390284,0.075895422,0.185592292,0.043721691,4.255404138,0.03422321,3.515049107
Study1_recovery,MFAC,moderate_g2_q1,54,300,0.3,0.3,2,1,TRUE,1,109,-900.570632,1899.141264,2080.626605,1970.882243,0.036713294,730.22,0.934225261,0.016666667,0.983333333,NA,0.166221575,0.120648405,0.518162861,NA,NA,NA,NA
Study1_recovery,MCNFAC,moderate_g2_q1,54,300,0.3,0.3,2,1,TRUE,1,313,-848.5238665,1803.047733,1999.348204,1880.645119,0.030896232,1753.81,0.973422513,0.006666667,0.993333333,NA,0.170509711,0.118499221,0.243578591,0.065251163,1.81504972,0.048163538,1.807060759
Study1_recovery,MFAC,moderate_g2_q1,55,300,0.3,0.3,2,1,TRUE,1,131,-842.2918236,1782.583647,1964.068989,1854.324626,0.02417154,816.12,0.960258158,0.01,0.99,NA,0.161452884,0.122034306,0.649566847,NA,NA,NA,NA
Study1_recovery,MCNFAC,moderate_g2_q1,55,300,0.3,0.3,2,1,TRUE,1,170,-819.6258763,1745.251753,1941.552224,1822.849138,0.023974237,982.7,0.947190692,0.013333333,0.986666667,NA,0.111229666,0.087488776,0.060232354,0.06422976,0.8747854,0.060334099,0.804516236
Study1_recovery,MFAC,moderate_g2_q1,56,300,0.3,0.3,2,1,TRUE,1,303,-916.9151637,1931.830327,2113.315669,2003.571307,0.029391107,1854.83,0.908498646,0.023333333,0.976666667,NA,0.207500001,0.137238786,1.341357543,NA,NA,NA,NA
Study1_recovery,MCNFAC,moderate_g2_q1,56,300,0.3,0.3,2,1,TRUE,1,411,-861.9466312,1829.893262,2026.193734,1907.490648,0.031956777,2395.81,0.921305727,0.02,0.98,NA,0.120407617,0.086223069,0.306022428,0.184638555,1.926245858,0.158948885,1.756602834
Study1_recovery,MFAC,moderate_g2_q1,57,300,0.3,0.3,2,1,TRUE,1,264,-838.7633265,1775.526653,1957.011994,1847.267632,0.023501258,1611.81,0.947170152,0.013333333,0.986666667,NA,0.130467206,0.072627548,0.139865465,NA,NA,NA,NA
Study1_recovery,MCNFAC,moderate_g2_q1,57,300,0.3,0.3,2,1,TRUE,1,295,-805.5371548,1717.07431,1913.374781,1794.671695,0.020704004,1707.2,0.960245989,0.01,0.99,NA,0.10956592,0.076978653,0.236570994,0.084562007,1.515251845,0.079691388,1.457147354
Study1_recovery,MFAC,moderate_g2_q1,58,300,0.3,0.3,2,1,TRUE,1,239,-941.404134,1980.808268,2162.293609,2052.549247,0.036237411,1498.81,0.921281252,0.02,0.98,NA,0.176329328,0.133660394,0.437808348,NA,NA,NA,NA
Study1_recovery,MCNFAC,moderate_g2_q1,58,300,0.3,0.3,2,1,TRUE,1,422,-879.9103956,1865.820791,2062.121262,1943.418177,0.034507034,2484.78,0.908468035,0.023333333,0.976666667,NA,0.179091776,0.136181369,0.229391719,0.023849741,1.532162278,0.018378103,1.094741319
Study1_recovery,MFAC,moderate_g2_q1,59,300,0.3,0.3,2,1,TRUE,1,150,-852.4796311,1802.959262,1984.444603,1874.700241,0.022532332,971.83,0.94720178,0.013333333,0.986666667,NA,0.086541514,0.064837617,0.369064153,NA,NA,NA,NA
Study1_recovery,MCNFAC,moderate_g2_q1,59,300,0.3,0.3,2,1,TRUE,1,285,-810.8262457,1727.652491,1923.952963,1805.249877,0.02429713,1687.36,0.960267564,0.01,0.99,NA,0.127423052,0.0883077,0.167693865,0.12181945,1.343809768,0.121474213,1.34209688
Study1_recovery,MFAC,moderate_g2_q1,60,300,0.3,0.3,2,1,TRUE,1,343,-925.4994183,1948.998837,2130.484178,2020.739816,0.017560231,1987.63,0.986665947,0.003333333,0.996666667,NA,0.20066625,0.150300504,0.636072601,NA,NA,NA,NA
Study1_recovery,MCNFAC,moderate_g2_q1,60,300,0.3,0.3,2,1,TRUE,1,256,-857.313192,1820.626384,2016.926855,1898.22377,0.018084741,1509.05,1,0,1,NA,0.171690917,0.127790837,0.110849895,0.050606102,2.287593057,0.039866847,2.116455983
Study1_recovery,MFAC,moderate_g2_q1,61,300,0.3,0.3,2,1,FALSE,NA,NA,NA,NA,NA,NA,NA,NA,NA,NA,NA,NA,NA,NA,NA,NA,NA,NA,NA
Study1_recovery,MCNFAC,moderate_g2_q1,61,300,0.3,0.3,2,1,TRUE,1,202,-839.4915021,1784.983004,1981.283475,1862.58039,0.010803,895.01,0.973403496,0.006666667,0.993333333,NA,0.107806771,0.07435942,0.022806995,0.033874178,1.706541363,0.032306911,1.706311918
Study1_recovery,MFAC,moderate_g2_q1,62,300,0.3,0.3,2,1,TRUE,1,190,-962.945447,2023.890894,2205.376235,2095.631873,0.038980901,1059.36,0.986664778,0.003333333,0.996666667,NA,0.195041689,0.151188822,0.864123901,NA,NA,NA,NA
Study1_recovery,MCNFAC,moderate_g2_q1,62,300,0.3,0.3,2,1,TRUE,1,228,-884.2882448,1874.57649,2070.876961,1952.173875,0.030829621,1305.08,0.986664778,0.003333333,0.996666667,NA,0.191910951,0.150117008,0.069024909,0.047061112,1.54355594,0.035579934,1.494885417
Study1_recovery,MFAC,moderate_g2_q1,63,300,0.3,0.3,2,1,TRUE,1,114,-969.1851003,2036.370201,2217.855542,2108.11118,0.030444276,650.14,0.934223707,0.016666667,0.983333333,NA,0.202763923,0.14649148,1.049688491,NA,NA,NA,NA
Study1_recovery,MCNFAC,moderate_g2_q1,63,300,0.3,0.3,2,1,TRUE,1,190,-890.1600995,1886.320199,2082.62067,1963.917585,0.032172647,1080.2,0.973422291,0.006666667,0.993333333,NA,0.193164431,0.132980742,0.112973842,0.005102086,3.937419074,0.00509788,3.501630967
Study1_recovery,MFAC,moderate_g2_q1,64,300,0.3,0.3,2,1,TRUE,1,185,-955.5996951,2009.19939,2190.684732,2080.940369,0.034182044,1042.06,0.90849819,0.023333333,0.976666667,NA,0.242370438,0.159007292,0.955844183,NA,NA,NA,NA
Study1_recovery,MCNFAC,moderate_g2_q1,64,300,0.3,0.3,2,1,TRUE,1,200,-893.7095758,1893.419152,2089.719623,1971.016537,0.036404785,1218.86,0.934195432,0.016666667,0.983333333,NA,0.099061994,0.083586634,0.109531677,0.060526089,1.297411081,0.060117306,1.287432114
Study1_recovery,MFAC,moderate_g2_q1,65,300,0.3,0.3,2,1,TRUE,1,366,-901.6241516,1901.248303,2082.733644,1972.989282,0.030598651,2069.64,0.921337402,0.02,0.98,NA,0.138138882,0.096321756,0.507237302,NA,NA,NA,NA
Study1_recovery,MCNFAC,moderate_g2_q1,65,300,0.3,0.3,2,1,TRUE,1,180,-835.1088699,1776.21774,1972.518211,1853.815125,0.027322596,2081.35,0.93422494,0.016666667,0.983333333,NA,0.230928713,0.160407523,0.173330326,0.082508113,1.572666746,0.07747627,1.153028022
Study1_recovery,MFAC,moderate_g2_q1,66,300,0.3,0.3,2,1,TRUE,1,145,-926.4020119,1950.804024,2132.289365,2022.545003,0.031779069,857.79,0.934221644,0.016666667,0.983333333,NA,0.166046792,0.1205098,0.731719129,NA,NA,NA,NA
Study1_recovery,MCNFAC,moderate_g2_q1,66,300,0.3,0.3,2,1,TRUE,1,261,-852.6917704,1811.383541,2007.684012,1888.980926,0.029756907,1573.09,0.934222821,0.016666667,0.983333333,NA,0.16257369,0.131182587,0.102612787,0.027688608,1.938560993,0.021467181,1.912202175
Study1_recovery,MFAC,moderate_g2_q1,67,300,0.3,0.3,2,1,TRUE,1,170,-968.1385832,2034.277166,2215.762508,2106.018146,0.035551663,989.44,0.895827625,0.026666667,0.973333333,NA,0.208944884,0.166495788,1.277560607,NA,NA,NA,NA
Study1_recovery,MCNFAC,moderate_g2_q1,67,300,0.3,0.3,2,1,TRUE,1,214,-901.130155,1908.26031,2104.560781,1985.857696,0.026806029,2177.76,0.960265413,0.01,0.99,NA,0.185030564,0.135972402,0.204787243,0.01560979,0.964320681,0.014674623,0.961581932
Study1_recovery,MFAC,moderate_g2_q1,68,300,0.3,0.3,2,1,TRUE,1,211,-868.3835712,1834.767142,2016.252484,1906.508122,0.032666738,1282.91,0.908492357,0.023333333,0.976666667,NA,0.181499762,0.118937703,0.328275708,NA,NA,NA,NA
Study1_recovery,MCNFAC,moderate_g2_q1,68,300,0.3,0.3,2,1,TRUE,1,332,-801.660946,1709.321892,1905.622363,1786.919278,0.03118637,3413.54,0.934196412,0.016666667,0.983333333,NA,0.234902974,0.130941904,0.063070327,0.067881361,4.811169239,0.067878985,4.038616215
Study1_recovery,MFAC,moderate_g2_q1,69,300,0.3,0.3,2,1,TRUE,3,212,-958.5879882,2015.175976,2196.661318,2086.916955,0.027633855,2380.46,0.934215879,0.016666667,0.983333333,NA,0.216476776,0.147367543,1.325105335,NA,NA,NA,NA
Study1_recovery,MCNFAC,moderate_g2_q1,69,300,0.3,0.3,2,1,TRUE,1,217,-913.8292291,1933.658458,2129.958929,2011.255844,0.021631779,2393.89,0.960261931,0.01,0.99,NA,0.135446424,0.091206595,0.190648177,0.01722618,0.877272784,0.015273043,0.821147139
Study1_recovery,MFAC,moderate_g2_q1,70,300,0.3,0.3,2,1,TRUE,1,250,-851.0330635,1800.066127,1981.551468,1871.807106,0.021173857,1493.59,0.934154548,0.016666667,0.983333333,NA,0.120220995,0.085257393,0.570346708,NA,NA,NA,NA
Study1_recovery,MCNFAC,moderate_g2_q1,70,300,0.3,0.3,2,1,TRUE,1,312,-809.1519843,1724.303969,1920.60444,1801.901354,0.018585175,1475.71,0.960224883,0.01,0.99,NA,0.105857007,0.076141705,0.03687429,0.091997631,3.979709169,0.069664548,3.749132816
Study1_recovery,MFAC,moderate_g2_q1,71,300,0.3,0.3,2,1,TRUE,1,122,-880.0512487,1858.102497,2039.587839,1929.843477,0.027685117,841.36,0.921337116,0.02,0.98,NA,0.192902926,0.153469733,0.533708104,NA,NA,NA,NA
Study1_recovery,MCNFAC,moderate_g2_q1,71,300,0.3,0.3,2,1,TRUE,1,339,-842.6038657,1791.207731,1987.508203,1868.805117,0.023589552,2187.11,0.947201562,0.013333333,0.986666667,NA,0.162953365,0.138201475,0.077748509,0.049804955,1.836256852,0.036348702,1.422845048
Study1_recovery,MFAC,moderate_g2_q1,72,300,0.3,0.3,2,1,TRUE,1,184,-881.0661436,1860.132287,2041.617628,1931.873266,0.024111381,1287.3,0.908424497,0.023333333,0.976666667,NA,0.176150421,0.118604346,0.85684562,NA,NA,NA,NA
Study1_recovery,MCNFAC,moderate_g2_q1,72,300,0.3,0.3,2,1,TRUE,1,331,-853.3620804,1812.724161,2009.024632,1890.321546,0.021185596,2044.97,0.908440695,0.023333333,0.976666667,NA,0.133036526,0.098172444,0.19046796,0.0125767,2.189554039,0.008995866,1.74478047
Study1_recovery,MFAC,moderate_g2_q1,73,300,0.3,0.3,2,1,TRUE,1,411,-915.4737456,1928.947491,2110.432832,2000.68847,0.020667078,2747.56,0.934182311,0.016666667,0.983333333,NA,0.26240951,0.195966033,1.511968523,NA,NA,NA,NA
Study1_recovery,MCNFAC,moderate_g2_q1,73,300,0.3,0.3,2,1,TRUE,1,238,-844.355704,1794.711408,1991.011879,1872.308794,0.021535003,1507.68,0.960249579,0.01,0.99,NA,0.245316814,0.191404834,0.154415416,0.021200992,2.965721844,0.02116387,2.233795009
Study1_recovery,MFAC,moderate_g2_q1,74,300,0.3,0.3,2,1,TRUE,1,222,-897.1279954,1892.255991,2073.741332,1963.99697,0.020566025,1571.49,1,0,1,NA,0.242144643,0.189052248,0.836093822,NA,NA,NA,NA
Study1_recovery,MCNFAC,moderate_g2_q1,74,300,0.3,0.3,2,1,TRUE,1,297,-821.07302,1748.14604,1944.446511,1825.743426,0.016102349,1833.55,0.96026761,0.01,0.99,NA,0.173679923,0.144464749,0.113790362,0.056562375,4.107989242,0.053593715,3.809121817
Study1_recovery,MFAC,moderate_g2_q1,75,300,0.3,0.3,2,1,TRUE,1,217,-883.9152,1865.8304,2047.315741,1937.571379,0.037197309,1535.75,0.908490902,0.023333333,0.976666667,NA,0.190165023,0.136010058,0.734714448,NA,NA,NA,NA
Study1_recovery,MCNFAC,moderate_g2_q1,75,300,0.3,0.3,2,1,TRUE,1,323,-834.1726796,1774.345359,1970.64583,1851.942745,0.029504286,2022.04,0.934195759,0.016666667,0.983333333,NA,0.11921885,0.095703305,0.133950624,0.032171522,1.269315077,0.023073525,1.260055637
Study1_recovery,MFAC,moderate_g2_q1,76,300,0.3,0.3,2,1,TRUE,1,229,-959.6553467,2017.310693,2198.796035,2089.051673,0.04029042,1569.98,0.895830189,0.026666667,0.973333333,NA,0.142754029,0.119968016,0.700806437,NA,NA,NA,NA
Study1_recovery,MCNFAC,moderate_g2_q1,76,300,0.3,0.3,2,1,TRUE,1,235,-902.690213,1911.380426,2107.680897,1988.977812,0.031492971,1470.45,0.908539149,0.023333333,0.976666667,NA,0.117036405,0.09497942,0.172930706,0.146057858,2.714499348,0.116521316,2.704629662
Study1_recovery,MFAC,moderate_g2_q1,77,300,0.3,0.3,2,1,TRUE,1,190,-931.6058337,1961.211667,2142.697009,2032.952646,0.036864228,1301.87,0.908529884,0.023333333,0.976666667,NA,0.164523014,0.110572006,0.90131009,NA,NA,NA,NA
Study1_recovery,MCNFAC,moderate_g2_q1,77,300,0.3,0.3,2,1,TRUE,1,220,-862.3403822,1830.680764,2026.981236,1908.27815,0.037589599,1369.85,0.908534867,0.023333333,0.976666667,NA,0.124939833,0.087295113,0.134026471,0.053800451,1.639389323,0.052563389,1.402677942
Study1_recovery,MFAC,moderate_g2_q1,78,300,0.3,0.3,2,1,TRUE,1,118,-961.3042789,2020.608558,2202.093899,2092.349537,0.025391511,923.36,0.921260158,0.02,0.98,NA,0.272425107,0.199896419,0.831886535,NA,NA,NA,NA
Study1_recovery,MCNFAC,moderate_g2_q1,78,300,0.3,0.3,2,1,TRUE,1,198,-881.9266443,1869.853289,2066.15376,1947.450674,0.029378293,1241.28,0.921260158,0.02,0.98,NA,0.170057802,0.127803651,0.123840604,0.031023635,3.561228772,0.026485045,3.463719723
Study1_recovery,MFAC,moderate_g2_q1,79,300,0.3,0.3,2,1,TRUE,1,259,-927.8497729,1953.699546,2135.184887,2025.440525,0.027621835,1754.47,0.960258158,0.01,0.99,NA,0.145740397,0.109611631,0.868844414,NA,NA,NA,NA
Study1_recovery,MCNFAC,moderate_g2_q1,79,300,0.3,0.3,2,1,TRUE,1,225,-867.4182319,1840.836464,2037.136935,1918.433849,0.022357934,1382.9,0.947190692,0.013333333,0.986666667,NA,0.119920951,0.092926504,0.115260086,0.048576708,1.939415541,0.04852835,1.709084024
Study1_recovery,MFAC,moderate_g2_q1,80,300,0.3,0.3,2,1,TRUE,1,309,-937.8832288,1973.766458,2155.251799,2045.507437,0.039639871,2146.04,0.89582121,0.026666667,0.973333333,NA,0.225923074,0.16432125,0.754762922,NA,NA,NA,NA
Study1_recovery,MCNFAC,moderate_g2_q1,80,300,0.3,0.3,2,1,TRUE,1,456,-858.3378238,1822.675648,2018.976119,1900.273033,0.036910113,2850.19,0.934221644,0.016666667,0.983333333,NA,0.237252763,0.171702297,0.157828871,0.042219624,3.211112687,0.042108095,2.334305726
Study1_recovery,MFAC,moderate_g2_q1,1,500,0,0,2,1,TRUE,1,174,-1751.072388,3600.144777,3806.660574,3721.279439,0.026613759,614.31,0.936886599,0.016,0.984,NA,0.157661426,0.121972224,0.833626417,NA,NA,NA,NA
Study1_recovery,MCNFAC,moderate_g2_q1,1,500,0,0,2,1,TRUE,1,204,-1579.790749,3265.581498,3488.955728,3396.604704,0.025784074,702.82,0.968188193,0.008,0.992,NA,0.159640037,0.109998197,0.095968452,0.051451309,1.112763916,0.048287534,1.098106671
Study1_recovery,MFAC,moderate_g2_q1,2,500,0,0,2,1,TRUE,1,161,-1728.275517,3554.551033,3761.06683,3675.685695,0.02909705,499.18,0.968192244,0.008,0.992,NA,0.081820003,0.061721453,0.657083906,NA,NA,NA,NA
Study1_recovery,MCNFAC,moderate_g2_q1,2,500,0,0,2,1,TRUE,1,236,-1569.286372,3244.572744,3467.946973,3375.59595,0.027001428,779.94,0.968192309,0.008,0.992,NA,0.076645817,0.05089313,0.12600001,0.018135558,0.084616633,0.013786851,0.080397023
Study1_recovery,MFAC,moderate_g2_q1,3,500,0,0,2,1,TRUE,1,155,-1798.665403,3695.330805,3901.846602,3816.465467,0.02190987,475.82,0.944668614,0.014,0.986,NA,0.174436248,0.111467849,0.826521987,NA,NA,NA,NA
Study1_recovery,MCNFAC,moderate_g2_q1,3,500,0,0,2,1,TRUE,1,230,-1652.147134,3410.294269,3633.668498,3541.317475,0.022200471,746.74,0.952477254,0.012,0.988,NA,0.114482872,0.080543327,0.065563001,0.031777907,0.730462742,0.030219456,0.602348604
Study1_recovery,MFAC,moderate_g2_q1,4,500,0,0,2,1,TRUE,1,168,-1767.942671,3633.885341,3840.401138,3755.020003,0.022699073,521.16,0.96819238,0.008,0.992,NA,0.126121399,0.102782679,0.699060053,NA,NA,NA,NA
Study1_recovery,MCNFAC,moderate_g2_q1,4,500,0,0,2,1,TRUE,1,239,-1612.537347,3331.074694,3554.448923,3462.097899,0.019811354,800.01,0.976096186,0.006,0.994,NA,0.101982275,0.082122245,0.068500453,0.024372941,0.224457176,0.018838222,0.163773241
Study1_recovery,MFAC,moderate_g2_q1,5,500,0,0,2,1,TRUE,1,153,-1881.340548,3860.681095,4067.196892,3981.815757,0.034266772,475.47,0.944640791,0.014,0.986,NA,0.187455242,0.12554699,1.018775677,NA,NA,NA,NA
Study1_recovery,MCNFAC,moderate_g2_q1,5,500,0,0,2,1,TRUE,1,232,-1719.606034,3545.212067,3768.586296,3676.235273,0.029644879,774.34,0.944644337,0.014,0.986,NA,0.154146006,0.11210804,0.080968441,0.045886303,0.259171105,0.041206936,0.215784265
Study1_recovery,MFAC,moderate_g2_q1,6,500,0,0,2,1,TRUE,1,236,-1765.334414,3628.668829,3835.184625,3749.80349,0.03867961,727.9,0.868360294,0.034,0.966,NA,0.142132168,0.112814716,0.727961196,NA,NA,NA,NA
Study1_recovery,MCNFAC,moderate_g2_q1,6,500,0,0,2,1,TRUE,1,324,-1589.451884,3284.903768,3508.277997,3415.926973,0.042406983,1032.15,0.890917454,0.028,0.972,NA,0.099653315,0.0800348,0.049988393,0.018309731,0.188102871,0.018155966,0.174109104
Study1_recovery,MFAC,moderate_g2_q1,7,500,0,0,2,1,TRUE,1,178,-1835.802764,3769.605528,3976.121325,3890.74019,0.035251064,542.97,0.929147252,0.018,0.982,NA,0.136090105,0.111728861,0.944023693,NA,NA,NA,NA
Study1_recovery,MCNFAC,moderate_g2_q1,7,500,0,0,2,1,TRUE,1,260,-1666.675856,3439.351712,3662.725941,3570.374917,0.037608153,851.39,0.952478495,0.012,0.988,NA,0.08360752,0.066821604,0.055402929,0.012574929,1.022124735,0.01235626,1.013609525
Study1_recovery,MFAC,moderate_g2_q1,8,500,0,0,2,1,TRUE,1,141,-1805.073977,3708.147954,3914.66375,3829.282615,0.028089568,431.42,0.952480051,0.012,0.988,NA,0.091981304,0.071303305,0.713574591,NA,NA,NA,NA
Study1_recovery,MCNFAC,moderate_g2_q1,8,500,0,0,2,1,TRUE,1,191,-1655.994114,3417.988227,3641.362457,3549.011433,0.026835159,622.67,0.968192068,0.008,0.992,NA,0.110369057,0.084269895,0.029282274,0.009272421,0.470112599,0.009234279,0.368676025
Study1_recovery,MFAC,moderate_g2_q1,9,500,0,0,2,1,TRUE,1,155,-1862.066032,3822.132064,4028.64786,3943.266725,0.033698544,478.86,0.936880717,0.016,0.984,NA,0.130094453,0.103609581,1.009634079,NA,NA,NA,NA
Study1_recovery,MCNFAC,moderate_g2_q1,9,500,0,0,2,1,TRUE,1,208,-1648.156282,3402.312563,3625.686793,3533.335769,0.033938535,664.88,0.929138524,0.018,0.982,NA,0.149226555,0.110188722,0.135945226,0.015600683,1.305792021,0.01127771,1.264991313
Study1_recovery,MFAC,moderate_g2_q1,10,500,0,0,2,1,TRUE,1,144,-1847.778754,3793.557508,4000.073305,3914.69217,0.034216921,445.1,0.94466102,0.014,0.986,NA,0.090363666,0.074708457,0.945500425,NA,NA,NA,NA
Study1_recovery,MCNFAC,moderate_g2_q1,10,500,0,0,2,1,TRUE,1,218,-1676.225268,3458.450536,3681.824766,3589.473742,0.028838987,700.52,0.944664192,0.014,0.986,NA,0.09519947,0.074232376,0.116943717,0.012495906,1.006650274,0.008973775,0.751921665
Study1_recovery,MFAC,moderate_g2_q1,11,500,0,0,2,1,TRUE,1,176,-1824.036381,3746.072762,3952.588559,3867.207424,0.023398026,541.83,0.944664132,0.014,0.986,NA,0.176190106,0.143226563,0.629461061,NA,NA,NA,NA
Study1_recovery,MCNFAC,moderate_g2_q1,11,500,0,0,2,1,TRUE,1,270,-1629.44159,3364.883179,3588.257409,3495.906385,0.021675433,784.1,0.96818749,0.008,0.992,NA,0.134736402,0.09464678,0.141167853,0.018809064,1.19583727,0.018719758,0.98995499
Study1_recovery,MFAC,moderate_g2_q1,12,500,0,0,2,1,TRUE,1,192,-1758.168144,3614.336288,3820.852085,3735.47095,0.026943418,587.43,0.944673064,0.014,0.986,NA,0.092160905,0.067927802,0.906867663,NA,NA,NA,NA
Study1_recovery,MCNFAC,moderate_g2_q1,12,500,0,0,2,1,TRUE,1,286,-1609.462085,3324.924169,3548.298399,3455.947375,0.02621923,782.63,0.93689753,0.016,0.984,NA,0.086573313,0.063554388,0.049989501,0.02400985,0.708754557,0.021769476,0.516312746
Study1_recovery,MFAC,moderate_g2_q1,13,500,0,0,2,1,TRUE,1,182,-1839.658772,3777.317543,3983.83334,3898.452205,0.027352198,537.93,0.960320569,0.01,0.99,NA,0.114789684,0.079810641,1.100680875,NA,NA,NA,NA
Study1_recovery,MCNFAC,moderate_g2_q1,13,500,0,0,2,1,TRUE,1,261,-1682.420256,3470.840513,3694.214742,3601.863718,0.027016717,854.48,0.968192344,0.008,0.992,NA,0.065295247,0.05692576,0.140886155,0.03164496,0.546488418,0.031156601,0.513987666
Study1_recovery,MFAC,moderate_g2_q1,14,500,0,0,2,1,TRUE,1,182,-1800.685499,3699.370997,3905.886794,3820.505659,0.037905567,539.33,0.968189416,0.008,0.992,NA,0.113395309,0.080523358,0.926533988,NA,NA,NA,NA
Study1_recovery,MCNFAC,moderate_g2_q1,14,500,0,0,2,1,TRUE,1,223,-1657.239451,3420.478902,3643.853132,3551.502108,0.033492312,735.51,0.952478072,0.012,0.988,NA,0.079223596,0.059968806,0.051774729,0.027751971,0.615744238,0.022076461,0.457499177
Study1_recovery,MFAC,moderate_g2_q1,15,500,0,0,2,1,TRUE,1,136,-1759.095651,3616.191302,3822.707099,3737.325964,0.02262819,393.22,0.94467014,0.014,0.986,NA,0.090854253,0.0613752,0.583970492,NA,NA,NA,NA
Study1_recovery,MCNFAC,moderate_g2_q1,15,500,0,0,2,1,TRUE,1,260,-1630.003782,3366.007564,3589.381793,3497.030769,0.023470106,851.86,0.960318783,0.01,0.99,NA,0.104387946,0.065796555,0.036030705,0.015010079,0.907209451,0.014973626,0.83037192
Study1_recovery,MFAC,moderate_g2_q1,16,500,0,0,2,1,TRUE,1,256,-1777.504678,3653.009357,3859.525154,3774.144019,0.031903681,768.64,0.921442409,0.02,0.98,NA,0.134816406,0.080394351,1.042389204,NA,NA,NA,NA
Study1_recovery,MCNFAC,moderate_g2_q1,16,500,0,0,2,1,FALSE,NA,NA,NA,NA,NA,NA,NA,NA,NA,NA,NA,NA,NA,NA,NA,NA,NA,NA,NA
Study1_recovery,MFAC,moderate_g2_q1,17,500,0,0,2,1,TRUE,1,165,-1839.689768,3777.379536,3983.895333,3898.514198,0.033439633,486.65,0.936896955,0.016,0.984,NA,0.078534926,0.06455415,0.869164317,NA,NA,NA,NA
Study1_recovery,MCNFAC,moderate_g2_q1,17,500,0,0,2,1,TRUE,1,277,-1672.431565,3450.863129,3674.237359,3581.886335,0.029999219,908.17,0.944672883,0.014,0.986,NA,0.058035089,0.047163631,0.129530573,0.038656482,0.384805011,0.035017069,0.336658924
Study1_recovery,MFAC,moderate_g2_q1,18,500,0,0,2,1,TRUE,1,240,-1845.118404,3788.236807,3994.752604,3909.371469,0.025984383,712.96,0.952473625,0.012,0.988,NA,0.165043945,0.124234011,0.858957205,NA,NA,NA,NA
Study1_recovery,MCNFAC,moderate_g2_q1,18,500,0,0,2,1,TRUE,1,219,-1701.214011,3508.428021,3731.80225,3639.451227,0.030853253,728.99,0.952474723,0.012,0.988,NA,0.104681344,0.069711472,0.060388902,0.01719984,0.27897371,0.016909988,0.248697777
Study1_recovery,MFAC,moderate_g2_q1,19,500,0,0,2,1,TRUE,1,156,-1799.70074,3697.401479,3903.917276,3818.536141,0.027946509,457,0.968191341,0.008,0.992,NA,0.103987682,0.074899546,0.715231856,NA,NA,NA,NA
Study1_recovery,MCNFAC,moderate_g2_q1,19,500,0,0,2,1,TRUE,1,276,-1647.506453,3401.012905,3624.387135,3532.036111,0.02650994,908.44,0.97609551,0.006,0.994,NA,0.07127177,0.043275726,0.030721358,0.017141395,0.562629543,0.013519319,0.518086475
Study1_recovery,MFAC,moderate_g2_q1,20,500,0,0,2,1,TRUE,1,159,-1734.516081,3567.032162,3773.547959,3688.166824,0.033584087,471.05,0.952479742,0.012,0.988,NA,0.131730773,0.101077784,0.483520365,NA,NA,NA,NA
Study1_recovery,MCNFAC,moderate_g2_q1,20,500,0,0,2,1,TRUE,1,200,-1574.22733,3254.454661,3477.82889,3385.477866,0.029591338,660.22,0.936896586,0.016,0.984,NA,0.131088929,0.100626414,0.023297691,0.0439485,0.697827091,0.043774388,0.695712761
Study1_recovery,MFAC,moderate_g2_q1,21,500,0,0,2,1,TRUE,1,150,-1718.090235,3534.180471,3740.696267,3655.315132,0.034957925,438.1,0.960315829,0.01,0.99,NA,0.089874667,0.068138986,0.571320417,NA,NA,NA,NA
Study1_recovery,MCNFAC,moderate_g2_q1,21,500,0,0,2,1,TRUE,1,181,-1586.558527,3279.117054,3502.491283,3410.140259,0.031368736,594.75,0.960315829,0.01,0.99,NA,0.075444178,0.060907666,0.060548759,0.042379852,1.689554269,0.035116424,1.608090129
Study1_recovery,MFAC,moderate_g2_q1,22,500,0,0,2,1,TRUE,1,157,-1771.448618,3640.897236,3847.413032,3762.031897,0.024161453,462.47,0.95248096,0.012,0.988,NA,0.119722756,0.080086765,0.57237121,NA,NA,NA,NA
Study1_recovery,MCNFAC,moderate_g2_q1,22,500,0,0,2,1,TRUE,1,197,-1629.169345,3364.338689,3587.712919,3495.361895,0.023136561,651.4,0.968192383,0.008,0.992,NA,0.097043419,0.062057673,0.031041504,0.02761257,0.711654754,0.026768188,0.591341137
Study1_recovery,MFAC,moderate_g2_q1,23,500,0,0,2,1,TRUE,1,150,-1711.902448,3521.804896,3728.320693,3642.939558,0.033096603,437.71,0.960319979,0.01,0.99,NA,0.055026513,0.041673096,0.518853552,NA,NA,NA,NA
Study1_recovery,MCNFAC,moderate_g2_q1,23,500,0,0,2,1,TRUE,1,248,-1572.595736,3251.191473,3474.565702,3382.214678,0.027864562,818.04,0.952480294,0.012,0.988,NA,0.040950878,0.030361401,0.108291413,0.032571677,0.993999103,0.02648362,0.91559779
Study1_recovery,MFAC,moderate_g2_q1,24,500,0,0,2,1,TRUE,1,174,-1783.338902,3664.677803,3871.1936,3785.812465,0.027886862,538.28,0.96819209,0.008,0.992,NA,0.082250522,0.06547836,0.750515136,NA,NA,NA,NA
Study1_recovery,MCNFAC,moderate_g2_q1,24,500,0,0,2,1,TRUE,1,235,-1623.480836,3352.961671,3576.335901,3483.984877,0.026696213,772.2,0.960320361,0.01,0.99,NA,0.072867679,0.055381608,0.047982179,0.045350737,2.814656878,0.045059715,2.647801432
Study1_recovery,MFAC,moderate_g2_q1,25,500,0,0,2,1,TRUE,1,177,-1730.577056,3559.154113,3765.66991,3680.288775,0.028946167,563.09,0.936884722,0.016,0.984,NA,0.163444524,0.119566585,0.649585318,NA,NA,NA,NA
Study1_recovery,MCNFAC,moderate_g2_q1,25,500,0,0,2,1,TRUE,1,232,-1599.314746,3304.629493,3528.003722,3435.652699,0.029154068,766.86,0.952471117,0.012,0.988,NA,0.148439513,0.094169731,0.121729933,0.022417089,1.409062605,0.022051829,1.301804111
Study1_recovery,MFAC,moderate_g2_q1,26,500,0,0,2,1,TRUE,1,176,-1681.017573,3460.035145,3666.550942,3581.169807,0.024550681,554.45,0.944652707,0.014,0.986,NA,0.087109918,0.069363515,0.77390432,NA,NA,NA,NA
Study1_recovery,MCNFAC,moderate_g2_q1,26,500,0,0,2,1,TRUE,1,284,-1568.421894,3242.843788,3466.218017,3373.866994,0.023514767,921.38,0.944652707,0.014,0.986,NA,0.094247708,0.073646722,0.043295756,0.042139468,1.283402996,0.039045036,1.160764755
Study1_recovery,MFAC,moderate_g2_q1,27,500,0,0,2,1,TRUE,1,188,-1833.787544,3765.575089,3972.090886,3886.709751,0.028581948,583.7,0.921440892,0.02,0.98,NA,0.131958854,0.09074843,0.889182203,NA,NA,NA,NA
Study1_recovery,MCNFAC,moderate_g2_q1,27,500,0,0,2,1,TRUE,1,320,-1681.272699,3468.545397,3691.919627,3599.568603,0.030108953,1050.68,0.936896569,0.016,0.984,NA,0.1131214,0.077394388,0.044470996,0.051907123,0.879694558,0.046771384,0.623490467
Study1_recovery,MFAC,moderate_g2_q1,28,500,0,0,2,1,TRUE,1,248,-1747.185789,3592.371577,3798.887374,3713.506239,0.031014832,775.72,0.936896637,0.016,0.984,NA,0.107794422,0.083553455,0.517401376,NA,NA,NA,NA
Study1_recovery,MCNFAC,moderate_g2_q1,28,500,0,0,2,1,TRUE,1,234,-1584.252117,3274.504234,3497.878464,3405.52744,0.026865339,782.63,0.936896637,0.016,0.984,NA,0.106194613,0.087460565,0.042635972,0.054540153,1.35144006,0.053314192,1.245578562
Study1_recovery,MFAC,moderate_g2_q1,29,500,0,0,2,1,TRUE,1,223,-1761.390421,3620.780841,3827.296638,3741.915503,0.024683283,690.63,0.936858561,0.016,0.984,NA,0.103667426,0.077364589,0.836924307,NA,NA,NA,NA
Study1_recovery,MCNFAC,moderate_g2_q1,29,500,0,0,2,1,TRUE,1,273,-1651.030484,3408.060968,3631.435197,3539.084174,0.02455461,896.63,0.94464069,0.014,0.986,NA,0.080681769,0.061689001,0.135014254,0.062812431,1.630834491,0.046967682,1.399309212
Study1_recovery,MFAC,moderate_g2_q1,30,500,0,0,2,1,TRUE,1,147,-1839.371981,3776.743962,3983.259759,3897.878624,0.040226564,449.85,0.906110344,0.024,0.976,NA,0.070327535,0.051783499,0.7043958,NA,NA,NA,NA
Study1_recovery,MCNFAC,moderate_g2_q1,30,500,0,0,2,1,TRUE,1,240,-1675.788316,3457.576631,3680.95086,3588.599837,0.039705234,778.16,0.929150991,0.018,0.982,NA,0.084617975,0.064749389,0.035720102,0.058482829,0.72156051,0.055882189,0.714774264
Study1_recovery,MFAC,moderate_g2_q1,31,500,0,0,2,1,TRUE,1,241,-1773.591117,3645.182234,3851.69803,3766.316895,0.034282397,747.56,0.968192349,0.008,0.992,NA,0.062295963,0.041116773,0.813454151,NA,NA,NA,NA
Study1_recovery,MCNFAC,moderate_g2_q1,31,500,0,0,2,1,TRUE,1,409,-1580.319087,3266.638174,3490.012403,3397.661379,0.030898745,1325.42,0.960320609,0.01,0.99,NA,0.068657199,0.046719556,0.037287446,0.031929563,0.767520596,0.028393667,0.766454526
Study1_recovery,MFAC,moderate_g2_q1,32,500,0,0,2,1,TRUE,1,196,-1739.593276,3577.186551,3783.702348,3698.321213,0.029447096,608.93,0.960317863,0.01,0.99,NA,0.10230301,0.068303193,0.750203515,NA,NA,NA,NA
Study1_recovery,MCNFAC,moderate_g2_q1,32,500,0,0,2,1,TRUE,1,232,-1581.055389,3268.110777,3491.485007,3399.133983,0.02737919,773.16,0.968190722,0.008,0.992,NA,0.144101379,0.093522085,0.095920087,0.041917258,1.450203301,0.041911216,1.031167355
Study1_recovery,MFAC,moderate_g2_q1,33,500,0,0,2,1,TRUE,1,159,-1832.897936,3763.795871,3970.311668,3884.930533,0.026369002,498.67,0.944673281,0.014,0.986,NA,0.091607175,0.061977542,0.895019003,NA,NA,NA,NA
Study1_recovery,MCNFAC,moderate_g2_q1,33,500,0,0,2,1,TRUE,1,210,-1658.684793,3423.369586,3646.743816,3554.392792,0.025879129,698.25,0.952480916,0.012,0.988,NA,0.119762371,0.077779732,0.025405824,0.024033646,0.515151887,0.020897779,0.443749695
Study1_recovery,MFAC,moderate_g2_q1,34,500,0,0,2,1,TRUE,1,119,-1805.6151,3709.230201,3915.745998,3830.364863,0.039606037,359.25,0.890888097,0.028,0.972,NA,0.105822529,0.075508058,0.783439483,NA,NA,NA,NA
Study1_recovery,MCNFAC,moderate_g2_q1,34,500,0,0,2,1,TRUE,1,229,-1667.20118,3440.402361,3663.77659,3571.425567,0.036788911,434.17,0.890892047,0.028,0.972,NA,0.099154738,0.076532795,0.093662317,0.051049083,1.668376577,0.046974909,1.659803785
Study1_recovery,MFAC,moderate_g2_q1,35,500,0,0,2,1,TRUE,1,200,-1830.685959,3759.371919,3965.887715,3880.50658,0.028213493,652.75,0.968192068,0.008,0.992,NA,0.131075907,0.08132728,1.042629916,NA,NA,NA,NA
Study1_recovery,MCNFAC,moderate_g2_q1,35,500,0,0,2,1,TRUE,1,324,-1653.636661,3413.273323,3636.647552,3544.296528,0.02595494,2742.8,0.984031954,0.004,0.996,NA,0.126757498,0.084636906,0.076943552,0.051222962,0.253413194,0.044280904,0.18927508
Study1_recovery,MFAC,moderate_g2_q1,36,500,0,0,2,1,TRUE,1,155,-1873.990913,3845.981827,4052.497624,3967.116489,0.034224947,465.58,0.944673302,0.014,0.986,NA,0.173474153,0.116766725,0.86165056,NA,NA,NA,NA
Study1_recovery,MCNFAC,moderate_g2_q1,36,500,0,0,2,1,TRUE,1,244,-1686.57972,3479.15944,3702.533669,3610.182645,0.035499347,2073.31,0.929154366,0.018,0.982,NA,0.156842874,0.115505126,0.22743823,0.022129815,0.969857827,0.020499189,0.695856597
Study1_recovery,MFAC,moderate_g2_q1,37,500,0,0,2,1,TRUE,1,182,-1813.038622,3724.077243,3930.59304,3845.211905,0.032616425,547.54,0.936869769,0.016,0.984,NA,0.143509021,0.099356321,0.962831457,NA,NA,NA,NA
Study1_recovery,MCNFAC,moderate_g2_q1,37,500,0,0,2,1,TRUE,1,223,-1686.049204,3478.098408,3701.472638,3609.121614,0.029294917,1900.68,0.921411687,0.02,0.98,NA,0.141270549,0.101535448,0.081107645,0.01748924,0.829292544,0.017349012,0.707476406
Study1_recovery,MFAC,moderate_g2_q1,38,500,0,0,2,1,TRUE,1,172,-1792.410474,3682.820949,3889.336746,3803.955611,0.027565955,518.97,0.921441548,0.02,0.98,NA,0.140055611,0.0979975,0.708755305,NA,NA,NA,NA
Study1_recovery,MCNFAC,moderate_g2_q1,38,500,0,0,2,1,TRUE,1,294,-1616.437601,3338.875202,3562.249431,3469.898407,0.027627445,2504.58,0.921442104,0.02,0.98,NA,0.10970853,0.07573202,0.045291395,0.061964769,0.345917199,0.05036936,0.329412129
Study1_recovery,MFAC,moderate_g2_q1,39,500,0,0,2,1,TRUE,1,156,-1682.843867,3463.687733,3670.20353,3584.822395,0.032548516,468.74,0.92144278,0.02,0.98,NA,0.113534488,0.086218511,0.483362761,NA,NA,NA,NA
Study1_recovery,MCNFAC,moderate_g2_q1,39,500,0,0,2,1,TRUE,1,198,-1539.231619,3184.463239,3407.837468,3315.486444,0.029052608,1686.82,0.929154088,0.018,0.982,NA,0.131728431,0.100680339,0.047505467,0.039311374,2.908391635,0.038240764,2.79752155
Study1_recovery,MFAC,moderate_g2_q1,40,500,0,0,2,1,TRUE,1,271,-1788.495753,3674.991507,3881.507304,3796.126169,0.032720148,1250.2,0.952477254,0.012,0.988,NA,0.106951169,0.080255046,1.113280398,NA,NA,NA,NA
Study1_recovery,MCNFAC,moderate_g2_q1,40,500,0,0,2,1,TRUE,1,441,-1652.259671,3410.519342,3633.893571,3541.542547,0.030820353,3085.36,0.944669429,0.014,0.986,NA,0.099998172,0.081525743,0.118104508,0.021902806,0.612519918,0.018805148,0.498411976
Study1_recovery,MFAC,moderate_g2_q1,41,500,0,0,2,1,TRUE,1,169,-1769.645285,3637.29057,3843.806367,3758.425232,0.032432008,512.1,0.936884722,0.016,0.984,NA,0.177670089,0.132404528,0.768834148,NA,NA,NA,NA
Study1_recovery,MCNFAC,moderate_g2_q1,41,500,0,0,2,1,TRUE,1,266,-1641.886655,3389.773311,3613.14754,3520.796516,0.029198992,2255.47,0.936888086,0.016,0.984,NA,0.116418174,0.091684057,0.202049567,0.020254558,0.924018943,0.020179578,0.675560599
Study1_recovery,MFAC,moderate_g2_q1,42,500,0,0,2,1,TRUE,1,164,-1847.091648,3792.183295,3998.699092,3913.317957,0.035299387,488.98,0.921441781,0.02,0.98,NA,0.083500566,0.061174081,0.920764677,NA,NA,NA,NA
Study1_recovery,MCNFAC,moderate_g2_q1,42,500,0,0,2,1,TRUE,1,220,-1659.77923,3425.558461,3648.93269,3556.581666,0.031505028,1869.2,0.960320438,0.01,0.99,NA,0.051722834,0.042450106,0.16248386,0.034780874,1.146431972,0.034086787,1.101434378
Study1_recovery,MFAC,moderate_g2_q1,43,500,0,0,2,1,TRUE,1,152,-1719.445622,3536.891244,3743.407041,3658.025906,0.026559207,449.31,0.936862545,0.016,0.984,NA,0.088833417,0.068966273,0.545809922,NA,NA,NA,NA
Study1_recovery,MCNFAC,moderate_g2_q1,43,500,0,0,2,1,TRUE,1,249,-1592.830357,3291.660714,3515.034943,3422.683919,0.026312645,2104.99,0.936862545,0.016,0.984,NA,0.076188256,0.055953098,0.032304756,0.026852615,0.763729298,0.023335243,0.628518041
Study1_recovery,MFAC,moderate_g2_q1,44,500,0,0,2,1,TRUE,1,132,-1819.985622,3737.971244,3944.487041,3859.105906,0.027097761,392.39,0.936884722,0.016,0.984,NA,0.117063804,0.074945602,0.742684879,NA,NA,NA,NA
Study1_recovery,MCNFAC,moderate_g2_q1,44,500,0,0,2,1,TRUE,1,211,-1686.127961,3478.255923,3701.630152,3609.279129,0.02309906,1737.39,0.929140621,0.018,0.982,NA,0.118093995,0.075495825,0.152837789,0.021701119,0.662427591,0.017161549,0.660221799
Study1_recovery,MFAC,moderate_g2_q1,45,500,0,0,2,1,TRUE,1,114,-1831.899863,3761.799726,3968.315523,3882.934388,0.033272642,341.9,0.929151805,0.018,0.982,NA,0.145607827,0.105759523,0.891167588,NA,NA,NA,NA
Study1_recovery,MCNFAC,moderate_g2_q1,45,500,0,0,2,1,TRUE,1,242,-1629.650285,3365.300571,3588.6748,3496.323776,0.029411559,2012.92,0.97609551,0.006,0.994,NA,0.163926397,0.132979334,0.126652056,0.021162708,1.115209506,0.015974534,0.827651138
Study1_recovery,MFAC,moderate_g2_q1,46,500,0,0,2,1,TRUE,1,147,-1753.403668,3604.807337,3811.323134,3725.941999,0.023640363,601.05,0.94465921,0.014,0.986,NA,0.101923226,0.071685217,0.771080943,NA,NA,NA,NA
Study1_recovery,MCNFAC,moderate_g2_q1,46,500,0,0,2,1,TRUE,1,219,-1611.319127,3328.638255,3552.012484,3459.661461,0.024583931,700.35,0.952469609,0.012,0.988,NA,0.077902065,0.053158725,0.057923204,0.016605506,0.384130883,0.0137243,0.303591606
Study1_recovery,MFAC,moderate_g2_q1,47,500,0,0,2,1,TRUE,1,333,-2016.628428,4131.256855,4337.772652,4252.391517,0.03105933,1372.91,0.929154407,0.018,0.982,NA,0.122378554,0.095896084,1.295051918,NA,NA,NA,NA
Study1_recovery,MCNFAC,moderate_g2_q1,47,500,0,0,2,1,FALSE,NA,NA,NA,NA,NA,NA,NA,NA,NA,NA,NA,NA,NA,NA,NA,NA,NA,NA,NA
Study1_recovery,MFAC,moderate_g2_q1,48,500,0,0,2,1,TRUE,1,185,-1789.830905,3677.661809,3884.177606,3798.796471,0.026731763,946.57,0.944672883,0.014,0.986,NA,0.124488616,0.091736674,0.67206745,NA,NA,NA,NA
Study1_recovery,MCNFAC,moderate_g2_q1,48,500,0,0,2,1,TRUE,1,279,-1654.539593,3415.079187,3638.453416,3546.102392,0.026447519,880.16,0.929154149,0.018,0.982,NA,0.107555028,0.082931762,0.060366795,0.060654157,1.153986526,0.060588117,1.133649267
Study1_recovery,MFAC,moderate_g2_q1,49,500,0,0,2,1,TRUE,1,229,-1848.332476,3794.664951,4001.180748,3915.799613,0.027305768,1067.16,0.976084914,0.006,0.994,NA,0.089995082,0.074086386,0.855814039,NA,NA,NA,NA
Study1_recovery,MCNFAC,moderate_g2_q1,49,500,0,0,2,1,TRUE,1,354,-1663.506843,3433.013687,3656.387916,3564.036892,0.025177716,1105.97,0.952462053,0.012,0.988,NA,0.125920814,0.100281208,0.035233579,0.029069573,0.618613874,0.024236999,0.617319659
Study1_recovery,MFAC,moderate_g2_q1,50,500,0,0,2,1,TRUE,1,172,-1689.53095,3477.0619,3683.577697,3598.196562,0.028520936,670.03,0.944666689,0.014,0.986,NA,0.066788787,0.054368537,0.498003806,NA,NA,NA,NA
Study1_recovery,MCNFAC,moderate_g2_q1,50,500,0,0,2,1,TRUE,1,227,-1534.973515,3175.947029,3399.321258,3306.970235,0.02365575,720.14,0.944667836,0.014,0.986,NA,0.088435853,0.068042668,0.184010216,0.01240704,0.641560099,0.011897929,0.640139367
Study1_recovery,MFAC,moderate_g2_q1,51,500,0,0,2,1,TRUE,1,138,-1775.965074,3649.930148,3856.445945,3771.06481,0.031225698,549.3,0.96032064,0.01,0.99,NA,0.068450547,0.05508895,0.625467547,NA,NA,NA,NA
Study1_recovery,MCNFAC,moderate_g2_q1,51,500,0,0,2,1,TRUE,1,216,-1600.102988,3306.205976,3529.580205,3437.229182,0.027407789,677.58,0.944673331,0.014,0.986,NA,0.109374395,0.08671177,0.096896082,0.007752399,0.537076591,0.007530273,0.532546002
Study1_recovery,MFAC,moderate_g2_q1,52,500,0,0,2,1,TRUE,1,134,-1878.410622,3854.821243,4061.33704,3975.955905,0.033225916,477.95,0.890875764,0.028,0.972,NA,0.107474075,0.081231048,0.90061298,NA,NA,NA,NA
Study1_recovery,MCNFAC,moderate_g2_q1,52,500,0,0,2,1,TRUE,1,192,-1664.742793,3435.485587,3658.859816,3566.508792,0.030533942,604.3,0.921418665,0.02,0.98,NA,0.066536505,0.050517605,0.032068016,0.042557781,2.007340129,0.031413854,1.815961336
Study1_recovery,MFAC,moderate_g2_q1,53,500,0,0,2,1,TRUE,1,159,-1836.459581,3770.919161,3977.434958,3892.053823,0.034855979,466.53,0.921431779,0.02,0.98,NA,0.15303714,0.112003449,0.97552886,NA,NA,NA,NA
Study1_recovery,MCNFAC,moderate_g2_q1,53,500,0,0,2,1,TRUE,1,256,-1673.61637,3453.232741,3676.60697,3584.255946,0.037117839,817.56,0.936891015,0.016,0.984,NA,0.127007157,0.092629024,0.081670958,0.027281813,0.459419704,0.021915561,0.459268525
Study1_recovery,MFAC,moderate_g2_q1,54,500,0,0,2,1,TRUE,1,157,-1753.159796,3604.319593,3810.835389,3725.454254,0.031611613,466.36,0.944652707,0.014,0.986,NA,0.132677092,0.091436094,0.546791251,NA,NA,NA,NA
Study1_recovery,MCNFAC,moderate_g2_q1,54,500,0,0,2,1,TRUE,1,237,-1588.521834,3283.043669,3506.417898,3414.066874,0.028439871,740.97,0.936880592,0.016,0.984,NA,0.090430253,0.060342001,0.116434851,0.01506799,0.310284356,0.011505937,0.252162338
Study1_recovery,MFAC,moderate_g2_q1,55,500,0,0,2,1,TRUE,1,256,-1663.383534,3424.767068,3631.282864,3545.901729,0.027641836,752.39,0.944589597,0.014,0.986,NA,0.101113078,0.082378999,0.720721039,NA,NA,NA,NA
Study1_recovery,MCNFAC,moderate_g2_q1,55,500,0,0,2,1,TRUE,1,445,-1535.19195,3176.3839,3399.758129,3307.407106,0.024642394,818.48,0.960265541,0.01,0.99,NA,0.108036699,0.085450176,0.060242719,0.022158565,1.116907628,0.018303047,0.998631454
Study1_recovery,MFAC,moderate_g2_q1,56,500,0,0,2,1,TRUE,1,211,-1715.428183,3528.856366,3735.372163,3649.991028,0.032697963,527,0.952474723,0.012,0.988,NA,0.074467633,0.060332805,0.923504077,NA,NA,NA,NA
Study1_recovery,MCNFAC,moderate_g2_q1,56,500,0,0,2,1,TRUE,1,348,-1566.894204,3239.788408,3463.162637,3370.811614,0.032449504,466.59,0.952474723,0.012,0.988,NA,0.080374362,0.05856161,0.189673737,0.01843513,0.220656503,0.015775969,0.218093075
Study1_recovery,MFAC,moderate_g2_q1,57,500,0,0,2,1,TRUE,1,162,-1802.792728,3703.585456,3910.101252,3824.720117,0.023931908,482.58,0.952480938,0.012,0.988,NA,0.088267005,0.071649482,0.761189201,NA,NA,NA,NA
Study1_recovery,MCNFAC,moderate_g2_q1,57,500,0,0,2,1,TRUE,1,213,-1627.134995,3360.269991,3583.64422,3491.293196,0.022551295,691.72,0.960320614,0.01,0.99,NA,0.101033708,0.073514802,0.103404328,0.017491284,0.582493036,0.017273147,0.533846553
Study1_recovery,MFAC,moderate_g2_q1,58,500,0,0,2,1,TRUE,1,171,-1767.872429,3633.744858,3840.260655,3754.87952,0.02547309,510.65,0.960318811,0.01,0.99,NA,0.135226944,0.08978038,0.839875615,NA,NA,NA,NA
Study1_recovery,MCNFAC,moderate_g2_q1,58,500,0,0,2,1,TRUE,1,259,-1599.676578,3305.353156,3528.727385,3436.376362,0.026228083,831.8,0.936895233,0.016,0.984,NA,0.107401039,0.076199121,0.097844899,0.042407937,0.870050982,0.033478086,0.704763926
Study1_recovery,MFAC,moderate_g2_q1,59,500,0,0,2,1,TRUE,1,204,-1788.597306,3675.194612,3881.710409,3796.329274,0.031732454,609.01,0.944671733,0.014,0.986,NA,0.168931862,0.110241231,0.780569935,NA,NA,NA,NA
Study1_recovery,MCNFAC,moderate_g2_q1,59,500,0,0,2,1,TRUE,1,238,-1656.055234,3418.110468,3641.484697,3549.133673,0.034295571,758.74,0.944672452,0.014,0.986,NA,0.133031114,0.090255608,0.068287568,0.029493995,1.268464233,0.028176122,0.94190019
Study1_recovery,MFAC,moderate_g2_q1,60,500,0,0,2,1,TRUE,1,146,-1799.535279,3697.070557,3903.586354,3818.205219,0.040325965,439,0.921439616,0.02,0.98,NA,0.095095692,0.077820572,0.670360869,NA,NA,NA,NA
Study1_recovery,MCNFAC,moderate_g2_q1,60,500,0,0,2,1,TRUE,1,221,-1621.808717,3349.617433,3572.991662,3480.640639,0.038247103,718.61,0.929151713,0.018,0.982,NA,0.103335765,0.083595941,0.060513487,0.018300343,0.345935068,0.01817605,0.326594011
Study1_recovery,MFAC,moderate_g2_q1,61,500,0,0,2,1,TRUE,1,149,-1757.809898,3613.619795,3820.135592,3734.754457,0.027655283,449.19,0.944644337,0.014,0.986,NA,0.195043818,0.135833446,0.776667654,NA,NA,NA,NA
Study1_recovery,MCNFAC,moderate_g2_q1,61,500,0,0,2,1,TRUE,1,257,-1566.091881,3238.183761,3461.55799,3369.206967,0.024569321,828.84,0.952459742,0.012,0.988,NA,0.17111135,0.123893394,0.110933906,0.031459038,1.665827554,0.0244284,1.278996066
Study1_recovery,MFAC,moderate_g2_q1,62,500,0,0,2,1,TRUE,1,188,-1817.495682,3732.991365,3939.507162,3854.126027,0.023901882,565.78,0.952472424,0.012,0.988,NA,0.110302071,0.080199709,0.868356042,NA,NA,NA,NA
Study1_recovery,MCNFAC,moderate_g2_q1,62,500,0,0,2,1,TRUE,1,261,-1686.872821,3479.745643,3703.119872,3610.768848,0.020843503,842.69,0.960314032,0.01,0.99,NA,0.098572774,0.072873828,0.078945871,0.067987595,1.550560915,0.053347254,1.388884512
Study1_recovery,MFAC,moderate_g2_q1,63,500,0,0,2,1,TRUE,1,139,-1874.157627,3846.315254,4052.831051,3967.449916,0.035690253,419.11,0.921442343,0.02,0.98,NA,0.109705213,0.078428933,0.752102422,NA,NA,NA,NA
Study1_recovery,MCNFAC,moderate_g2_q1,63,500,0,0,2,1,TRUE,1,240,-1698.123649,3502.247299,3725.621528,3633.270504,0.035024687,781.41,0.944673181,0.014,0.986,NA,0.080235316,0.056560394,0.018963958,0.023117463,0.12080721,0.017109293,0.11446584
Study1_recovery,MFAC,moderate_g2_q1,64,500,0,0,2,1,TRUE,1,128,-1801.540704,3701.081409,3907.597205,3822.21607,0.031487298,384.84,0.960317926,0.01,0.99,NA,0.116853604,0.077894983,0.676192784,NA,NA,NA,NA
Study1_recovery,MCNFAC,moderate_g2_q1,64,500,0,0,2,1,TRUE,1,293,-1665.226173,3436.452346,3659.826575,3567.475551,0.029159574,960.74,0.960318371,0.01,0.99,NA,0.0971865,0.064442391,0.129823747,0.079869848,1.078377926,0.066235962,0.884708835
Study1_recovery,MFAC,moderate_g2_q1,65,500,0,0,2,1,TRUE,1,171,-1887.352766,3872.705531,4079.221328,3993.840193,0.042560117,515.86,0.883359973,0.03,0.97,NA,0.161515443,0.100022666,0.864205311,NA,NA,NA,NA
Study1_recovery,MCNFAC,moderate_g2_q1,65,500,0,0,2,1,TRUE,1,249,-1724.703039,3555.406078,3778.780307,3686.429284,0.040256565,801.58,0.913760368,0.022,0.978,NA,0.060794227,0.045024467,0.09021227,0.071677061,0.519647369,0.063492032,0.439594864
Study1_recovery,MFAC,moderate_g2_q1,66,500,0,0,2,1,TRUE,1,174,-1757.677059,3613.354119,3819.869915,3734.48878,0.018373126,519.66,0.968192061,0.008,0.992,NA,0.169681688,0.125343756,0.775449162,NA,NA,NA,NA
Study1_recovery,MCNFAC,moderate_g2_q1,66,500,0,0,2,1,TRUE,1,256,-1613.815106,3333.630212,3557.004441,3464.653417,0.020819096,816.92,0.968192061,0.008,0.992,NA,0.140854734,0.105256391,0.022034648,0.021063871,0.725441241,0.018548287,0.722353896
Study1_recovery,MFAC,moderate_g2_q1,67,500,0,0,2,1,TRUE,1,169,-1761.540007,3621.080014,3827.595811,3742.214676,0.028229707,505.95,0.929079672,0.018,0.982,NA,0.222628415,0.147800528,0.788676511,NA,NA,NA,NA
Study1_recovery,MCNFAC,moderate_g2_q1,67,500,0,0,2,1,TRUE,1,223,-1586.091689,3278.183379,3501.557608,3409.206584,0.026152724,716.53,0.960288774,0.01,0.99,NA,0.138234195,0.10297533,0.13883496,0.026775048,2.024200901,0.019543694,1.797836326
Study1_recovery,MFAC,moderate_g2_q1,68,500,0,0,2,1,TRUE,1,175,-1771.881939,3641.763879,3848.279676,3762.89854,0.038125545,524.06,0.913707943,0.022,0.978,NA,0.125035509,0.094603843,0.847268539,NA,NA,NA,NA
Study1_recovery,MCNFAC,moderate_g2_q1,68,500,0,0,2,1,TRUE,1,211,-1590.430832,3286.861664,3510.235893,3417.88487,0.038236426,677.78,0.936872735,0.016,0.984,NA,0.092971239,0.076507182,0.095269954,0.015403255,1.966891041,0.013607814,1.808037954
Study1_recovery,MFAC,moderate_g2_q1,69,500,0,0,2,1,TRUE,1,206,-1816.676601,3731.353202,3937.868999,3852.487864,0.032042487,612.64,0.952477254,0.012,0.988,NA,0.134552803,0.101483251,0.820333333,NA,NA,NA,NA
Study1_recovery,MCNFAC,moderate_g2_q1,69,500,0,0,2,1,TRUE,1,255,-1649.752391,3405.504781,3628.879011,3536.527987,0.025162394,804.76,0.960318371,0.01,0.99,NA,0.092764653,0.076752904,0.031177977,0.028803025,0.327315101,0.028773472,0.3221576
Study1_recovery,MFAC,moderate_g2_q1,70,500,0,0,2,1,TRUE,1,152,-1756.107576,3610.215151,3816.730948,3731.349813,0.032385062,449.77,0.913756369,0.022,0.978,NA,0.062244072,0.047246804,0.619483254,NA,NA,NA,NA
Study1_recovery,MCNFAC,moderate_g2_q1,70,500,0,0,2,1,TRUE,1,219,-1614.408091,3334.816182,3558.190411,3465.839388,0.033676559,695.71,0.913758529,0.022,0.978,NA,0.074071777,0.052344653,0.039452589,0.014742784,0.730952318,0.013762765,0.65359724
Study1_recovery,MFAC,moderate_g2_q1,71,500,0,0,2,1,TRUE,1,170,-1879.290723,3856.581446,4063.097243,3977.716108,0.033110683,507.48,0.968176471,0.008,0.992,NA,0.108806558,0.08782701,0.93471495,NA,NA,NA,NA
Study1_recovery,MCNFAC,moderate_g2_q1,71,500,0,0,2,1,TRUE,1,292,-1723.880196,3553.760393,3777.134622,3684.783598,0.026964633,926.01,0.968178155,0.008,0.992,NA,0.087786278,0.072154033,0.253838448,0.015592258,0.435877784,0.014459813,0.431253418
Study1_recovery,MFAC,moderate_g2_q1,72,500,0,0,2,1,TRUE,1,146,-1816.53236,3731.064721,3937.580517,3852.199382,0.032530396,436.25,0.952466475,0.012,0.988,NA,0.173159086,0.113448047,1.026691806,NA,NA,NA,NA
Study1_recovery,MCNFAC,moderate_g2_q1,72,500,0,0,2,1,TRUE,1,252,-1664.998235,3435.99647,3659.3707,3567.019676,0.03298626,806.33,0.944655259,0.014,0.986,NA,0.172652096,0.130869116,0.181375719,0.027086041,0.194240837,0.025474349,0.158334159
Study1_recovery,MFAC,moderate_g2_q1,73,500,0,0,2,1,TRUE,1,188,-1891.898429,3881.796857,4088.312654,4002.931519,0.034975957,558.3,0.976096151,0.006,0.994,NA,0.143806865,0.109619554,0.77782124,NA,NA,NA,NA
Study1_recovery,MCNFAC,moderate_g2_q1,73,500,0,0,2,1,TRUE,1,248,-1698.127214,3502.254427,3725.628657,3633.277633,0.030119697,780.92,0.960320557,0.01,0.99,NA,0.109593986,0.079724249,0.125502751,0.035924097,0.602798746,0.028089881,0.599601064
Study1_recovery,MFAC,moderate_g2_q1,74,500,0,0,2,1,TRUE,1,160,-1863.822395,3825.64479,4032.160587,3946.779452,0.042522151,477.94,0.913754704,0.022,0.978,NA,0.116816828,0.087136444,0.727407668,NA,NA,NA,NA
Study1_recovery,MCNFAC,moderate_g2_q1,74,500,0,0,2,1,TRUE,1,258,-1630.306482,3366.612963,3589.987192,3497.636169,0.037665223,820.11,0.944667686,0.014,0.986,NA,0.098772872,0.077276922,0.084908999,0.033257141,2.124371175,0.032123137,1.827858643
Study1_recovery,MFAC,moderate_g2_q1,75,500,0,0,2,1,TRUE,1,150,-1831.225227,3760.450455,3966.966251,3881.585116,0.028372691,447.14,0.913760312,0.022,0.978,NA,0.131272726,0.10921559,0.894124111,NA,NA,NA,NA
Study1_recovery,MCNFAC,moderate_g2_q1,75,500,0,0,2,1,TRUE,1,190,-1623.85167,3353.70334,3577.077569,3484.726546,0.027106267,608.18,0.929152243,0.018,0.982,NA,0.116858311,0.09536299,0.141393089,0.045354831,2.829744982,0.043661437,2.587752729
Study1_recovery,MFAC,moderate_g2_q1,76,500,0,0,2,1,TRUE,1,189,-1759.758215,3617.516431,3824.032228,3738.651093,0.029672003,563.11,0.921399211,0.02,0.98,NA,0.126559597,0.095537779,0.743155945,NA,NA,NA,NA
Study1_recovery,MCNFAC,moderate_g2_q1,76,500,0,0,2,1,TRUE,1,240,-1594.387499,3294.774998,3518.149227,3425.798204,0.029673157,764.97,0.921407742,0.02,0.98,NA,0.125329709,0.085122475,0.190636582,0.033071646,0.885221551,0.03157859,0.700069928
Study1_recovery,MFAC,moderate_g2_q1,77,500,0,0,2,1,TRUE,1,163,-1857.660733,3813.321466,4019.837263,3934.456128,0.026033993,482.05,0.921438109,0.02,0.98,NA,0.120801176,0.098479876,0.758708355,NA,NA,NA,NA
Study1_recovery,MCNFAC,moderate_g2_q1,77,500,0,0,2,1,TRUE,1,194,-1691.010731,3488.021461,3711.39569,3619.044667,0.026716327,612.75,0.94466956,0.014,0.986,NA,0.107891427,0.090965725,0.160492054,0.038134617,1.06290831,0.030357111,0.982198326
Study1_recovery,MFAC,moderate_g2_q1,78,500,0,0,2,1,TRUE,1,156,-1686.310017,3470.620033,3677.13583,3591.754695,0.031029778,460.62,0.936854747,0.016,0.984,NA,0.091291414,0.066945886,0.590315582,NA,NA,NA,NA
Study1_recovery,MCNFAC,moderate_g2_q1,78,500,0,0,2,1,TRUE,1,196,-1578.545204,3263.090408,3486.464637,3394.113613,0.030032054,619.89,0.952454417,0.012,0.988,NA,0.072719044,0.057168971,0.098643901,0.064316767,2.073304842,0.061514122,1.925274871
Study1_recovery,MFAC,moderate_g2_q1,79,500,0,0,2,1,TRUE,1,283,-1733.605313,3565.210625,3771.726422,3686.345287,0.030658119,952.64,0.944668614,0.014,0.986,NA,0.091448425,0.073257131,0.583789737,NA,NA,NA,NA
Study1_recovery,MCNFAC,moderate_g2_q1,79,500,0,0,2,1,TRUE,1,268,-1573.640658,3253.281317,3476.655546,3384.304523,0.028457297,859.48,0.976094825,0.006,0.994,NA,0.085363154,0.06174157,0.06630629,0.034750776,0.579306051,0.02766436,0.502589425
Study1_recovery,MFAC,moderate_g2_q1,80,500,0,0,2,1,TRUE,1,136,-1861.097507,3820.195015,4026.710811,3941.329676,0.017320684,481.97,0.968190341,0.008,0.992,NA,0.129956374,0.101617741,0.851861884,NA,NA,NA,NA
Study1_recovery,MCNFAC,moderate_g2_q1,80,500,0,0,2,1,TRUE,1,231,-1690.938321,3487.876641,3711.250871,3618.899847,0.018277396,737.56,0.9760945,0.006,0.994,NA,0.126855962,0.080567981,0.017956378,0.03196163,1.018966208,0.031806732,0.999370423
Study1_recovery,MFAC,moderate_g2_q1,1,500,0.1,0.1,2,1,TRUE,1,161,-1738.797341,3575.594683,3782.11048,3696.729345,0.023035089,923.5,0.952472424,0.012,0.988,NA,0.170539855,0.14028425,0.584089954,NA,NA,NA,NA
Study1_recovery,MCNFAC,moderate_g2_q1,1,500,0.1,0.1,2,1,TRUE,1,241,-1573.310541,3252.621082,3475.995311,3383.644288,0.021254312,1268.74,0.96818749,0.008,0.992,NA,0.144772319,0.101060415,0.157867294,0.013252594,1.569712288,0.013232024,1.359256859
Study1_recovery,MFAC,moderate_g2_q1,2,500,0.1,0.1,2,1,TRUE,1,227,-1692.610595,3483.221191,3689.736988,3604.355853,0.026802679,1221.49,0.944673064,0.014,0.986,NA,0.088043758,0.066207487,0.900669131,NA,NA,NA,NA
Study1_recovery,MCNFAC,moderate_g2_q1,2,500,0.1,0.1,2,1,TRUE,1,284,-1571.103059,3248.206118,3471.580347,3379.229324,0.024856322,1432.5,0.94467316,0.014,0.986,NA,0.082358859,0.062133409,0.051314892,0.024500425,0.553811376,0.022199796,0.55061919
Study1_recovery,MFAC,moderate_g2_q1,3,500,0.1,0.1,2,1,TRUE,1,256,-1780.540704,3659.081407,3865.597204,3780.216069,0.026571427,1353.17,0.968192309,0.008,0.992,NA,0.117207312,0.081331047,1.126169542,NA,NA,NA,NA
Study1_recovery,MCNFAC,moderate_g2_q1,3,500,0.1,0.1,2,1,TRUE,1,277,-1648.802298,3403.604596,3626.978825,3534.627802,0.026725267,1383.02,0.968192344,0.008,0.992,NA,0.063090976,0.056744194,0.152777714,0.04928255,0.606561349,0.048709303,0.579950822
Study1_recovery,MFAC,moderate_g2_q1,4,500,0.1,0.1,2,1,TRUE,1,149,-1752.335363,3602.670726,3809.186523,3723.805388,0.036875501,842.01,0.968189416,0.008,0.992,NA,0.10520111,0.078851845,0.903722885,NA,NA,NA,NA
Study1_recovery,MCNFAC,moderate_g2_q1,4,500,0.1,0.1,2,1,TRUE,1,234,-1629.866569,3365.733138,3589.107367,3496.756344,0.033850159,1208.53,0.952478072,0.012,0.988,NA,0.080347262,0.061402455,0.0943689,0.029225982,0.651663368,0.026010059,0.576721734
Study1_recovery,MFAC,moderate_g2_q1,5,500,0.1,0.1,2,1,TRUE,1,133,-1685.651269,3469.302539,3675.818336,3590.437201,0.022702069,760.74,0.952478478,0.012,0.988,NA,0.088516323,0.063484706,0.564729015,NA,NA,NA,NA
Study1_recovery,MCNFAC,moderate_g2_q1,5,500,0.1,0.1,2,1,TRUE,1,225,-1584.375776,3274.751552,3498.125781,3405.774757,0.024982638,1164.14,0.952478478,0.012,0.988,NA,0.091427864,0.05703101,0.058245905,0.049227909,0.656625412,0.041774844,0.652633191
Study1_recovery,MFAC,moderate_g2_q1,6,500,0.1,0.1,2,1,TRUE,1,254,-1715.557089,3529.114179,3735.629976,3650.248841,0.03111022,1385.25,0.913763086,0.022,0.978,NA,0.138257642,0.080140043,1.048000896,NA,NA,NA,NA
Study1_recovery,MCNFAC,moderate_g2_q1,6,500,0.1,0.1,2,1,TRUE,1,453,-1585.004198,3276.008397,3499.382626,3407.031602,0.029508477,2845.64,0.936897633,0.016,0.984,NA,0.109042431,0.077475981,0.110852827,0.017767558,0.135906593,0.01548426,0.135110685
Study1_recovery,MFAC,moderate_g2_q1,7,500,0.1,0.1,2,1,TRUE,1,148,-1730.767609,3559.535219,3766.051016,3680.669881,0.032809653,851.08,0.960320181,0.01,0.99,NA,0.074914355,0.06071398,0.849792237,NA,NA,NA,NA
Study1_recovery,MCNFAC,moderate_g2_q1,7,500,0.1,0.1,2,1,TRUE,1,263,-1611.872794,3329.745588,3553.119817,3460.768794,0.029669742,1383.92,0.944672883,0.014,0.986,NA,0.064190859,0.048596139,0.160254883,0.054682129,0.475741357,0.049883852,0.475319666
Study1_recovery,MFAC,moderate_g2_q1,8,500,0.1,0.1,2,1,TRUE,1,221,-1777.374443,3652.748886,3859.264682,3773.883547,0.025759318,1206.79,0.952474723,0.012,0.988,NA,0.158894,0.118048996,0.783697272,NA,NA,NA,NA
Study1_recovery,MCNFAC,moderate_g2_q1,8,500,0.1,0.1,2,1,TRUE,1,209,-1656.751918,3419.503836,3642.878065,3550.527042,0.030543335,1065.75,0.960315867,0.01,0.99,NA,0.110642379,0.073876883,0.080543171,0.015855691,0.462667151,0.012734072,0.45847586
Study1_recovery,MFAC,moderate_g2_q1,9,500,0.1,0.1,2,1,TRUE,1,168,-1725.335231,3548.670462,3755.186259,3669.805124,0.028358821,962.47,0.960319508,0.01,0.99,NA,0.097002708,0.071410026,0.71294716,NA,NA,NA,NA
Study1_recovery,MCNFAC,moderate_g2_q1,9,500,0.1,0.1,2,1,TRUE,1,291,-1598.626537,3303.253075,3526.627304,3434.27628,0.025711597,1531.13,0.97609551,0.006,0.994,NA,0.071041111,0.050062697,0.070194085,0.047044353,1.2790698,0.041886613,1.176419851
Study1_recovery,MFAC,moderate_g2_q1,10,500,0.1,0.1,2,1,TRUE,1,134,-1660.519125,3419.03825,3625.554047,3540.172912,0.033670873,664.35,0.944672111,0.014,0.986,NA,0.132275061,0.102991008,0.50201078,NA,NA,NA,NA
Study1_recovery,MCNFAC,moderate_g2_q1,10,500,0.1,0.1,2,1,TRUE,1,192,-1547.623189,3201.246378,3424.620607,3332.269584,0.02972533,1893.88,0.944672111,0.014,0.986,NA,0.128343669,0.097609688,0.038352471,0.044129883,0.215593183,0.043577928,0.211134594
Study1_recovery,MFAC,moderate_g2_q1,11,500,0.1,0.1,2,1,TRUE,1,145,-1649.754487,3397.508975,3604.024771,3518.643636,0.036137922,770.67,0.952475679,0.012,0.988,NA,0.089854339,0.066463383,0.549780558,NA,NA,NA,NA
Study1_recovery,MCNFAC,moderate_g2_q1,11,500,0.1,0.1,2,1,TRUE,1,174,-1541.15293,3188.305859,3411.680088,3319.329065,0.03221015,979.62,0.944666636,0.014,0.986,NA,0.079126171,0.061913192,0.045023,0.047800866,2.659535626,0.037489283,2.461636679
Study1_recovery,MFAC,moderate_g2_q1,12,500,0.1,0.1,2,1,TRUE,1,139,-1709.352161,3516.704322,3723.220119,3637.838984,0.024978576,1136.63,0.944673343,0.014,0.986,NA,0.117785157,0.074774998,0.530984738,NA,NA,NA,NA
Study1_recovery,MCNFAC,moderate_g2_q1,12,500,0.1,0.1,2,1,TRUE,1,185,-1590.055262,3286.110524,3509.484753,3417.133729,0.023808878,1096.88,0.960320639,0.01,0.99,NA,0.095899754,0.059244859,0.039337387,0.039805071,0.779356967,0.036937558,0.715732845
Study1_recovery,MFAC,moderate_g2_q1,13,500,0.1,0.1,2,1,TRUE,1,125,-1660.631013,3419.262025,3625.777822,3540.396687,0.034448897,1499.08,0.960319979,0.01,0.99,NA,0.050360785,0.040899484,0.504992189,NA,NA,NA,NA
Study1_recovery,MCNFAC,moderate_g2_q1,13,500,0.1,0.1,2,1,TRUE,1,223,-1536.072961,3178.145921,3401.52015,3309.169127,0.029108311,1253.39,0.960319979,0.01,0.99,NA,0.045942541,0.034489547,0.124410863,0.039367634,0.801394081,0.030017166,0.693684075
Study1_recovery,MFAC,moderate_g2_q1,14,500,0.1,0.1,2,1,TRUE,1,121,-1699.419352,3496.838704,3703.354501,3617.973366,0.027263816,1345.2,0.960320181,0.01,0.99,NA,0.077932452,0.060074451,0.752995645,NA,NA,NA,NA
Study1_recovery,MCNFAC,moderate_g2_q1,14,500,0.1,0.1,2,1,TRUE,1,244,-1582.684139,3271.368278,3494.742508,3402.391484,0.02728824,1349.8,0.960320361,0.01,0.99,NA,0.068217751,0.053055978,0.043624121,0.043570263,2.204108255,0.04312258,2.125813932
Study1_recovery,MFAC,moderate_g2_q1,15,500,0.1,0.1,2,1,TRUE,1,162,-1644.650456,3387.300913,3593.81671,3508.435575,0.027263419,1853.97,0.94466102,0.014,0.986,NA,0.160055308,0.11574044,0.632965294,NA,NA,NA,NA
Study1_recovery,MCNFAC,moderate_g2_q1,15,500,0.1,0.1,2,1,TRUE,1,240,-1541.537185,3189.07437,3412.448599,3320.097576,0.028658342,1353.42,0.952471117,0.012,0.988,NA,0.149062131,0.089720724,0.10287802,0.002940945,1.160322986,0.002628172,0.875329677
Study1_recovery,MFAC,moderate_g2_q1,16,500,0.1,0.1,2,1,TRUE,1,148,-1618.968491,3335.936982,3542.452779,3457.071644,0.024439902,1687.52,0.944652707,0.014,0.986,NA,0.082776814,0.066356599,0.683167506,NA,NA,NA,NA
Study1_recovery,MCNFAC,moderate_g2_q1,16,500,0.1,0.1,2,1,TRUE,1,267,-1518.307501,3142.615001,3365.989231,3273.638207,0.023285758,1482.13,0.944652707,0.014,0.986,NA,0.094676858,0.073186327,0.039126601,0.039545595,1.080655871,0.039492844,0.861568415
Study1_recovery,MFAC,moderate_g2_q1,17,500,0.1,0.1,2,1,TRUE,1,153,-1766.611045,3631.22209,3837.737887,3752.356752,0.028017399,819.72,0.929152726,0.018,0.982,NA,0.128057809,0.089455484,0.871491346,NA,NA,NA,NA
Study1_recovery,MCNFAC,moderate_g2_q1,17,500,0.1,0.1,2,1,TRUE,1,230,-1642.299603,3390.599207,3613.973436,3521.622412,0.029464287,1209.28,0.936896569,0.016,0.984,NA,0.110449637,0.074137376,0.078706201,0.0538757,0.379789022,0.044988026,0.377860231
Study1_recovery,MFAC,moderate_g2_q1,18,500,0.1,0.1,2,1,TRUE,1,216,-1692.259079,3482.518158,3689.033955,3603.65282,0.031766518,1149.91,0.936896637,0.016,0.984,NA,0.105825447,0.082801059,0.51794402,NA,NA,NA,NA
Study1_recovery,MCNFAC,moderate_g2_q1,18,500,0.1,0.1,2,1,TRUE,1,195,-1549.061838,3204.123676,3427.497905,3335.146881,0.027496478,916.66,0.929153237,0.018,0.982,NA,0.103329907,0.085954755,0.032649464,0.054460828,1.686387181,0.053347422,1.616085143
Study1_recovery,MFAC,moderate_g2_q1,19,500,0.1,0.1,2,1,TRUE,1,262,-1685.041676,3468.083352,3674.599149,3589.218014,0.023993807,1361.48,0.936858561,0.016,0.984,NA,0.096316702,0.073951859,0.816985408,NA,NA,NA,NA
Study1_recovery,MCNFAC,moderate_g2_q1,19,500,0.1,0.1,2,1,TRUE,1,279,-1605.019835,3316.03967,3539.4139,3447.062876,0.024832064,1003.89,0.952454375,0.012,0.988,NA,0.092794098,0.067457562,0.162912982,0.084554307,1.837869723,0.072334453,1.622199112
Study1_recovery,MFAC,moderate_g2_q1,20,500,0.1,0.1,2,1,TRUE,1,140,-1731.514545,3561.02909,3767.544887,3682.163752,0.039607113,741.39,0.898495194,0.026,0.974,NA,0.077077884,0.057780105,0.687427162,NA,NA,NA,NA
Study1_recovery,MCNFAC,moderate_g2_q1,20,500,0.1,0.1,2,1,TRUE,1,227,-1602.071719,3310.143438,3533.517667,3441.166643,0.040069822,1100.14,0.929150991,0.018,0.982,NA,0.0823389,0.06156667,0.080605538,0.038509666,0.644072668,0.034930499,0.64266898
Study1_recovery,MFAC,moderate_g2_q1,21,500,0.1,0.1,2,1,TRUE,1,175,-1700.22476,3498.449519,3704.965316,3619.584181,0.033334636,921.73,0.960320609,0.01,0.99,NA,0.070221773,0.047203504,0.730742235,NA,NA,NA,NA
Study1_recovery,MCNFAC,moderate_g2_q1,21,500,0.1,0.1,2,1,TRUE,1,327,-1545.183351,3196.366701,3419.740931,3327.389907,0.031159743,1624.88,0.960320609,0.01,0.99,NA,0.071060102,0.049598526,0.03247658,0.022196338,0.849387497,0.016107315,0.611061329
Study1_recovery,MFAC,moderate_g2_q1,22,500,0.1,0.1,2,1,TRUE,1,206,-1664.55445,3427.1089,3633.624697,3548.243562,0.028650924,1090.82,0.960317863,0.01,0.99,NA,0.103503733,0.068654732,0.682730863,NA,NA,NA,NA
Study1_recovery,MCNFAC,moderate_g2_q1,22,500,0.1,0.1,2,1,TRUE,1,218,-1526.967429,3159.934859,3383.309088,3290.958064,0.027695681,1099.83,0.968190722,0.008,0.992,NA,0.146039968,0.096996768,0.086384722,0.046424995,1.794738014,0.046391149,1.362063632
Study1_recovery,MFAC,moderate_g2_q1,23,500,0.1,0.1,2,1,TRUE,1,145,-1746.809396,3591.618792,3798.134588,3712.753453,0.024319354,778.28,0.944673281,0.014,0.986,NA,0.100983803,0.068239163,0.915995562,NA,NA,NA,NA
Study1_recovery,MCNFAC,moderate_g2_q1,23,500,0.1,0.1,2,1,TRUE,1,209,-1609.295245,3324.59049,3547.964719,3455.613695,0.024932033,1055.02,0.944673281,0.014,0.986,NA,0.126946387,0.083217632,0.051072074,0.034495508,0.63386834,0.029880858,0.614748145
Study1_recovery,MFAC,moderate_g2_q1,24,500,0.1,0.1,2,1,TRUE,1,110,-1736.568857,3571.137713,3777.65351,3692.272375,0.038984171,576.69,0.890888097,0.028,0.972,NA,0.110371851,0.076567102,0.797748053,NA,NA,NA,NA
Study1_recovery,MCNFAC,moderate_g2_q1,24,500,0.1,0.1,2,1,TRUE,1,247,-1619.872441,3345.744882,3569.119111,3476.768087,0.036970208,1252.61,0.898478757,0.026,0.974,NA,0.09399391,0.072010787,0.090131287,0.055594549,1.642051406,0.04799752,1.634297021
Study1_recovery,MFAC,moderate_g2_q1,25,500,0.1,0.1,2,1,TRUE,1,154,-1776.789571,3651.579141,3858.094938,3772.713803,0.028472347,828.68,0.976095992,0.006,0.994,NA,0.128948153,0.081809636,0.966675134,NA,NA,NA,NA
Study1_recovery,MCNFAC,moderate_g2_q1,25,500,0.1,0.1,2,1,TRUE,1,267,-1616.035729,3338.071459,3561.445688,3469.094664,0.025815692,1350.41,0.97609606,0.006,0.994,NA,0.126997432,0.088717558,0.072962618,0.036341302,0.335543093,0.028847224,0.269831416
Study1_recovery,MFAC,moderate_g2_q1,26,500,0.1,0.1,2,1,TRUE,1,151,-1800.978103,3699.956207,3906.472004,3821.090869,0.034161465,798.61,0.936897714,0.016,0.984,NA,0.163936237,0.112386759,0.810316628,NA,NA,NA,NA
Study1_recovery,MCNFAC,moderate_g2_q1,26,500,0.1,0.1,2,1,TRUE,1,197,-1653.755021,3413.510041,3636.88427,3544.533247,0.035906723,987.75,0.921442922,0.02,0.98,NA,0.150160551,0.115568114,0.222355287,0.018547283,0.874504823,0.018547282,0.807537473
Study1_recovery,MFAC,moderate_g2_q1,27,500,0.1,0.1,2,1,TRUE,1,143,-1735.378702,3568.757405,3775.273201,3689.892066,0.032092953,778.61,0.936869769,0.016,0.984,NA,0.150713113,0.10787685,0.936119942,NA,NA,NA,NA
Study1_recovery,MCNFAC,moderate_g2_q1,27,500,0.1,0.1,2,1,TRUE,1,206,-1630.108417,3366.216834,3589.591063,3497.24004,0.02927148,1051.86,0.921411687,0.02,0.98,NA,0.148871147,0.107464872,0.063581394,0.03616273,0.851170006,0.029256501,0.690181483
Study1_recovery,MFAC,moderate_g2_q1,28,500,0.1,0.1,2,1,TRUE,1,129,-1762.152869,3622.305738,3828.821535,3743.4404,0.028372945,691.67,0.921441548,0.02,0.98,NA,0.141706554,0.097948204,0.707141259,NA,NA,NA,NA
Study1_recovery,MCNFAC,moderate_g2_q1,28,500,0.1,0.1,2,1,TRUE,1,272,-1603.969051,3313.938102,3537.312331,3444.961308,0.02901348,1372.89,0.921442104,0.02,0.98,NA,0.110616473,0.076161777,0.060930132,0.062084571,0.341191133,0.052510797,0.327714571
Study1_recovery,MFAC,moderate_g2_q1,29,500,0.1,0.1,2,1,TRUE,1,131,-1645.904316,3389.808633,3596.32443,3510.943295,0.032660827,697.11,0.936897711,0.016,0.984,NA,0.109108032,0.081841072,0.473685357,NA,NA,NA,NA
Study1_recovery,MCNFAC,moderate_g2_q1,29,500,0.1,0.1,2,1,TRUE,1,186,-1520.067691,3146.135381,3369.509611,3277.158587,0.029418455,958.94,0.929154088,0.018,0.982,NA,0.126532558,0.096385533,0.043269399,0.035069099,3.915668317,0.028804881,3.683475373
Study1_recovery,MFAC,moderate_g2_q1,30,500,0.1,0.1,2,1,TRUE,1,325,-1703.579938,3505.159876,3711.675673,3626.294538,0.032099898,1699.62,0.944668614,0.014,0.986,NA,0.111462037,0.086261569,1.07085071,NA,NA,NA,NA
Study1_recovery,MCNFAC,moderate_g2_q1,30,500,0.1,0.1,2,1,TRUE,1,381,-1593.489002,3292.978005,3516.352234,3424.001211,0.030430523,2015.94,0.944669429,0.014,0.986,NA,0.103567794,0.08337886,0.131459071,0.030603649,0.692914222,0.030342479,0.571445984
Study1_recovery,MFAC,moderate_g2_q1,31,500,0.1,0.1,2,1,TRUE,1,214,-1684.152607,3466.305214,3672.82101,3587.439875,0.031084345,1137.43,0.929140621,0.018,0.982,NA,0.179036921,0.132622667,0.742351709,NA,NA,NA,NA
Study1_recovery,MCNFAC,moderate_g2_q1,31,500,0.1,0.1,2,1,TRUE,1,456,-1581.610434,3269.220868,3492.595097,3400.244074,0.029063655,2312.22,0.929142509,0.018,0.982,NA,0.1287138,0.101124916,0.161287935,0.008644479,1.129196433,0.008600015,0.996211368
Study1_recovery,MFAC,moderate_g2_q1,32,500,0.1,0.1,2,1,TRUE,1,101,-1779.265289,3656.530577,3863.046374,3777.665239,0.034791396,501,0.921441781,0.02,0.98,NA,0.082293713,0.062108126,0.927859075,NA,NA,NA,NA
Study1_recovery,MCNFAC,moderate_g2_q1,32,500,0.1,0.1,2,1,TRUE,1,188,-1612.811008,3331.622015,3554.996244,3462.645221,0.031713256,1070.2,0.960320438,0.01,0.99,NA,0.059397047,0.050796332,0.118394974,0.031522073,1.670535962,0.028056052,1.540832638
Study1_recovery,MFAC,moderate_g2_q1,33,500,0.1,0.1,2,1,TRUE,1,146,-1673.372222,3444.744443,3651.26024,3565.879105,0.027257077,741.59,0.936862545,0.016,0.984,NA,0.091330267,0.070475751,0.574980691,NA,NA,NA,NA
Study1_recovery,MCNFAC,moderate_g2_q1,33,500,0.1,0.1,2,1,TRUE,1,255,-1569.285259,3244.570518,3467.944748,3375.593724,0.027427353,1356.81,0.936862545,0.016,0.984,NA,0.074188311,0.056332154,0.024510322,0.013747558,0.814654138,0.010190831,0.691099293
Study1_recovery,MFAC,moderate_g2_q1,34,500,0.1,0.1,2,1,TRUE,1,105,-1755.453244,3608.906489,3815.422285,3730.04115,0.028007574,537.09,0.92142661,0.02,0.98,NA,0.116068811,0.073800292,0.693550405,NA,NA,NA,NA
Study1_recovery,MCNFAC,moderate_g2_q1,34,500,0.1,0.1,2,1,TRUE,1,194,-1639.980538,3385.961076,3609.335305,3516.984282,0.023581692,1016.98,0.936884722,0.016,0.984,NA,0.119871454,0.077057373,0.143742985,0.026550612,0.719651811,0.023404964,0.602498136
Study1_recovery,MFAC,moderate_g2_q1,35,500,0.1,0.1,2,1,TRUE,1,96,-1727.850574,3553.701148,3760.216945,3674.83581,0.031354969,466.31,0.944671391,0.014,0.986,NA,0.148909293,0.107138603,0.837644959,NA,NA,NA,NA
Study1_recovery,MCNFAC,moderate_g2_q1,35,500,0.1,0.1,2,1,TRUE,1,245,-1564.961279,3235.922557,3459.296786,3366.945763,0.028980377,1244.08,0.97609551,0.006,0.994,NA,0.164096924,0.131187169,0.118738448,0.029546302,1.445739236,0.026760253,1.2926132
Study1_recovery,MFAC,moderate_g2_q1,36,500,0.1,0.1,2,1,TRUE,1,110,-1692.228015,3482.456031,3688.971828,3603.590693,0.023216687,534.69,0.94465921,0.014,0.986,NA,0.087051868,0.061763313,0.743861327,NA,NA,NA,NA
Study1_recovery,MCNFAC,moderate_g2_q1,36,500,0.1,0.1,2,1,TRUE,1,193,-1565.053509,3236.107018,3459.481247,3367.130224,0.024578226,957.35,0.952469609,0.012,0.988,NA,0.076754811,0.052361838,0.045167813,0.019861688,0.286690987,0.019860864,0.212290459
Study1_recovery,MFAC,moderate_g2_q1,37,500,0.1,0.1,2,1,TRUE,1,234,-1913.668983,3925.337966,4131.853763,4046.472628,0.031875254,1177.71,0.929154407,0.018,0.982,NA,0.111026451,0.08815063,1.284970842,NA,NA,NA,NA
Study1_recovery,MCNFAC,moderate_g2_q1,37,500,0.1,0.1,2,1,TRUE,1,396,-1742.47083,3590.941661,3814.31589,3721.964866,0.029181643,1695.8,0.952480891,0.012,0.988,NA,0.103648643,0.080312086,0.033692651,0.078330712,0.395746403,0.077955153,0.314422461
Study1_recovery,MFAC,moderate_g2_q1,38,500,0.1,0.1,2,1,TRUE,1,208,-1751.074637,3600.149274,3806.665071,3721.283936,0.026589852,1059.84,0.929153946,0.018,0.982,NA,0.12225431,0.092402083,0.682407248,NA,NA,NA,NA
Study1_recovery,MCNFAC,moderate_g2_q1,38,500,0.1,0.1,2,1,TRUE,1,285,-1622.759555,3351.519111,3574.89334,3482.542316,0.02534869,1370.09,0.944673222,0.014,0.986,NA,0.105195467,0.080940079,0.081284042,0.077362788,0.884258165,0.077061635,0.833553654
Study1_recovery,MFAC,moderate_g2_q1,39,500,0.1,0.1,2,1,TRUE,1,183,-1770.120503,3638.241007,3844.756804,3759.375669,0.027064236,947.56,0.976084914,0.006,0.994,NA,0.092811391,0.07247256,0.84564776,NA,NA,NA,NA
Study1_recovery,MCNFAC,moderate_g2_q1,39,500,0.1,0.1,2,1,TRUE,1,349,-1620.821788,3347.643575,3571.017804,3478.666781,0.025036121,1650.66,0.9603039,0.01,0.99,NA,0.134744992,0.104873265,0.033381999,0.033975749,0.731500314,0.033087565,0.713977387
Study1_recovery,MFAC,moderate_g2_q1,40,500,0.1,0.1,2,1,TRUE,1,153,-1624.93555,3347.871099,3554.386896,3469.005761,0.028787729,727.35,0.944666689,0.014,0.986,NA,0.065159802,0.05328197,0.463645932,NA,NA,NA,NA
Study1_recovery,MCNFAC,moderate_g2_q1,40,500,0.1,0.1,2,1,TRUE,1,216,-1504.284167,3114.568333,3337.942562,3245.591539,0.024062081,999.39,0.944667836,0.014,0.986,NA,0.084515307,0.068491621,0.200044025,0.026788779,1.078316496,0.019268759,1.048660471
Study1_recovery,MFAC,moderate_g2_q1,41,500,0.1,0.1,2,1,TRUE,1,119,-1695.745867,3489.491733,3696.00753,3610.626395,0.030479945,574.86,0.968192389,0.008,0.992,NA,0.070768504,0.057508385,0.592008641,NA,NA,NA,NA
Study1_recovery,MCNFAC,moderate_g2_q1,41,500,0.1,0.1,2,1,TRUE,1,208,-1542.715322,3191.430644,3414.804874,3322.45385,0.026930712,703.56,0.952480954,0.012,0.988,NA,0.11372926,0.089182855,0.087477264,0.004510989,0.765913243,0.004505766,0.604391175
Study1_recovery,MFAC,moderate_g2_q1,42,500,0.1,0.1,2,1,TRUE,1,97,-1801.552138,3701.104276,3907.620073,3822.238938,0.032875007,430.53,0.898459766,0.026,0.974,NA,0.110345143,0.081565616,0.887160296,NA,NA,NA,NA
Study1_recovery,MCNFAC,moderate_g2_q1,42,500,0.1,0.1,2,1,TRUE,1,178,-1622.139162,3350.278323,3573.652552,3481.301529,0.030711397,593.84,0.913735335,0.022,0.978,NA,0.078128551,0.060056341,0.028715673,0.038570101,2.126973825,0.028053435,1.944260645
Study1_recovery,MFAC,moderate_g2_q1,43,500,0.1,0.1,2,1,TRUE,1,122,-1773.940795,3645.88159,3852.397387,3767.016252,0.035922068,592.66,0.906101221,0.024,0.976,NA,0.154593736,0.113968249,1.003282955,NA,NA,NA,NA
Study1_recovery,MCNFAC,moderate_g2_q1,43,500,0.1,0.1,2,1,TRUE,1,225,-1634.598374,3375.196748,3598.570978,3506.219954,0.038963467,1749.65,0.944667836,0.014,0.986,NA,0.124537921,0.089761922,0.073881581,0.038532333,0.355280687,0.031198316,0.32357746
Study1_recovery,MFAC,moderate_g2_q1,44,500,0.1,0.1,2,1,TRUE,1,164,-1672.08396,3442.16792,3648.683717,3563.302582,0.031646389,816.41,0.929130845,0.018,0.982,NA,0.133974163,0.092074443,0.530373375,NA,NA,NA,NA
Study1_recovery,MCNFAC,moderate_g2_q1,44,500,0.1,0.1,2,1,TRUE,1,222,-1544.401278,3194.802556,3418.176785,3325.825761,0.028481726,1236.92,0.929136297,0.018,0.982,NA,0.095216472,0.0647259,0.121306727,0.033457272,0.672540105,0.033088682,0.48068914
Study1_recovery,MFAC,moderate_g2_q1,45,500,0.1,0.1,2,1,TRUE,1,243,-1571.929677,3241.859355,3448.375152,3362.994017,0.026698936,1178.98,0.960260577,0.01,0.99,NA,0.102944383,0.079874187,0.648368416,NA,NA,NA,NA
Study1_recovery,MCNFAC,moderate_g2_q1,45,500,0.1,0.1,2,1,TRUE,1,389,-1474.472051,3054.944101,3278.318331,3185.967307,0.023793312,1971.91,0.968146246,0.008,0.992,NA,0.098241903,0.076804042,0.029264543,0.019314178,1.496253858,0.014354925,1.28715626
Study1_recovery,MFAC,moderate_g2_q1,46,500,0.1,0.1,2,1,TRUE,1,259,-1634.345342,3366.690684,3573.206481,3487.825346,0.030536973,1240.17,0.952474723,0.012,0.988,NA,0.074702088,0.060360078,0.909386671,NA,NA,NA,NA
Study1_recovery,MCNFAC,moderate_g2_q1,46,500,0.1,0.1,2,1,TRUE,1,324,-1508.770338,3123.540676,3346.914905,3254.563882,0.031199263,1617.93,0.952474723,0.012,0.988,NA,0.087284457,0.064214432,0.194423991,0.038117395,0.255286433,0.030633951,0.186656375
Study1_recovery,MFAC,moderate_g2_q1,47,500,0.1,0.1,2,1,TRUE,1,125,-1738.502398,3575.004796,3781.520593,3696.139458,0.023520007,604.05,0.952480938,0.012,0.988,NA,0.086589176,0.070799881,0.747625298,NA,NA,NA,NA
Study1_recovery,MCNFAC,moderate_g2_q1,47,500,0.1,0.1,2,1,TRUE,1,192,-1585.333634,3276.667268,3500.041497,3407.690474,0.022592855,1544.44,0.960320614,0.01,0.99,NA,0.104125079,0.076539076,0.105080422,0.017736703,0.96270257,0.01769195,0.926105858
Study1_recovery,MFAC,moderate_g2_q1,48,500,0.1,0.1,2,1,TRUE,1,118,-1705.109939,3508.219877,3714.735674,3629.354539,0.026983221,569.38,0.960318811,0.01,0.99,NA,0.136939417,0.090236167,0.815100128,NA,NA,NA,NA
Study1_recovery,MCNFAC,moderate_g2_q1,48,500,0.1,0.1,2,1,TRUE,1,215,-1556.946664,3219.893328,3443.267557,3350.916533,0.027744679,1663.58,0.936895233,0.016,0.984,NA,0.109737531,0.078964633,0.062682906,0.040402009,0.952731195,0.037111189,0.752078815
Study1_recovery,MFAC,moderate_g2_q1,49,500,0.1,0.1,2,1,TRUE,1,164,-1712.656603,3523.313207,3729.829004,3644.447869,0.031935965,803.47,0.944671733,0.014,0.986,NA,0.161987242,0.10597673,0.763205024,NA,NA,NA,NA
Study1_recovery,MCNFAC,moderate_g2_q1,49,500,0.1,0.1,2,1,TRUE,1,267,-1599.372378,3304.744757,3528.118986,3435.767962,0.034663667,1447.8,0.944672452,0.014,0.986,NA,0.128907346,0.084622332,0.057560821,0.035878792,1.093104211,0.033293406,0.889828046
Study1_recovery,MFAC,moderate_g2_q1,50,500,0.1,0.1,2,1,TRUE,1,128,-1728.047763,3554.095526,3760.611323,3675.230188,0.040761765,625.98,0.936895784,0.016,0.984,NA,0.097824218,0.079389565,0.597242825,NA,NA,NA,NA
Study1_recovery,MCNFAC,moderate_g2_q1,50,500,0.1,0.1,2,1,TRUE,1,233,-1580.739216,3267.478433,3490.852662,3398.501638,0.039025944,1848.48,0.93689634,0.016,0.984,NA,0.107486472,0.085943788,0.083164787,0.023743091,0.215788823,0.020701818,0.204959758
Study1_recovery,MFAC,moderate_g2_q1,51,500,0.1,0.1,2,1,TRUE,1,151,-1636.863754,3371.727509,3578.243305,3492.86217,0.026624492,720.17,0.944647241,0.014,0.986,NA,0.196188173,0.136669274,0.724885463,NA,NA,NA,NA
Study1_recovery,MCNFAC,moderate_g2_q1,51,500,0.1,0.1,2,1,TRUE,1,258,-1499.666226,3105.332453,3328.706682,3236.355658,0.02375824,1579.05,0.944650003,0.014,0.986,NA,0.173649283,0.126770203,0.114486087,0.04167677,1.183519446,0.033567023,1.024957183
Study1_recovery,MFAC,moderate_g2_q1,52,500,0.1,0.1,2,1,TRUE,1,179,-1719.528833,3537.057667,3743.573463,3658.192328,0.023802696,894.34,0.952472424,0.012,0.988,NA,0.105620107,0.075002488,0.819928461,NA,NA,NA,NA
Study1_recovery,MCNFAC,moderate_g2_q1,52,500,0.1,0.1,2,1,TRUE,1,240,-1619.361087,3344.722174,3568.096403,3475.74538,0.021150156,1305.8,0.960314032,0.01,0.99,NA,0.084805126,0.064650101,0.11698545,0.049065775,1.735270121,0.040855231,1.525811395
Study1_recovery,MFAC,moderate_g2_q1,53,500,0.1,0.1,2,1,TRUE,1,168,-1800.926791,3699.853582,3906.369379,3820.988244,0.034297874,798.24,0.913762804,0.022,0.978,NA,0.10990487,0.077532466,0.750321183,NA,NA,NA,NA
Study1_recovery,MCNFAC,moderate_g2_q1,53,500,0.1,0.1,2,1,TRUE,1,278,-1640.887589,3387.775178,3611.149408,3518.798384,0.034639079,1459.39,0.944673181,0.014,0.986,NA,0.075514459,0.053704572,0.021184278,0.019321357,0.814845213,0.019320935,0.598222618
Study1_recovery,MFAC,moderate_g2_q1,54,500,0.1,0.1,2,1,TRUE,1,103,-1720.507103,3539.014207,3745.530004,3660.148869,0.031332857,498.07,0.960317926,0.01,0.99,NA,0.110846251,0.078761331,0.636776371,NA,NA,NA,NA
Study1_recovery,MCNFAC,moderate_g2_q1,54,500,0.1,0.1,2,1,TRUE,1,291,-1605.491055,3316.98211,3540.356339,3448.005316,0.030863957,1460.86,0.960318371,0.01,0.99,NA,0.092648091,0.06108097,0.102295602,0.070329462,0.939117844,0.0681093,0.702453862
Study1_recovery,MFAC,moderate_g2_q1,55,500,0.1,0.1,2,1,TRUE,1,173,-1807.430619,3712.861238,3919.377034,3833.995899,0.042364011,854.48,0.898495119,0.026,0.974,NA,0.152685032,0.095532434,0.853697976,NA,NA,NA,NA
Study1_recovery,MCNFAC,moderate_g2_q1,55,500,0.1,0.1,2,1,TRUE,1,267,-1669.580586,3445.161171,3668.5354,3576.184377,0.040882786,1363.88,0.921439616,0.02,0.98,NA,0.064522462,0.046467549,0.059109132,0.065481454,0.351399081,0.06178129,0.299164334
Study1_recovery,MFAC,moderate_g2_q1,56,500,0.1,0.1,2,1,TRUE,1,189,-1714.908569,3527.817137,3734.332934,3648.951799,0.020948982,914.88,0.952480478,0.012,0.988,NA,0.169396898,0.124337858,0.791189348,NA,NA,NA,NA
Study1_recovery,MCNFAC,moderate_g2_q1,56,500,0.1,0.1,2,1,TRUE,1,234,-1587.555095,3281.11019,3504.484419,3412.133396,0.022773319,1166.52,0.952480644,0.012,0.988,NA,0.135332261,0.105406183,0.039216855,0.024305729,0.648097586,0.019826814,0.619744682
Study1_recovery,MFAC,moderate_g2_q1,57,500,0.1,0.1,2,1,TRUE,1,124,-1683.358006,3464.716011,3671.231808,3585.850673,0.02971592,611.45,0.929079672,0.018,0.982,NA,0.223269744,0.145255994,0.731732244,NA,NA,NA,NA
Study1_recovery,MCNFAC,moderate_g2_q1,57,500,0.1,0.1,2,1,TRUE,1,205,-1541.734761,3189.469522,3412.843751,3320.492728,0.026471647,1034.98,0.968168067,0.008,0.992,NA,0.129939005,0.094277178,0.16029256,0.022331749,2.458510242,0.016548638,2.358905362
Study1_recovery,MFAC,moderate_g2_q1,58,500,0.1,0.1,2,1,TRUE,1,153,-1670.333882,3438.667764,3645.183561,3559.802426,0.038205585,754.22,0.906052819,0.024,0.976,NA,0.130994742,0.100018403,0.851362227,NA,NA,NA,NA
Study1_recovery,MCNFAC,moderate_g2_q1,58,500,0.1,0.1,2,1,TRUE,1,229,-1535.101243,3176.202485,3399.576715,3307.225691,0.038778826,1158.45,0.929124418,0.018,0.982,NA,0.099248232,0.080636744,0.096340341,0.012620372,1.666429062,0.011717427,1.660902893
Study1_recovery,MFAC,moderate_g2_q1,59,500,0.1,0.1,2,1,TRUE,1,265,-1736.093504,3570.187008,3776.702805,3691.32167,0.030437541,1296.76,0.921436755,0.02,0.98,NA,0.130471065,0.095606255,0.817303166,NA,NA,NA,NA
Study1_recovery,MCNFAC,moderate_g2_q1,59,500,0.1,0.1,2,1,TRUE,1,250,-1599.880613,3305.761226,3529.135455,3436.784431,0.024737747,1178.45,0.952477927,0.012,0.988,NA,0.09090778,0.07510101,0.0250333,0.02504618,0.341111081,0.024856492,0.288558476
Study1_recovery,MFAC,moderate_g2_q1,60,500,0.1,0.1,2,1,TRUE,1,127,-1686.371735,3470.74347,3677.259267,3591.878132,0.030708422,623.86,0.913756369,0.022,0.978,NA,0.065547135,0.049621356,0.620470473,NA,NA,NA,NA
Study1_recovery,MCNFAC,moderate_g2_q1,60,500,0.1,0.1,2,1,TRUE,1,211,-1577.855172,3261.710343,3485.084572,3392.733549,0.032960245,1074.55,0.921437868,0.02,0.98,NA,0.070439669,0.049441622,0.041323425,0.010006076,1.210894249,0.007258406,1.11863494
Study1_recovery,MFAC,moderate_g2_q1,61,500,0.1,0.1,2,1,TRUE,1,161,-1798.41685,3694.8337,3901.349497,3815.968362,0.032609365,787.86,0.968178155,0.008,0.992,NA,0.102226101,0.081478578,0.972935579,NA,NA,NA,NA
Study1_recovery,MCNFAC,moderate_g2_q1,61,500,0.1,0.1,2,1,TRUE,1,264,-1666.986246,3439.972492,3663.346721,3570.995698,0.02832004,1329.22,0.968179752,0.008,0.992,NA,0.073668636,0.056816459,0.116075052,0.013220379,0.434267298,0.012831877,0.408900746
Study1_recovery,MFAC,moderate_g2_q1,62,500,0.1,0.1,2,1,TRUE,1,94,-1731.758498,3561.516996,3768.032793,3682.651658,0.031612788,467.91,0.944655259,0.014,0.986,NA,0.171761426,0.113601181,1.076096164,NA,NA,NA,NA
Study1_recovery,MCNFAC,moderate_g2_q1,62,500,0.1,0.1,2,1,TRUE,1,230,-1609.13956,3324.279119,3547.653348,3455.302325,0.032752999,1161.1,0.944655259,0.014,0.986,NA,0.172117415,0.127811053,0.178151769,0.030947561,0.119964427,0.027017951,0.119849646
Study1_recovery,MFAC,moderate_g2_q1,63,500,0.1,0.1,2,1,TRUE,1,166,-1792.800881,3683.601763,3890.11756,3804.736425,0.033001996,811.4,0.976096151,0.006,0.994,NA,0.14013519,0.105802482,0.788406783,NA,NA,NA,NA
Study1_recovery,MCNFAC,moderate_g2_q1,63,500,0.1,0.1,2,1,TRUE,1,256,-1642.902387,3391.804774,3615.179003,3522.827979,0.029556324,842.5,0.952480869,0.012,0.988,NA,0.110260039,0.080695083,0.140363432,0.040836673,0.627133934,0.036786939,0.626699258
Study1_recovery,MFAC,moderate_g2_q1,64,500,0.1,0.1,2,1,TRUE,1,146,-1769.744707,3637.489415,3844.005211,3758.624076,0.044495593,709.72,0.929145716,0.018,0.982,NA,0.120228879,0.089318577,0.738971375,NA,NA,NA,NA
Study1_recovery,MCNFAC,moderate_g2_q1,64,500,0.1,0.1,2,1,TRUE,1,230,-1569.81573,3245.63146,3469.005689,3376.654665,0.039388638,604.97,0.921432572,0.02,0.98,NA,0.109303589,0.080232082,0.034531008,0.053644439,2.582269415,0.04129911,2.484776664
Study1_recovery,MFAC,moderate_g2_q1,65,500,0.1,0.1,2,1,TRUE,1,142,-1759.480009,3616.960017,3823.475814,3738.094679,0.028305707,689.69,0.921440283,0.02,0.98,NA,0.128235351,0.108656674,0.872875928,NA,NA,NA,NA
Study1_recovery,MCNFAC,moderate_g2_q1,65,500,0.1,0.1,2,1,TRUE,1,171,-1571.520884,3249.041769,3472.415998,3380.064974,0.026412377,878.45,0.936896194,0.016,0.984,NA,0.127145419,0.102616714,0.146247157,0.053930012,5.956510928,0.052325306,4.971978163
Study1_recovery,MFAC,moderate_g2_q1,66,500,0.1,0.1,2,1,TRUE,1,170,-1685.907886,3469.815771,3676.331568,3590.950433,0.028204761,821.22,0.913718012,0.022,0.978,NA,0.127984584,0.096818761,0.751375711,NA,NA,NA,NA
Study1_recovery,MCNFAC,moderate_g2_q1,66,500,0.1,0.1,2,1,TRUE,1,209,-1555.445718,3216.891435,3440.265665,3347.914641,0.029325028,1048.07,0.921407742,0.02,0.98,NA,0.121035197,0.083616533,0.211546089,0.047217249,0.811635398,0.045876307,0.801670722
Study1_recovery,MFAC,moderate_g2_q1,67,500,0.1,0.1,2,1,TRUE,1,127,-1800.816163,3699.632326,3906.148123,3820.766988,0.026055329,618.28,0.921436884,0.02,0.98,NA,0.124375729,0.098878571,0.818649363,NA,NA,NA,NA
Study1_recovery,MCNFAC,moderate_g2_q1,67,500,0.1,0.1,2,1,TRUE,1,173,-1651.65115,3409.3023,3632.67653,3540.325506,0.027174538,902.78,0.92914946,0.018,0.982,NA,0.11504074,0.093858538,0.161487403,0.036472574,1.176423546,0.031307019,1.107032662
Study1_recovery,MFAC,moderate_g2_q1,68,500,0.1,0.1,2,1,TRUE,1,143,-1627.532892,3353.065785,3559.581581,3474.200446,0.031603527,714.73,0.936854747,0.016,0.984,NA,0.098517068,0.068235445,0.566059804,NA,NA,NA,NA
Study1_recovery,MCNFAC,moderate_g2_q1,68,500,0.1,0.1,2,1,TRUE,1,196,-1529.393827,3164.787654,3388.161883,3295.81086,0.03062853,1034.64,0.952454417,0.012,0.988,NA,0.074994263,0.059079341,0.11439734,0.066332407,1.77866213,0.060931779,1.615612317
Study1_recovery,MFAC,moderate_g2_q1,69,500,0.1,0.1,2,1,TRUE,1,207,-1672.255236,3442.510472,3649.026269,3563.645134,0.029411248,992.59,0.944668614,0.014,0.986,NA,0.095688363,0.075384435,0.569547904,NA,NA,NA,NA
Study1_recovery,MCNFAC,moderate_g2_q1,69,500,0.1,0.1,2,1,TRUE,1,225,-1523.258792,3152.517585,3375.891814,3283.54079,0.026868593,1120.67,0.968190353,0.008,0.992,NA,0.087152587,0.062646468,0.028454079,0.040169339,1.038358389,0.036170931,0.834489595
Study1_recovery,MFAC,moderate_g2_q1,70,500,0.1,0.1,2,1,TRUE,1,91,-1768.274438,3634.548876,3841.064673,3755.683538,0.016676895,445.69,0.9760945,0.006,0.994,NA,0.130268567,0.101739015,0.873257644,NA,NA,NA,NA
Study1_recovery,MCNFAC,moderate_g2_q1,70,500,0.1,0.1,2,1,TRUE,1,209,-1638.78517,3383.570339,3606.944568,3514.593545,0.019278786,1093.2,0.9760945,0.006,0.994,NA,0.12453512,0.082569175,0.021838856,0.044506542,1.299347486,0.044480059,1.135755515
Study1_recovery,MFAC,moderate_g2_q1,71,500,0.1,0.1,2,1,TRUE,1,141,-1666.542456,3431.084913,3637.60071,3552.219575,0.034924618,700.86,0.968189458,0.008,0.992,NA,0.075510172,0.056260255,0.767435231,NA,NA,NA,NA
Study1_recovery,MCNFAC,moderate_g2_q1,71,500,0.1,0.1,2,1,TRUE,1,200,-1534.985418,3175.970837,3399.345066,3306.994042,0.032870038,1035.17,0.968189458,0.008,0.992,NA,0.076303152,0.060049872,0.099243014,0.083469619,1.325759529,0.06039602,1.315285203
Study1_recovery,MFAC,moderate_g2_q1,72,500,0.1,0.1,2,1,TRUE,1,157,-1738.860338,3575.720676,3782.236473,3696.855338,0.020566187,746.06,0.968188849,0.008,0.992,NA,0.073713636,0.052410744,0.619213154,NA,NA,NA,NA
Study1_recovery,MCNFAC,moderate_g2_q1,72,500,0.1,0.1,2,1,TRUE,1,204,-1609.508639,3325.017278,3548.391507,3456.040484,0.020965445,1007.35,0.968188849,0.008,0.992,NA,0.059842304,0.047262014,0.150951703,0.021710155,0.76712268,0.021688172,0.724560469
Study1_recovery,MFAC,moderate_g2_q1,73,500,0.1,0.1,2,1,TRUE,1,131,-1754.819168,3607.638337,3814.154134,3728.772999,0.023815228,632.31,0.960316581,0.01,0.99,NA,0.17435462,0.12964838,1.019883523,NA,NA,NA,NA
Study1_recovery,MCNFAC,moderate_g2_q1,73,500,0.1,0.1,2,1,TRUE,1,230,-1629.333139,3364.666279,3588.040508,3495.689484,0.020368227,1159.03,0.960316581,0.01,0.99,NA,0.127305428,0.092609913,0.039744543,0.051761042,0.657970515,0.051738895,0.623570481
Study1_recovery,MFAC,moderate_g2_q1,74,500,0.1,0.1,2,1,TRUE,1,155,-1616.793072,3331.586145,3538.101942,3452.720807,0.032765062,762.86,0.936896569,0.016,0.984,NA,0.110745133,0.080336399,0.421957878,NA,NA,NA,NA
Study1_recovery,MCNFAC,moderate_g2_q1,74,500,0.1,0.1,2,1,TRUE,1,185,-1513.640586,3133.281172,3356.655401,3264.304377,0.028507486,942.37,0.944672111,0.014,0.986,NA,0.11614647,0.085269487,0.134368322,0.068195612,4.086924222,0.063807262,3.394531107
Study1_recovery,MFAC,moderate_g2_q1,75,500,0.1,0.1,2,1,TRUE,1,176,-1591.076026,3280.152052,3486.667848,3401.286713,0.016976099,855.58,0.976093316,0.006,0.994,NA,0.133252939,0.087657396,0.711077571,NA,NA,NA,NA
Study1_recovery,MCNFAC,moderate_g2_q1,75,500,0.1,0.1,2,1,TRUE,1,210,-1461.687119,3029.374238,3252.748467,3160.397444,0.016763179,1061.17,0.976093316,0.006,0.994,NA,0.109750579,0.078856923,0.048730538,0.044772733,1.192180461,0.043722064,0.917102669
Study1_recovery,MFAC,moderate_g2_q1,76,500,0.1,0.1,2,1,TRUE,1,129,-1696.034077,3490.068154,3696.58395,3611.202815,0.028043792,618.51,0.929085358,0.018,0.982,NA,0.147701312,0.103167502,0.756830429,NA,NA,NA,NA
Study1_recovery,MCNFAC,moderate_g2_q1,76,500,0.1,0.1,2,1,TRUE,1,254,-1588.497537,3282.995074,3506.369303,3414.018279,0.027225663,1253.33,0.936844825,0.016,0.984,NA,0.119345541,0.082016003,0.062069277,0.076923349,0.884985704,0.060629712,0.742549635
Study1_recovery,MFAC,moderate_g2_q1,77,500,0.1,0.1,2,1,TRUE,1,258,-1647.26884,3392.53768,3599.053477,3513.672342,0.030918021,1265.53,0.960314981,0.01,0.99,NA,0.102892999,0.080235742,0.667586681,NA,NA,NA,NA
Study1_recovery,MCNFAC,moderate_g2_q1,77,500,0.1,0.1,2,1,TRUE,1,413,-1509.126847,3124.253694,3347.627923,3255.2769,0.035196027,2053.73,0.944665455,0.014,0.986,NA,0.096250042,0.066072684,0.1127329,0.032393754,0.204354049,0.026677387,0.202512542
Study1_recovery,MFAC,moderate_g2_q1,78,500,0.1,0.1,2,1,TRUE,1,150,-1788.314918,3674.629836,3881.145633,3795.764498,0.033396004,730.92,0.976095073,0.006,0.994,NA,0.188081452,0.148312025,0.844449804,NA,NA,NA,NA
Study1_recovery,MCNFAC,moderate_g2_q1,78,500,0.1,0.1,2,1,TRUE,1,233,-1634.195376,3374.390752,3597.764981,3505.413957,0.032734075,1168.07,0.968191061,0.008,0.992,NA,0.126150712,0.09625238,0.052205758,0.03900489,0.975637733,0.038861003,0.932111267
Study1_recovery,MFAC,moderate_g2_q1,79,500,0.1,0.1,2,1,TRUE,1,162,-1818.817257,3735.634513,3942.15031,3856.769175,0.035909124,786.09,0.960317281,0.01,0.99,NA,0.079333878,0.053392914,1.090079862,NA,NA,NA,NA
Study1_recovery,MCNFAC,moderate_g2_q1,79,500,0.1,0.1,2,1,TRUE,1,282,-1641.702055,3389.40411,3612.77834,3520.427316,0.031306602,1406.09,0.952477908,0.012,0.988,NA,0.072176085,0.048762348,0.090148347,0.057139681,1.076608179,0.042213745,1.068591205
Study1_recovery,MFAC,moderate_g2_q1,80,500,0.1,0.1,2,1,TRUE,1,172,-1610.425696,3318.851393,3525.36719,3439.986055,0.029149907,842.95,0.944673302,0.014,0.986,NA,0.096935275,0.077429275,0.604026323,NA,NA,NA,NA
Study1_recovery,MCNFAC,moderate_g2_q1,80,500,0.1,0.1,2,1,TRUE,1,274,-1497.263307,3100.526613,3323.900843,3231.549819,0.033118493,1371.4,0.929154293,0.018,0.982,NA,0.094524304,0.070474782,0.104533003,0.020947007,0.667641887,0.01914483,0.645092421
Study1_recovery,MFAC,moderate_g2_q1,1,500,0.2,0.2,2,1,TRUE,1,141,-1576.242395,3250.484789,3457.000586,3371.619451,0.037384501,1005.9,0.960316617,0.01,0.99,NA,0.0886127,0.0684832,0.545855229,NA,NA,NA,NA
Study1_recovery,MCNFAC,moderate_g2_q1,1,500,0.2,0.2,2,1,TRUE,1,153,-1479.479315,3064.95863,3288.33286,3195.981836,0.034747426,1128.71,0.952475679,0.012,0.988,NA,0.080478902,0.063020366,0.030798663,0.046778379,2.636758297,0.039248717,2.362104347
Study1_recovery,MFAC,moderate_g2_q1,2,500,0.2,0.2,2,1,TRUE,1,103,-1645.67579,3389.351579,3595.867376,3510.486241,0.025679778,744.5,0.95248096,0.012,0.988,NA,0.123758843,0.078351055,0.552172746,NA,NA,NA,NA
Study1_recovery,MCNFAC,moderate_g2_q1,2,500,0.2,0.2,2,1,TRUE,1,154,-1541.686392,3189.372784,3412.747013,3320.39599,0.024583256,1131.62,0.960320639,0.01,0.99,NA,0.104048988,0.062585436,0.054121721,0.036501076,0.738286485,0.033649395,0.70047216
Study1_recovery,MFAC,moderate_g2_q1,3,500,0.2,0.2,2,1,TRUE,1,84,-1612.358863,3322.717726,3529.233523,3443.852388,0.034407545,626.91,0.960319979,0.01,0.99,NA,0.060852812,0.04446883,0.513142258,NA,NA,NA,NA
Study1_recovery,MCNFAC,moderate_g2_q1,3,500,0.2,0.2,2,1,TRUE,1,189,-1507.786438,3121.572876,3344.947105,3252.596081,0.027836255,1427.2,0.960319979,0.01,0.99,NA,0.054168184,0.039726698,0.157524047,0.075719271,0.870414894,0.057287535,0.680679469
Study1_recovery,MFAC,moderate_g2_q1,4,500,0.2,0.2,2,1,TRUE,1,64,-1622.82221,3343.64442,3550.160217,3464.779082,0.02806682,448.43,0.960319979,0.01,0.99,NA,0.083311717,0.064230322,0.705623725,NA,NA,NA,NA
Study1_recovery,MCNFAC,moderate_g2_q1,4,500,0.2,0.2,2,1,TRUE,1,238,-1523.326546,3152.653091,3376.027321,3283.676297,0.027780624,1688.49,0.960320361,0.01,0.99,NA,0.067089336,0.054942433,0.059279673,0.04983891,2.189217705,0.047249659,2.14633268
Study1_recovery,MFAC,moderate_g2_q1,5,500,0.2,0.2,2,1,TRUE,1,145,-1554.71376,3207.427519,3413.943316,3328.562181,0.025927758,1047.58,0.936884722,0.016,0.984,NA,0.160530359,0.119850569,0.574485491,NA,NA,NA,NA
Study1_recovery,MCNFAC,moderate_g2_q1,5,500,0.2,0.2,2,1,TRUE,1,213,-1462.175473,3030.350946,3253.725176,3161.374152,0.027924478,1528.69,0.94466102,0.014,0.986,NA,0.147893584,0.093680771,0.092663442,0.028347959,0.664061237,0.026466641,0.61957674
Study1_recovery,MFAC,moderate_g2_q1,6,500,0.2,0.2,2,1,TRUE,1,149,-1566.942798,3231.885595,3438.401392,3353.020257,0.025021337,1188.57,0.944652707,0.014,0.986,NA,0.087832613,0.071144092,0.596752813,NA,NA,NA,NA
Study1_recovery,MCNFAC,moderate_g2_q1,6,500,0.2,0.2,2,1,TRUE,1,241,-1474.180507,3054.361015,3277.735244,3185.384221,0.022811905,1481.37,0.952464347,0.012,0.988,NA,0.105741421,0.080127885,0.070974228,0.04244855,1.169021463,0.041606423,1.155409242
Study1_recovery,MFAC,moderate_g2_q1,7,500,0.2,0.2,2,1,TRUE,1,69,-1641.805065,3381.61013,3588.125927,3502.744792,0.028215575,501.48,0.921440892,0.02,0.98,NA,0.126864924,0.08480467,0.876567308,NA,NA,NA,NA
Study1_recovery,MCNFAC,moderate_g2_q1,7,500,0.2,0.2,2,1,TRUE,1,175,-1541.360687,3188.721374,3412.095604,3319.74458,0.031119494,1294.39,0.936896569,0.016,0.984,NA,0.111398039,0.075316493,0.068553381,0.055187936,0.532987568,0.049483522,0.437587112
Study1_recovery,MFAC,moderate_g2_q1,8,500,0.2,0.2,2,1,TRUE,1,242,-1617.514635,3333.029269,3539.545066,3454.163931,0.031653693,1733.7,0.936896637,0.016,0.984,NA,0.115716916,0.090035987,0.508946816,NA,NA,NA,NA
Study1_recovery,MCNFAC,moderate_g2_q1,8,500,0.2,0.2,2,1,TRUE,1,203,-1496.28993,3098.579859,3321.954089,3229.603065,0.026644841,1486.19,0.936896637,0.016,0.984,NA,0.115950229,0.095327144,0.072567238,0.051755733,1.637867502,0.050698721,1.621515304
Study1_recovery,MFAC,moderate_g2_q1,9,500,0.2,0.2,2,1,TRUE,1,210,-1591.400203,3280.800406,3487.316203,3401.935068,0.023774288,1475.7,0.936858561,0.016,0.984,NA,0.10932396,0.078526614,0.739573922,NA,NA,NA,NA
Study1_recovery,MCNFAC,moderate_g2_q1,9,500,0.2,0.2,2,1,TRUE,1,255,-1529.362047,3164.724093,3388.098322,3295.747299,0.023967776,1839.61,0.94464069,0.014,0.986,NA,0.107133371,0.078572876,0.192184825,0.073149132,1.886393012,0.069234384,1.686136859
Study1_recovery,MFAC,moderate_g2_q1,10,500,0.2,0.2,2,1,TRUE,1,129,-1673.265076,3444.530151,3651.045948,3565.664813,0.041702875,946.5,0.898494056,0.026,0.974,NA,0.080276488,0.061429562,0.694672924,NA,NA,NA,NA
Study1_recovery,MCNFAC,moderate_g2_q1,10,500,0.2,0.2,2,1,TRUE,1,180,-1555.083005,3216.166009,3439.540238,3347.189215,0.040625455,1315.25,0.929150991,0.018,0.982,NA,0.084519288,0.06235637,0.084052418,0.045553221,1.053650211,0.040854089,0.959436619
Study1_recovery,MFAC,moderate_g2_q1,11,500,0.2,0.2,2,1,TRUE,1,92,-1653.355763,3404.711526,3611.227323,3525.846188,0.037173847,644.78,0.952480908,0.012,0.988,NA,0.068759986,0.047367741,0.728626424,NA,NA,NA,NA
Study1_recovery,MCNFAC,moderate_g2_q1,11,500,0.2,0.2,2,1,TRUE,1,235,-1515.319383,3136.638767,3360.012996,3267.661973,0.03437953,1674.49,0.960320609,0.01,0.99,NA,0.063583112,0.04569728,0.048531289,0.013528796,0.759554817,0.013110034,0.560385869
Study1_recovery,MFAC,moderate_g2_q1,12,500,0.2,0.2,2,1,TRUE,1,230,-1597.160071,3292.320142,3498.835939,3413.454804,0.029977132,1614.45,0.952477332,0.012,0.988,NA,0.106778529,0.076834586,0.710053867,NA,NA,NA,NA
Study1_recovery,MCNFAC,moderate_g2_q1,12,500,0.2,0.2,2,1,TRUE,1,221,-1469.81661,3045.63322,3269.007449,3176.656426,0.028538322,1587.92,0.968190722,0.008,0.992,NA,0.144648072,0.103087144,0.094494448,0.057637797,2.36817858,0.057319944,2.147474087
Study1_recovery,MFAC,moderate_g2_q1,13,500,0.2,0.2,2,1,TRUE,1,101,-1668.933801,3435.867602,3642.383399,3557.002264,0.024700243,705.45,0.944673281,0.014,0.986,NA,0.098439162,0.066229328,0.876502817,NA,NA,NA,NA
Study1_recovery,MCNFAC,moderate_g2_q1,13,500,0.2,0.2,2,1,TRUE,1,179,-1541.69521,3189.390419,3412.764649,3320.413625,0.025533817,1276.55,0.952480881,0.012,0.988,NA,0.138650505,0.087145349,0.053778213,0.034987015,1.01566475,0.034760783,0.958474242
Study1_recovery,MFAC,moderate_g2_q1,14,500,0.2,0.2,2,1,TRUE,1,156,-1669.083598,3436.167195,3642.682992,3557.301857,0.039577862,1103.02,0.883328106,0.03,0.97,NA,0.103268372,0.072275507,0.818496555,NA,NA,NA,NA
Study1_recovery,MCNFAC,moderate_g2_q1,14,500,0.2,0.2,2,1,TRUE,1,208,-1561.072438,3228.144876,3451.519105,3359.168081,0.038847792,1512.53,0.898478757,0.026,0.974,NA,0.090512596,0.06606021,0.128874959,0.070740799,1.392665582,0.056911592,1.38724239
Study1_recovery,MFAC,moderate_g2_q1,15,500,0.2,0.2,2,1,TRUE,1,147,-1711.005677,3520.011353,3726.52715,3641.146015,0.027717772,1020.67,0.976095992,0.006,0.994,NA,0.138636974,0.082282349,0.944184916,NA,NA,NA,NA
Study1_recovery,MCNFAC,moderate_g2_q1,15,500,0.2,0.2,2,1,TRUE,1,215,-1571.015223,3248.030446,3471.404675,3379.053652,0.025377691,1540.03,0.968192251,0.008,0.992,NA,0.133749652,0.096603309,0.087253816,0.025911884,0.584907816,0.02439263,0.499006455
Study1_recovery,MFAC,moderate_g2_q1,16,500,0.2,0.2,2,1,TRUE,1,166,-1722.083734,3542.167468,3748.683265,3663.30213,0.034334241,1185.05,0.936897714,0.016,0.984,NA,0.155442533,0.113169607,0.838730327,NA,NA,NA,NA
Study1_recovery,MCNFAC,moderate_g2_q1,16,500,0.2,0.2,2,1,TRUE,1,172,-1588.546546,3283.093093,3506.467322,3414.116298,0.037593043,1262.27,0.929154314,0.018,0.982,NA,0.144929844,0.116476643,0.236838731,0.025005868,0.893250979,0.023512778,0.675064655
Study1_recovery,MFAC,moderate_g2_q1,17,500,0.2,0.2,2,1,TRUE,1,112,-1668.375514,3434.751028,3641.266825,3555.88569,0.032523728,791.67,0.929124529,0.018,0.982,NA,0.147531926,0.104353393,0.908663134,NA,NA,NA,NA
Study1_recovery,MCNFAC,moderate_g2_q1,17,500,0.2,0.2,2,1,TRUE,1,173,-1571.683091,3249.366182,3472.740411,3380.389387,0.028961483,1246.88,0.913731227,0.022,0.978,NA,0.144971007,0.106394073,0.063086795,0.023062964,0.434972791,0.022269367,0.422987325
Study1_recovery,MFAC,moderate_g2_q1,18,500,0.2,0.2,2,1,TRUE,1,81,-1675.210709,3448.421419,3654.937216,3569.556081,0.027610736,574.07,0.913761888,0.022,0.978,NA,0.14657932,0.104337544,0.726922271,NA,NA,NA,NA
Study1_recovery,MCNFAC,moderate_g2_q1,18,500,0.2,0.2,2,1,TRUE,1,236,-1552.037318,3210.074636,3433.448865,3341.097841,0.028305578,1704.95,0.921442104,0.02,0.98,NA,0.11309283,0.076929896,0.059329285,0.063179874,0.301673025,0.052938298,0.274341515
Study1_recovery,MFAC,moderate_g2_q1,19,500,0.2,0.2,2,1,TRUE,1,87,-1541.125766,3180.251532,3386.767329,3301.386194,0.032167968,616.61,0.944673175,0.014,0.986,NA,0.117590878,0.090562188,0.531993836,NA,NA,NA,NA
Study1_recovery,MCNFAC,moderate_g2_q1,19,500,0.2,0.2,2,1,TRUE,1,168,-1447.973106,3001.946213,3225.320442,3132.969418,0.03070121,1238.1,0.944672956,0.014,0.986,NA,0.121069301,0.090604822,0.040766951,0.046923681,2.326330141,0.0468998,2.286520132
Study1_recovery,MFAC,moderate_g2_q1,20,500,0.2,0.2,2,1,TRUE,1,237,-1634.688318,3367.376636,3573.892433,3488.511298,0.032981682,1675.3,0.952477254,0.012,0.988,NA,0.110268331,0.087743627,0.977036596,NA,NA,NA,NA
Study1_recovery,MCNFAC,moderate_g2_q1,20,500,0.2,0.2,2,1,TRUE,1,275,-1535.155927,3176.311854,3399.686083,3307.33506,0.03198941,2006.99,0.944670181,0.014,0.986,NA,0.101966861,0.082715572,0.12755431,0.027813512,0.494096222,0.02743676,0.419206452
Study1_recovery,MFAC,moderate_g2_q1,21,500,0.2,0.2,2,1,TRUE,1,178,-1622.396412,3342.792824,3549.308621,3463.927486,0.031738705,1269.27,0.944662657,0.014,0.986,NA,0.188121861,0.137363109,0.68585081,NA,NA,NA,NA
Study1_recovery,MCNFAC,moderate_g2_q1,21,500,0.2,0.2,2,1,TRUE,1,368,-1534.537937,3175.075875,3398.450104,3306.09908,0.029433192,2734.86,0.929142509,0.018,0.982,NA,0.130223154,0.103097301,0.137746279,0.015706247,1.055897881,0.015683464,0.980819313
Study1_recovery,MFAC,moderate_g2_q1,22,500,0.2,0.2,2,1,TRUE,1,61,-1691.676855,3481.35371,3687.869506,3602.488371,0.035251938,448.21,0.921441781,0.02,0.98,NA,0.10018122,0.067055039,0.912848486,NA,NA,NA,NA
Study1_recovery,MCNFAC,moderate_g2_q1,22,500,0.2,0.2,2,1,TRUE,1,161,-1545.546021,3197.092042,3420.466271,3328.115248,0.032302831,1194.41,0.960320438,0.01,0.99,NA,0.061069083,0.051698272,0.120164754,0.029940746,1.791183038,0.026375725,1.611039621
Study1_recovery,MFAC,moderate_g2_q1,23,500,0.2,0.2,2,1,TRUE,1,109,-1595.177138,3288.354276,3494.870072,3409.488937,0.024587622,796.83,0.929112621,0.018,0.982,NA,0.100593528,0.072483864,0.600930591,NA,NA,NA,NA
Study1_recovery,MCNFAC,moderate_g2_q1,23,500,0.2,0.2,2,1,TRUE,1,209,-1506.44566,3118.891321,3342.26555,3249.914526,0.027280272,2007.68,0.936862545,0.016,0.984,NA,0.080439111,0.059263579,0.063536667,0.033323744,0.622696885,0.032794959,0.621304354
Study1_recovery,MFAC,moderate_g2_q1,24,500,0.2,0.2,2,1,TRUE,1,106,-1674.803202,3447.606403,3654.1222,3568.741065,0.027806591,815.87,0.929140621,0.018,0.982,NA,0.127825381,0.086413385,0.70153851,NA,NA,NA,NA
Study1_recovery,MCNFAC,moderate_g2_q1,24,500,0.2,0.2,2,1,TRUE,1,188,-1582.15945,3270.318901,3493.69313,3401.342106,0.024208694,1858.06,0.929140621,0.018,0.982,NA,0.129781317,0.08717266,0.134250461,0.031896671,0.821275312,0.027988574,0.77977976
Study1_recovery,MFAC,moderate_g2_q1,25,500,0.2,0.2,2,1,TRUE,1,177,-1669.319225,3436.63845,3643.154247,3557.773112,0.031311335,1267.67,0.929151805,0.018,0.982,NA,0.145171208,0.107228546,0.773983111,NA,NA,NA,NA
Study1_recovery,MCNFAC,moderate_g2_q1,25,500,0.2,0.2,2,1,TRUE,1,182,-1532.873716,3171.747433,3395.121662,3302.770639,0.028293512,1299.64,0.960319508,0.01,0.99,NA,0.166393593,0.134143476,0.134815255,0.038862315,1.489699628,0.033623169,1.409841486
Study1_recovery,MFAC,moderate_g2_q1,26,500,0.2,0.2,2,1,TRUE,1,123,-1592.440869,3282.881738,3489.397534,3404.016399,0.0234056,1269.84,0.94465921,0.014,0.986,NA,0.078171978,0.053647795,0.557574535,NA,NA,NA,NA
Study1_recovery,MCNFAC,moderate_g2_q1,26,500,0.2,0.2,2,1,TRUE,1,178,-1493.957668,3093.915337,3317.289566,3224.938542,0.0231524,1251.76,0.952469609,0.012,0.988,NA,0.067581467,0.047199978,0.090153978,0.027083807,0.404943207,0.027006107,0.379414112
Study1_recovery,MFAC,moderate_g2_q1,27,500,0.2,0.2,2,1,TRUE,1,210,-1818.526349,3735.052697,3941.568494,3856.187359,0.031843945,1935.39,0.921442953,0.02,0.98,NA,0.105530189,0.084783759,1.201095196,NA,NA,NA,NA
Study1_recovery,MCNFAC,moderate_g2_q1,27,500,0.2,0.2,2,1,TRUE,1,290,-1668.433494,3442.866988,3666.241217,3573.890193,0.029642014,1914.52,0.952480891,0.012,0.988,NA,0.098910835,0.076140627,0.053885108,0.082450012,0.596563931,0.080131708,0.459408212
Study1_recovery,MFAC,moderate_g2_q1,28,500,0.2,0.2,2,1,TRUE,1,200,-1647.602514,3393.205028,3599.720825,3514.33969,0.025707541,1958.34,0.921442086,0.02,0.98,NA,0.124778346,0.090331563,0.649241846,NA,NA,NA,NA
Study1_recovery,MCNFAC,moderate_g2_q1,28,500,0.2,0.2,2,1,TRUE,1,254,-1547.141806,3200.283613,3423.657842,3331.306818,0.024077341,2057.92,0.944673222,0.014,0.986,NA,0.110607148,0.084843881,0.081082838,0.06336714,0.971115707,0.059780562,0.943834103
Study1_recovery,MFAC,moderate_g2_q1,29,500,0.2,0.2,2,1,TRUE,1,134,-1677.215765,3452.431529,3658.947326,3573.566191,0.026874206,1074.03,0.976084914,0.006,0.994,NA,0.092248916,0.07746812,0.909971566,NA,NA,NA,NA
Study1_recovery,MCNFAC,moderate_g2_q1,29,500,0.2,0.2,2,1,TRUE,1,306,-1538.808312,3183.616624,3406.990853,3314.639829,0.024368291,2614.31,0.944652624,0.014,0.986,NA,0.136542452,0.104965541,0.039242914,0.042792728,1.447875536,0.042686055,1.429563714
Study1_recovery,MFAC,moderate_g2_q1,30,500,0.2,0.2,2,1,TRUE,1,166,-1540.082225,3178.16445,3384.680247,3299.299111,0.027997847,1342.07,0.944666689,0.014,0.986,NA,0.067582445,0.05402627,0.476582358,NA,NA,NA,NA
Study1_recovery,MCNFAC,moderate_g2_q1,30,500,0.2,0.2,2,1,TRUE,1,211,-1442.475782,2990.951565,3214.325794,3121.97477,0.024628336,1829.89,0.952475746,0.012,0.988,NA,0.09169392,0.071772612,0.186496992,0.02662167,1.471478287,0.023707934,1.418472889
Study1_recovery,MFAC,moderate_g2_q1,31,500,0.2,0.2,2,1,TRUE,1,87,-1610.83979,3319.679581,3526.195378,3440.814243,0.030026365,699.49,0.968192389,0.008,0.992,NA,0.074828308,0.060717271,0.555173983,NA,NA,NA,NA
Study1_recovery,MCNFAC,moderate_g2_q1,31,500,0.2,0.2,2,1,TRUE,1,182,-1485.078248,3076.156497,3299.530726,3207.179702,0.026983145,2283.09,0.944673331,0.014,0.986,NA,0.115396725,0.091216675,0.098390008,0.00964332,0.770808978,0.009178712,0.756954094
Study1_recovery,MFAC,moderate_g2_q1,32,500,0.2,0.2,2,1,TRUE,1,73,-1717.467193,3532.934386,3739.450183,3654.069048,0.033475907,577.85,0.906080023,0.024,0.976,NA,0.10877902,0.085456077,0.943660052,NA,NA,NA,NA
Study1_recovery,MCNFAC,moderate_g2_q1,32,500,0.2,0.2,2,1,TRUE,1,165,-1565.682011,3237.364022,3460.738251,3368.387227,0.03179498,2143.02,0.921418665,0.02,0.98,NA,0.077840214,0.059786583,0.065160123,0.047483957,1.954414669,0.035723821,1.908875718
Study1_recovery,MFAC,moderate_g2_q1,33,500,0.2,0.2,2,1,TRUE,1,88,-1684.689603,3467.379205,3673.895002,3588.513867,0.036682469,710,0.913752099,0.022,0.978,NA,0.160865988,0.116267737,0.992475048,NA,NA,NA,NA
Study1_recovery,MCNFAC,moderate_g2_q1,33,500,0.2,0.2,2,1,TRUE,1,189,-1565.810884,3237.621768,3460.995997,3368.644974,0.03810345,2348.85,0.936891015,0.016,0.984,NA,0.136492009,0.097221513,0.065063581,0.041727647,0.303839625,0.039000758,0.255008476
Study1_recovery,MFAC,moderate_g2_q1,34,500,0.2,0.2,2,1,TRUE,1,131,-1584.736532,3267.473065,3473.988861,3388.607726,0.031726484,1064.07,0.898471407,0.026,0.974,NA,0.139803665,0.097238489,0.549318029,NA,NA,NA,NA
Study1_recovery,MCNFAC,moderate_g2_q1,34,500,0.2,0.2,2,1,TRUE,1,229,-1474.157305,3054.31461,3277.688839,3185.337815,0.030062159,1947.92,0.929136297,0.018,0.982,NA,0.098504815,0.065191789,0.121649862,0.038214705,0.762256301,0.036560833,0.664509364
Study1_recovery,MFAC,moderate_g2_q1,35,500,0.2,0.2,2,1,TRUE,1,213,-1501.18473,3100.36946,3306.885257,3221.504122,0.026215911,1667.41,0.952412033,0.012,0.988,NA,0.10866699,0.083700664,0.637122708,NA,NA,NA,NA
Study1_recovery,MCNFAC,moderate_g2_q1,35,500,0.2,0.2,2,1,TRUE,1,257,-1419.268454,2944.536908,3167.911137,3075.560114,0.023721586,2075.16,0.960265541,0.01,0.99,NA,0.116286885,0.089307416,0.034128802,0.021961304,1.350673082,0.019457778,1.181515354
Study1_recovery,MFAC,moderate_g2_q1,36,500,0.2,0.2,2,1,TRUE,1,150,-1600.565406,3299.130813,3505.64661,3420.265474,0.030503722,1191.76,0.952475657,0.012,0.988,NA,0.082529434,0.064896794,0.95396904,NA,NA,NA,NA
Study1_recovery,MCNFAC,moderate_g2_q1,36,500,0.2,0.2,2,1,TRUE,1,184,-1485.701897,3077.403795,3300.778024,3208.427,0.031500624,1555.02,0.944666636,0.014,0.986,NA,0.086296966,0.06766419,0.182797004,0.043702661,0.86433283,0.037515439,0.65700549
Study1_recovery,MFAC,moderate_g2_q1,37,500,0.2,0.2,2,1,TRUE,1,90,-1685.156733,3468.313466,3674.829263,3589.448128,0.024355278,709.95,0.936897764,0.016,0.984,NA,0.088036199,0.072793351,0.793053353,NA,NA,NA,NA
Study1_recovery,MCNFAC,moderate_g2_q1,37,500,0.2,0.2,2,1,TRUE,1,167,-1548.479293,3202.958585,3426.332815,3333.981791,0.022755967,2150.34,0.92915426,0.018,0.982,NA,0.108552291,0.079737819,0.092462313,0.020456879,1.053941037,0.020382651,1.022623528
Study1_recovery,MFAC,moderate_g2_q1,38,500,0.2,0.2,2,1,TRUE,1,124,-1634.478881,3366.957761,3573.473558,3488.092423,0.028624491,972.12,0.960318811,0.01,0.99,NA,0.140501073,0.093963679,0.807115409,NA,NA,NA,NA
Study1_recovery,MCNFAC,moderate_g2_q1,38,500,0.2,0.2,2,1,TRUE,1,196,-1508.09431,3122.18862,3345.562849,3253.211826,0.028679045,1609.64,0.929151805,0.018,0.982,NA,0.109676724,0.079663802,0.075090294,0.034315407,0.784697436,0.03376808,0.61445307
Study1_recovery,MFAC,moderate_g2_q1,39,500,0.2,0.2,2,1,TRUE,1,102,-1647.264864,3392.529728,3599.045525,3513.66439,0.032650985,830.16,0.944672111,0.014,0.986,NA,0.165402737,0.111363377,0.730011733,NA,NA,NA,NA
Study1_recovery,MCNFAC,moderate_g2_q1,39,500,0.2,0.2,2,1,TRUE,1,232,-1537.244384,3180.488768,3403.862997,3311.511973,0.034218663,2482.47,0.92144138,0.02,0.98,NA,0.131153329,0.08814075,0.069740252,0.055609981,0.438086034,0.05463579,0.436603218
Study1_recovery,MFAC,moderate_g2_q1,40,500,0.2,0.2,2,1,TRUE,1,95,-1651.69314,3401.38628,3607.902077,3522.520942,0.040152465,799.6,0.94467132,0.014,0.986,NA,0.10237054,0.081861995,0.58822568,NA,NA,NA,NA
Study1_recovery,MCNFAC,moderate_g2_q1,40,500,0.2,0.2,2,1,TRUE,1,210,-1523.703287,3153.406574,3376.780803,3284.42978,0.037573689,1795.29,0.921441074,0.02,0.98,NA,0.107651975,0.0853573,0.11099562,0.031683902,0.478893917,0.025862948,0.465051973
Study1_recovery,MFAC,moderate_g2_q1,41,500,0.2,0.2,2,1,TRUE,1,135,-1578.200531,3254.401063,3460.91686,3375.535725,0.028740524,1041.9,0.944647241,0.014,0.986,NA,0.198815636,0.138925132,0.677789377,NA,NA,NA,NA
Study1_recovery,MCNFAC,moderate_g2_q1,41,500,0.2,0.2,2,1,TRUE,1,216,-1453.290719,3012.581437,3235.955666,3143.604643,0.024332143,1704.6,0.952462053,0.012,0.988,NA,0.172544443,0.123284647,0.124442288,0.044897501,1.624690965,0.034556723,1.21659329
Study1_recovery,MFAC,moderate_g2_q1,42,500,0.2,0.2,2,1,TRUE,1,220,-1641.810567,3381.621134,3588.13693,3502.755795,0.024080943,1687.33,0.952472424,0.012,0.988,NA,0.108794988,0.080152359,0.809714284,NA,NA,NA,NA
Study1_recovery,MCNFAC,moderate_g2_q1,42,500,0.2,0.2,2,1,TRUE,1,238,-1560.19721,3226.39442,3449.768649,3357.417626,0.021173247,1851.31,0.96818667,0.008,0.992,NA,0.086956677,0.067349582,0.098817829,0.063361484,1.646495882,0.050980841,1.362619366
Study1_recovery,MFAC,moderate_g2_q1,43,500,0.2,0.2,2,1,TRUE,1,124,-1718.92504,3535.850081,3742.365878,3656.984743,0.036661621,943.76,0.921442104,0.02,0.98,NA,0.107093657,0.073462258,0.762689352,NA,NA,NA,NA
Study1_recovery,MCNFAC,moderate_g2_q1,43,500,0.2,0.2,2,1,TRUE,1,230,-1580.892251,3267.784502,3491.158731,3398.807708,0.037174584,1786.32,0.944673302,0.014,0.986,NA,0.073407545,0.054594383,0.024464934,0.026685879,0.824378085,0.025782263,0.613306831
Study1_recovery,MFAC,moderate_g2_q1,44,500,0.2,0.2,2,1,TRUE,1,223,-1638.975123,3375.950247,3582.466044,3497.084909,0.03398346,1759.48,0.960317926,0.01,0.99,NA,0.120180406,0.085460472,0.639151031,NA,NA,NA,NA
Study1_recovery,MCNFAC,moderate_g2_q1,44,500,0.2,0.2,2,1,TRUE,1,293,-1539.550566,3185.101131,3408.47536,3316.124337,0.031126728,2148.05,0.960318371,0.01,0.99,NA,0.10394203,0.068275716,0.064589425,0.067339672,0.629364804,0.066237699,0.606634632
Study1_recovery,MFAC,moderate_g2_q1,45,500,0.2,0.2,2,1,TRUE,1,160,-1714.787693,3527.575386,3734.091183,3648.710048,0.040733336,1286.19,0.898495119,0.026,0.974,NA,0.161041736,0.098571293,0.791470939,NA,NA,NA,NA
Study1_recovery,MCNFAC,moderate_g2_q1,45,500,0.2,0.2,2,1,TRUE,1,282,-1598.837101,3303.674202,3527.048432,3434.697408,0.036571707,2179.31,0.913760368,0.022,0.978,NA,0.069221258,0.04996946,0.101697476,0.08403258,0.506931134,0.081173214,0.418776666
Study1_recovery,MFAC,moderate_g2_q1,46,500,0.2,0.2,2,1,TRUE,1,220,-1612.709785,3323.419569,3529.935366,3444.554231,0.020415526,1743.51,0.944672679,0.014,0.986,NA,0.170225407,0.128636882,0.833293096,NA,NA,NA,NA
Study1_recovery,MCNFAC,moderate_g2_q1,46,500,0.2,0.2,2,1,TRUE,1,222,-1503.812714,3113.625427,3336.999657,3244.648633,0.022417987,1604.68,0.952480478,0.012,0.988,NA,0.128570548,0.102448314,0.072245338,0.0296931,0.409038851,0.028898731,0.408998418
Study1_recovery,MFAC,moderate_g2_q1,47,500,0.2,0.2,2,1,TRUE,1,63,-1588.467432,3274.934863,3481.45066,3396.069525,0.031337,562.86,0.929079672,0.018,0.982,NA,0.223232545,0.144122159,0.76913364,NA,NA,NA,NA
Study1_recovery,MCNFAC,moderate_g2_q1,47,500,0.2,0.2,2,1,TRUE,1,155,-1478.482876,3062.965753,3286.339982,3193.988958,0.029791212,1197.89,0.960288774,0.01,0.99,NA,0.125670332,0.092599144,0.184284867,0.036033322,2.385821018,0.032094532,2.319422201
Study1_recovery,MFAC,moderate_g2_q1,48,500,0.2,0.2,2,1,TRUE,1,84,-1616.585825,3331.171649,3537.687446,3452.306311,0.039644508,678.97,0.898429241,0.026,0.974,NA,0.129783289,0.0983233,0.898601728,NA,NA,NA,NA
Study1_recovery,MCNFAC,moderate_g2_q1,48,500,0.2,0.2,2,1,TRUE,1,189,-1496.217046,3098.434091,3321.80832,3229.457297,0.040960616,1486.76,0.936872735,0.016,0.984,NA,0.091894054,0.075111715,0.083469446,0.008997839,1.897132849,0.008666766,1.840729683
Study1_recovery,MFAC,moderate_g2_q1,49,500,0.2,0.2,2,1,TRUE,1,213,-1649.191331,3396.382662,3602.898459,3517.517324,0.031075297,1629.23,0.921436755,0.02,0.98,NA,0.102122675,0.074020445,0.7517233,NA,NA,NA,NA
Study1_recovery,MCNFAC,moderate_g2_q1,49,500,0.2,0.2,2,1,TRUE,1,187,-1545.218846,3196.437692,3419.811921,3327.460898,0.02525007,2500.1,0.952478546,0.012,0.988,NA,0.086622792,0.072308628,0.050815031,0.043641231,0.269203511,0.042525752,0.257005225
Study1_recovery,MFAC,moderate_g2_q1,50,500,0.2,0.2,2,1,TRUE,1,84,-1602.499379,3302.998758,3509.514555,3424.13342,0.030283583,649.37,0.90610906,0.024,0.976,NA,0.071538646,0.054876092,0.666997805,NA,NA,NA,NA
Study1_recovery,MCNFAC,moderate_g2_q1,50,500,0.2,0.2,2,1,TRUE,1,168,-1523.538533,3153.077066,3376.451295,3284.100272,0.031926401,1262.56,0.913758529,0.022,0.978,NA,0.059778771,0.044156453,0.111330022,0.019401814,1.434408087,0.013741033,1.202617769
Study1_recovery,MFAC,moderate_g2_q1,51,500,0.2,0.2,2,1,TRUE,1,107,-1716.123595,3530.24719,3736.762987,3651.381852,0.032424437,1332.52,0.9603039,0.01,0.99,NA,0.10372916,0.082838536,1.018109879,NA,NA,NA,NA
Study1_recovery,MCNFAC,moderate_g2_q1,51,500,0.2,0.2,2,1,TRUE,1,225,-1605.203737,3316.407473,3539.781703,3447.430679,0.028612687,1780.7,0.960305839,0.01,0.99,NA,0.067876825,0.054368263,0.081079532,0.037813482,0.732629656,0.028162615,0.728110221
Study1_recovery,MFAC,moderate_g2_q1,52,500,0.2,0.2,2,1,TRUE,1,133,-1659.917314,3417.834627,3624.350424,3538.969289,0.031062803,1583.85,0.944655259,0.014,0.986,NA,0.170668074,0.109780115,1.017041076,NA,NA,NA,NA
Study1_recovery,MCNFAC,moderate_g2_q1,52,500,0.2,0.2,2,1,TRUE,1,142,-1554.468447,3214.936894,3438.311123,3345.9601,0.031502604,1159.3,0.944655259,0.014,0.986,NA,0.169425323,0.123131449,0.199985771,0.014098361,0.183727718,0.011362732,0.170174073
Study1_recovery,MFAC,moderate_g2_q1,53,500,0.2,0.2,2,1,TRUE,1,134,-1712.108597,3522.217194,3728.732991,3643.351856,0.034260888,1573.1,0.968192338,0.008,0.992,NA,0.143486197,0.110770077,0.7625839,NA,NA,NA,NA
Study1_recovery,MCNFAC,moderate_g2_q1,53,500,0.2,0.2,2,1,TRUE,1,235,-1587.097027,3280.194053,3503.568282,3411.217259,0.030722496,1852.54,0.952480869,0.012,0.988,NA,0.114309345,0.085904432,0.144748768,0.057118201,1.209206525,0.055652334,1.180716359
Study1_recovery,MFAC,moderate_g2_q1,54,500,0.2,0.2,2,1,TRUE,1,154,-1686.237856,3470.475711,3676.991508,3591.610373,0.044220131,1748.53,0.92914706,0.018,0.982,NA,0.125106235,0.089126682,0.717497238,NA,NA,NA,NA
Study1_recovery,MCNFAC,moderate_g2_q1,54,500,0.2,0.2,2,1,TRUE,1,183,-1512.800932,3131.601865,3354.976094,3262.62507,0.038998514,1452.46,0.92914706,0.018,0.982,NA,0.106343245,0.077108018,0.067190487,0.047286143,3.028148075,0.039089299,2.990033715
Study1_recovery,MFAC,moderate_g2_q1,55,500,0.2,0.2,2,1,TRUE,1,119,-1679.310547,3456.621094,3663.136891,3577.755756,0.028277737,1414.64,0.921440283,0.02,0.98,NA,0.129505311,0.108416901,0.846000719,NA,NA,NA,NA
Study1_recovery,MCNFAC,moderate_g2_q1,55,500,0.2,0.2,2,1,TRUE,1,144,-1513.454273,3132.908547,3356.282776,3263.931752,0.026358173,1137.71,0.929152243,0.018,0.982,NA,0.128072828,0.102673625,0.141111842,0.054101465,5.996475385,0.052958278,4.981349772
Study1_recovery,MFAC,moderate_g2_q1,56,500,0.2,0.2,2,1,TRUE,1,106,-1603.959199,3305.918399,3512.434195,3427.05306,0.029649626,1323.51,0.906069262,0.024,0.976,NA,0.137033622,0.105489458,0.743129987,NA,NA,NA,NA
Study1_recovery,MCNFAC,moderate_g2_q1,56,500,0.2,0.2,2,1,TRUE,1,175,-1490.02517,3086.05034,3309.42457,3217.073546,0.030619112,1387.92,0.898452943,0.026,0.974,NA,0.128548307,0.088732228,0.212243861,0.047442306,0.985546804,0.047078448,0.851731752
Study1_recovery,MFAC,moderate_g2_q1,57,500,0.2,0.2,2,1,TRUE,1,71,-1722.187214,3542.374429,3748.890225,3663.50909,0.027000148,1043.75,0.929148308,0.018,0.982,NA,0.129495313,0.100154965,0.876627791,NA,NA,NA,NA
Study1_recovery,MCNFAC,moderate_g2_q1,57,500,0.2,0.2,2,1,TRUE,1,156,-1587.944561,3281.889122,3505.263351,3412.912328,0.0306064,1787.47,0.92914946,0.018,0.982,NA,0.11353091,0.093149838,0.16188219,0.036375278,1.540982525,0.034818167,1.498450509
Study1_recovery,MFAC,moderate_g2_q1,58,500,0.2,0.2,2,1,TRUE,1,108,-1569.305239,3236.610477,3443.126274,3357.745139,0.031882286,1341.19,0.936854747,0.016,0.984,NA,0.0906682,0.067801938,0.605991266,NA,NA,NA,NA
Study1_recovery,MCNFAC,moderate_g2_q1,58,500,0.2,0.2,2,1,TRUE,1,172,-1485.305673,3076.611345,3299.985574,3207.634551,0.031640489,1506.37,0.952454417,0.012,0.988,NA,0.06173739,0.048244599,0.106419242,0.061733851,1.775917816,0.057399697,1.617622173
Study1_recovery,MFAC,moderate_g2_q1,59,500,0.2,0.2,2,1,TRUE,1,216,-1606.059659,3310.119318,3516.635114,3431.253979,0.029711827,2275.42,0.944668614,0.014,0.986,NA,0.102344995,0.077100973,0.530622122,NA,NA,NA,NA
Study1_recovery,MCNFAC,moderate_g2_q1,59,500,0.2,0.2,2,1,TRUE,1,187,-1471.091691,3048.183382,3271.557611,3179.206588,0.026929668,1463.82,0.960318371,0.01,0.99,NA,0.080505093,0.056886609,0.039089263,0.043708823,1.345515646,0.038460841,1.231095423
Study1_recovery,MFAC,moderate_g2_q1,60,500,0.2,0.2,2,1,TRUE,1,119,-1703.849954,3505.699908,3712.215705,3626.83457,0.018368861,1509.02,0.9760945,0.006,0.994,NA,0.135934721,0.10966092,0.855175884,NA,NA,NA,NA
Study1_recovery,MCNFAC,moderate_g2_q1,60,500,0.2,0.2,2,1,TRUE,1,174,-1581.363504,3268.727007,3492.101237,3399.750213,0.02010226,1457.67,0.9760945,0.006,0.994,NA,0.121027403,0.083998309,0.029858763,0.042003535,1.377984997,0.041831448,1.337313007
Study1_recovery,MFAC,moderate_g2_q1,61,500,0.2,0.2,2,1,TRUE,1,143,-1602.238221,3302.476442,3508.992239,3423.611104,0.035870703,1650.09,0.952475679,0.012,0.988,NA,0.072742041,0.056153003,0.737978505,NA,NA,NA,NA
Study1_recovery,MCNFAC,moderate_g2_q1,61,500,0.2,0.2,2,1,TRUE,1,174,-1494.316429,3094.632857,3318.007087,3225.656063,0.034554339,1375.47,0.960316617,0.01,0.99,NA,0.074251848,0.060309234,0.108541945,0.096978463,1.359166483,0.068612991,1.356404724
Study1_recovery,MFAC,moderate_g2_q1,62,500,0.2,0.2,2,1,TRUE,1,66,-1655.567818,3409.135637,3615.651434,3530.270299,0.020561033,514.8,0.960315867,0.01,0.99,NA,0.09116148,0.061911608,0.593596048,NA,NA,NA,NA
Study1_recovery,MCNFAC,moderate_g2_q1,62,500,0.2,0.2,2,1,TRUE,1,155,-1540.861214,3187.722429,3411.096658,3318.745634,0.020475778,1183.78,0.960315867,0.01,0.99,NA,0.067038674,0.049497583,0.140319906,0.016881408,0.926107536,0.015787129,0.739695633
Study1_recovery,MFAC,moderate_g2_q1,63,500,0.2,0.2,2,1,TRUE,1,149,-1631.927297,3361.854594,3568.370391,3482.989256,0.020514288,1128.89,0.952475657,0.012,0.988,NA,0.180623153,0.129456558,1.145773591,NA,NA,NA,NA
Study1_recovery,MCNFAC,moderate_g2_q1,63,500,0.2,0.2,2,1,TRUE,1,248,-1545.819737,3197.639474,3421.013704,3328.66268,0.02056284,1909.91,0.968188834,0.008,0.992,NA,0.135977845,0.098735707,0.146871584,0.050496096,1.257991736,0.041310636,1.256319421
Study1_recovery,MFAC,moderate_g2_q1,64,500,0.2,0.2,2,1,TRUE,1,122,-1562.927843,3223.855685,3430.371482,3344.990347,0.03375328,917.86,0.936896194,0.016,0.984,NA,0.108691453,0.082060715,0.412989671,NA,NA,NA,NA
Study1_recovery,MCNFAC,moderate_g2_q1,64,500,0.2,0.2,2,1,TRUE,1,163,-1487.341569,3080.683138,3304.057368,3211.706344,0.029083693,1277.37,0.944671767,0.014,0.986,NA,0.112721526,0.085459619,0.115468711,0.063380502,1.900248082,0.059537172,1.88842121
Study1_recovery,MFAC,moderate_g2_q1,65,500,0.2,0.2,2,1,TRUE,1,196,-1530.431995,3158.86399,3365.379787,3279.998652,0.018284052,1491.29,0.968188849,0.008,0.992,NA,0.127431913,0.089145193,0.692353532,NA,NA,NA,NA
Study1_recovery,MCNFAC,moderate_g2_q1,65,500,0.2,0.2,2,1,TRUE,1,211,-1419.700937,2945.401874,3168.776103,3076.425079,0.017393276,1637.62,0.968188849,0.008,0.992,NA,0.10864291,0.079104234,0.044389334,0.044328072,1.327740918,0.043110964,1.031988936
Study1_recovery,MFAC,moderate_g2_q1,66,500,0.2,0.2,2,1,TRUE,1,198,-1610.495306,3318.990611,3525.506408,3440.125273,0.028186093,1483.38,0.929085358,0.018,0.982,NA,0.140838001,0.100753273,0.768528287,NA,NA,NA,NA
Study1_recovery,MCNFAC,moderate_g2_q1,66,500,0.2,0.2,2,1,TRUE,1,305,-1523.31582,3152.631639,3376.005869,3283.654845,0.028082924,2398.89,0.936844825,0.016,0.984,NA,0.107522987,0.079652246,0.056359824,0.086032728,0.815036492,0.075191755,0.669856289
Study1_recovery,MFAC,moderate_g2_q1,67,500,0.2,0.2,2,1,TRUE,1,113,-1568.919036,3235.838071,3442.353868,3356.972733,0.032033943,876.2,0.944664132,0.014,0.986,NA,0.101048965,0.080590026,0.630769533,NA,NA,NA,NA
Study1_recovery,MCNFAC,moderate_g2_q1,67,500,0.2,0.2,2,1,TRUE,1,260,-1453.48679,3012.97358,3236.347809,3143.996786,0.03763584,2026.53,0.960314032,0.01,0.99,NA,0.088449682,0.062754178,0.144637457,0.009073585,0.785542604,0.007917838,0.781956137
Study1_recovery,MFAC,moderate_g2_q1,68,500,0.2,0.2,2,1,TRUE,1,212,-1714.570458,3527.140916,3733.656713,3648.275578,0.035349783,1612.03,0.976095073,0.006,0.994,NA,0.198632893,0.153576792,0.841049729,NA,NA,NA,NA
Study1_recovery,MCNFAC,moderate_g2_q1,68,500,0.2,0.2,2,1,TRUE,1,221,-1580.629278,3267.258556,3490.632785,3398.281762,0.033580197,1772.46,0.976095073,0.006,0.994,NA,0.143721635,0.107477335,0.07070671,0.041242305,1.210132402,0.041232521,1.159850183
Study1_recovery,MFAC,moderate_g2_q1,69,500,0.2,0.2,2,1,TRUE,1,90,-1743.664212,3585.328424,3791.844221,3706.463086,0.037779241,724.33,0.952476589,0.012,0.988,NA,0.082649031,0.058565611,1.141134367,NA,NA,NA,NA
Study1_recovery,MCNFAC,moderate_g2_q1,69,500,0.2,0.2,2,1,TRUE,1,209,-1591.413872,3288.827744,3512.201973,3419.85095,0.032833894,1670.68,0.968190341,0.008,0.992,NA,0.073862911,0.052685761,0.112752993,0.057605797,1.242368541,0.042707203,1.236854586
Study1_recovery,MFAC,moderate_g2_q1,70,500,0.2,0.2,2,1,TRUE,1,198,-1558.710748,3215.421495,3421.937292,3336.556157,0.031717116,1528.47,0.944673302,0.014,0.986,NA,0.100085962,0.079587129,0.618501256,NA,NA,NA,NA
Study1_recovery,MCNFAC,moderate_g2_q1,70,500,0.2,0.2,2,1,TRUE,1,262,-1456.916958,3019.833916,3243.208145,3150.857121,0.033744273,2057.11,0.929154293,0.018,0.982,NA,0.091233724,0.064621301,0.133962411,0.023280939,0.457820651,0.019537544,0.346376766
Study1_recovery,MFAC,moderate_g2_q1,71,500,0.2,0.2,2,1,TRUE,1,72,-1682.007382,3462.014763,3668.53056,3583.149425,0.034391685,569.61,0.944672883,0.014,0.986,NA,0.094480732,0.073043785,0.637386195,NA,NA,NA,NA
Study1_recovery,MCNFAC,moderate_g2_q1,71,500,0.2,0.2,2,1,TRUE,1,155,-1575.136201,3256.272401,3479.64663,3387.295607,0.03437918,1224.08,0.944673041,0.014,0.986,NA,0.083663369,0.063145176,0.038149708,0.037513246,1.266962507,0.031526766,1.232112972
Study1_recovery,MFAC,moderate_g2_q1,72,500,0.2,0.2,2,1,TRUE,1,122,-1689.066388,3476.132777,3682.648573,3597.267438,0.029334172,961.5,0.960319979,0.01,0.99,NA,0.163183501,0.129029649,1.236935675,NA,NA,NA,NA
Study1_recovery,MCNFAC,moderate_g2_q1,72,500,0.2,0.2,2,1,TRUE,1,207,-1569.05593,3244.111861,3467.48609,3375.135066,0.026556085,1728.74,0.952480051,0.012,0.988,NA,0.123444005,0.086653218,0.222917939,0.090463347,1.743102302,0.079870679,1.735124537
Study1_recovery,MFAC,moderate_g2_q1,73,500,0.2,0.2,2,1,TRUE,1,88,-1594.021562,3286.043125,3492.558922,3407.177787,0.034411877,1347.72,0.936896194,0.016,0.984,NA,0.167192583,0.125210542,0.798397303,NA,NA,NA,NA
Study1_recovery,MCNFAC,moderate_g2_q1,73,500,0.2,0.2,2,1,TRUE,1,237,-1499.465638,3104.931276,3328.305505,3235.954481,0.028241518,1900.18,0.944672142,0.014,0.986,NA,0.108090107,0.081989045,0.079644183,0.054560046,0.702853721,0.052840474,0.60614253
Study1_recovery,MFAC,moderate_g2_q1,74,500,0.2,0.2,2,1,TRUE,1,163,-1668.390304,3434.780607,3641.296404,3555.915269,0.033082322,1877.56,0.921442878,0.02,0.98,NA,0.148017953,0.09748825,0.840149525,NA,NA,NA,NA
Study1_recovery,MCNFAC,moderate_g2_q1,74,500,0.2,0.2,2,1,TRUE,1,287,-1557.360125,3220.72025,3444.09448,3351.743456,0.032964999,2244.99,0.93689779,0.016,0.984,NA,0.090227828,0.064492186,0.047357063,0.079962068,0.774381288,0.075651716,0.580530687
Study1_recovery,MFAC,moderate_g2_q1,75,500,0.2,0.2,2,1,TRUE,1,134,-1607.43097,3312.861941,3519.377738,3433.996603,0.027618213,1665.59,0.944672424,0.014,0.986,NA,0.179639367,0.140543552,0.762090671,NA,NA,NA,NA
Study1_recovery,MCNFAC,moderate_g2_q1,75,500,0.2,0.2,2,1,TRUE,1,174,-1509.567975,3125.13595,3348.510179,3256.159155,0.029037681,1380.02,0.952480522,0.012,0.988,NA,0.173349528,0.127590902,0.21433667,0.012278408,0.811974854,0.012226836,0.77283937
Study1_recovery,MFAC,moderate_g2_q1,76,500,0.2,0.2,2,1,TRUE,1,101,-1708.443475,3514.886951,3721.402748,3636.021613,0.034335342,1410.07,0.936894587,0.016,0.984,NA,0.173819985,0.093320412,0.790555955,NA,NA,NA,NA
Study1_recovery,MCNFAC,moderate_g2_q1,76,500,0.2,0.2,2,1,TRUE,1,168,-1568.791274,3243.582548,3466.956777,3374.605753,0.032635895,1355.49,0.936895705,0.016,0.984,NA,0.135450299,0.082504725,0.072494479,0.011066395,1.008577976,0.009038076,1.004568693
Study1_recovery,MFAC,moderate_g2_q1,77,500,0.2,0.2,2,1,TRUE,1,93,-1628.485229,3354.970457,3561.486254,3476.105119,0.028791124,1391.2,0.97609606,0.006,0.994,NA,0.105690805,0.083314519,0.563823509,NA,NA,NA,NA
Study1_recovery,MCNFAC,moderate_g2_q1,77,500,0.2,0.2,2,1,TRUE,1,308,-1521.64704,3149.294079,3372.668308,3280.317285,0.025995738,2457.3,0.960320523,0.01,0.99,NA,0.065945961,0.051549647,0.183290551,0.113850841,0.996792185,0.084102537,0.914662681
Study1_recovery,MFAC,moderate_g2_q1,78,500,0.2,0.2,2,1,TRUE,1,74,-1651.076824,3400.153649,3606.669446,3521.288311,0.034649404,1227.51,0.960317863,0.01,0.99,NA,0.184421769,0.140138742,0.423926019,NA,NA,NA,NA
Study1_recovery,MCNFAC,moderate_g2_q1,78,500,0.2,0.2,2,1,TRUE,1,169,-1521.993059,3149.986118,3373.360347,3281.009323,0.028357628,1316.62,0.944668614,0.014,0.986,NA,0.161101482,0.124653042,0.158841521,0.048878494,2.362721992,0.048857876,1.917283151
Study1_recovery,MFAC,moderate_g2_q1,79,500,0.2,0.2,2,1,TRUE,1,117,-1644.526576,3387.053153,3593.56895,3508.187815,0.027214603,1537.81,0.936839261,0.016,0.984,NA,0.199056122,0.110775018,0.699167219,NA,NA,NA,NA
Study1_recovery,MCNFAC,moderate_g2_q1,79,500,0.2,0.2,2,1,TRUE,1,168,-1521.972098,3149.944197,3373.318426,3280.967403,0.024119298,1363.22,0.944628912,0.014,0.986,NA,0.093530172,0.062843641,0.069190399,0.0301296,1.292332698,0.028761537,1.026990268
Study1_recovery,MFAC,moderate_g2_q1,80,500,0.2,0.2,2,1,TRUE,1,72,-1652.808416,3403.616833,3610.13263,3524.751495,0.030803142,1181.14,0.913744314,0.022,0.978,NA,0.122155646,0.094133114,0.560953528,NA,NA,NA,NA
Study1_recovery,MCNFAC,moderate_g2_q1,80,500,0.2,0.2,2,1,TRUE,1,171,-1544.857259,3195.714518,3419.088748,3326.737724,0.034591926,1330.6,0.929140702,0.018,0.982,NA,0.105650089,0.080311043,0.089884153,0.035746734,0.40686371,0.027646256,0.384627883
Study1_recovery,MFAC,moderate_g2_q1,1,500,0.3,0.3,2,1,TRUE,1,237,-1542.805172,3183.610343,3390.12614,3304.745005,0.038799396,3099.42,0.944673222,0.014,0.986,NA,0.096373548,0.060572496,0.725442616,NA,NA,NA,NA
Study1_recovery,MCNFAC,moderate_g2_q1,1,500,0.3,0.3,2,1,TRUE,1,168,-1433.765361,2973.530722,3196.904951,3104.553928,0.038215876,1751.86,0.952480874,0.012,0.988,NA,0.101016194,0.067272634,0.02913042,0.024295102,0.76327669,0.022492764,0.703908201
Study1_recovery,MFAC,moderate_g2_q1,2,500,0.3,0.3,2,1,TRUE,1,287,-1544.481543,3186.963087,3393.478883,3308.097748,0.033784692,3562.11,0.952477927,0.012,0.988,NA,0.148826492,0.099423778,0.712494199,NA,NA,NA,NA
Study1_recovery,MCNFAC,moderate_g2_q1,2,500,0.3,0.3,2,1,TRUE,1,309,-1431.008144,2968.016288,3191.390518,3099.039494,0.031955312,3174.28,0.960318783,0.01,0.99,NA,0.155649327,0.108458918,0.073167102,0.050784549,2.473276845,0.050774425,2.473074854
Study1_recovery,MFAC,moderate_g2_q1,3,500,0.3,0.3,2,1,TRUE,1,104,-1591.937741,3281.875482,3488.391278,3403.010143,0.026261732,1698.64,0.936897708,0.016,0.984,NA,0.107844018,0.079297053,0.818800204,NA,NA,NA,NA
Study1_recovery,MCNFAC,moderate_g2_q1,3,500,0.3,0.3,2,1,TRUE,1,141,-1486.525865,3079.051731,3302.42596,3210.074936,0.026250692,1513.18,0.944673246,0.014,0.986,NA,0.147705872,0.098221565,0.055051628,0.034997406,1.267794547,0.034769725,0.985965569
Study1_recovery,MFAC,moderate_g2_q1,4,500,0.3,0.3,2,1,TRUE,1,203,-1573.347503,3244.695007,3451.210804,3365.829669,0.041466239,2079.52,0.875804014,0.032,0.968,NA,0.153265639,0.089567246,0.814602085,NA,NA,NA,NA
Study1_recovery,MCNFAC,moderate_g2_q1,4,500,0.3,0.3,2,1,TRUE,1,335,-1490.277653,3086.555306,3309.929535,3217.578511,0.038353015,3398.55,0.883337081,0.03,0.97,NA,0.099691366,0.073613181,0.140839673,0.083880145,0.995996834,0.063690966,0.995996146
Study1_recovery,MFAC,moderate_g2_q1,5,500,0.3,0.3,2,1,TRUE,1,185,-1599.093332,3296.186664,3502.702461,3417.321326,0.026859866,1822.12,0.976095992,0.006,0.994,NA,0.136709723,0.08776741,0.942822898,NA,NA,NA,NA
Study1_recovery,MCNFAC,moderate_g2_q1,5,500,0.3,0.3,2,1,TRUE,1,188,-1476.834176,3059.668351,3283.04258,3190.691557,0.024259737,1915.9,0.97609606,0.006,0.994,NA,0.130969478,0.09720178,0.036022728,0.062066207,0.93823304,0.046569735,0.830240378
Study1_recovery,MFAC,moderate_g2_q1,6,500,0.3,0.3,2,1,TRUE,1,180,-1623.313411,3344.626823,3551.14262,3465.761485,0.036800801,1841.25,0.9214426,0.02,0.98,NA,0.157605412,0.118659303,0.843662887,NA,NA,NA,NA
Study1_recovery,MCNFAC,moderate_g2_q1,6,500,0.3,0.3,2,1,TRUE,1,148,-1510.520184,3127.040367,3350.414597,3258.063573,0.039896284,1526.53,0.929154366,0.018,0.982,NA,0.133364158,0.109944365,0.185190528,0.026112772,1.607694964,0.023345078,1.511595701
Study1_recovery,MFAC,moderate_g2_q1,7,500,0.3,0.3,2,1,TRUE,1,149,-1597.744871,3293.489741,3500.005538,3414.624403,0.03384638,1566.75,0.929124529,0.018,0.982,NA,0.144001988,0.098909812,1.001642435,NA,NA,NA,NA
Study1_recovery,MCNFAC,moderate_g2_q1,7,500,0.3,0.3,2,1,TRUE,1,175,-1506.470773,3118.941546,3342.315775,3249.964752,0.031108021,1822.06,0.913731227,0.022,0.978,NA,0.14863864,0.112605158,0.076292632,0.011387464,0.323612874,0.011242729,0.291108373
Study1_recovery,MFAC,moderate_g2_q1,8,500,0.3,0.3,2,1,TRUE,1,109,-1587.391729,3272.783459,3479.299255,3393.91812,0.02701118,1152.72,0.913761888,0.022,0.978,NA,0.166434513,0.118239917,0.732618601,NA,NA,NA,NA
Study1_recovery,MCNFAC,moderate_g2_q1,8,500,0.3,0.3,2,1,TRUE,1,176,-1499.046501,3104.093002,3327.467232,3235.116208,0.027843028,1786.11,0.913762527,0.022,0.978,NA,0.128656289,0.088725522,0.04862185,0.051385504,0.508268725,0.046928724,0.492526981
Study1_recovery,MFAC,moderate_g2_q1,9,500,0.3,0.3,2,1,TRUE,1,109,-1472.648559,3043.297117,3249.812914,3164.431779,0.034238193,1213.51,0.929153808,0.018,0.982,NA,0.135849787,0.105601818,0.564589949,NA,NA,NA,NA
Study1_recovery,MCNFAC,moderate_g2_q1,9,500,0.3,0.3,2,1,TRUE,1,153,-1391.85126,2889.702519,3113.076749,3020.725725,0.030177569,1634.38,0.952480723,0.012,0.988,NA,0.124894279,0.096167855,0.038576921,0.035449132,2.956678056,0.031844871,2.898012988
Study1_recovery,MFAC,moderate_g2_q1,10,500,0.3,0.3,2,1,TRUE,1,282,-1568.310349,3234.620698,3441.136495,3355.75536,0.034454576,2896.44,0.952477254,0.012,0.988,NA,0.144015296,0.108518649,1.109418316,NA,NA,NA,NA
Study1_recovery,MCNFAC,moderate_g2_q1,10,500,0.3,0.3,2,1,TRUE,1,279,-1490.210767,3086.421534,3309.795763,3217.444739,0.032632892,2285.59,0.944669429,0.014,0.986,NA,0.13078222,0.102367365,0.082622178,0.027746121,0.736249571,0.021390133,0.733804625
Study1_recovery,MFAC,moderate_g2_q1,11,500,0.3,0.3,2,1,TRUE,1,213,-1537.568114,3173.136227,3379.652024,3294.270889,0.033067956,2137.42,0.936886458,0.016,0.984,NA,0.196589932,0.150399277,0.733142907,NA,NA,NA,NA
Study1_recovery,MCNFAC,moderate_g2_q1,11,500,0.3,0.3,2,1,TRUE,1,261,-1465.700683,3037.401367,3260.775596,3168.424572,0.030420435,2272.13,0.936886458,0.016,0.984,NA,0.130472,0.107107716,0.113881573,0.02521602,0.894359438,0.022390643,0.778200914
Study1_recovery,MFAC,moderate_g2_q1,12,500,0.3,0.3,2,1,TRUE,1,128,-1608.152187,3314.304374,3520.820171,3435.439036,0.035607528,1423.3,0.913762133,0.022,0.978,NA,0.110957208,0.075959274,0.991097084,NA,NA,NA,NA
Study1_recovery,MCNFAC,moderate_g2_q1,12,500,0.3,0.3,2,1,TRUE,1,156,-1487.219812,3080.439625,3303.813854,3211.46283,0.03289564,1670.66,0.952480644,0.012,0.988,NA,0.074826851,0.057480526,0.123812837,0.038568738,3.50605639,0.028918713,2.87788644
Study1_recovery,MFAC,moderate_g2_q1,13,500,0.3,0.3,2,1,TRUE,1,249,-1510.478034,3118.956067,3325.471864,3240.090729,0.023559313,2519.9,0.929112621,0.018,0.982,NA,0.102632324,0.07826184,0.559366929,NA,NA,NA,NA
Study1_recovery,MCNFAC,moderate_g2_q1,13,500,0.3,0.3,2,1,TRUE,1,247,-1433.466968,2972.933936,3196.308165,3103.957141,0.023984527,1487.8,0.929112621,0.018,0.982,NA,0.088547411,0.066710645,0.042360565,0.037475986,0.134701791,0.033563847,0.131191862
Study1_recovery,MFAC,moderate_g2_q1,14,500,0.3,0.3,2,1,TRUE,1,124,-1558.014077,3214.028155,3420.543951,3335.162816,0.026985616,1311.7,0.913744418,0.022,0.978,NA,0.161053747,0.107961139,0.754241943,NA,NA,NA,NA
Study1_recovery,MCNFAC,moderate_g2_q1,14,500,0.3,0.3,2,1,TRUE,1,170,-1472.482009,3050.964018,3274.338248,3181.987224,0.025526953,1068.18,0.92913861,0.018,0.982,NA,0.130093591,0.08923434,0.132893528,0.038986056,0.972426377,0.037938446,0.917833181
Study1_recovery,MFAC,moderate_g2_q1,15,500,0.3,0.3,2,1,TRUE,1,201,-1580.791418,3259.582835,3466.098632,3380.717497,0.031406844,2520.8,0.921440892,0.02,0.98,NA,0.137467797,0.109011519,0.755673923,NA,NA,NA,NA
Study1_recovery,MCNFAC,moderate_g2_q1,15,500,0.3,0.3,2,1,TRUE,1,161,-1454.846454,3015.692909,3239.067138,3146.716114,0.026992122,1616.5,0.976095658,0.006,0.994,NA,0.177400195,0.136806268,0.122672627,0.03764564,2.066177935,0.029558932,1.735836901
Study1_recovery,MFAC,moderate_g2_q1,16,500,0.3,0.3,2,1,TRUE,1,250,-1510.67426,3119.34852,3325.864317,3240.483182,0.024840223,2817.36,0.952469609,0.012,0.988,NA,0.105006585,0.067798418,0.496044021,NA,NA,NA,NA
Study1_recovery,MCNFAC,moderate_g2_q1,16,500,0.3,0.3,2,1,TRUE,1,257,-1434.754453,2975.508905,3198.883134,3106.532111,0.023883162,2673.3,0.952469609,0.012,0.988,NA,0.0860907,0.053647193,0.143453589,0.030527008,0.626392724,0.022702077,0.617716735
Study1_recovery,MFAC,moderate_g2_q1,17,500,0.3,0.3,2,1,TRUE,1,216,-1731.366379,3560.732758,3767.248554,3681.867419,0.03284274,2348.46,0.929154335,0.018,0.982,NA,0.112644668,0.088548625,1.228483714,NA,NA,NA,NA
Study1_recovery,MCNFAC,moderate_g2_q1,17,500,0.3,0.3,2,1,TRUE,1,171,-1609.040795,3324.08159,3547.455819,3455.104796,0.030329565,1737.76,0.944673281,0.014,0.986,NA,0.109454401,0.084807191,0.090320745,0.086813154,0.871488079,0.074601408,0.717604136
Study1_recovery,MFAC,moderate_g2_q1,18,500,0.3,0.3,2,1,TRUE,1,154,-1558.087917,3214.175834,3420.691631,3335.310496,0.027152665,1840.92,0.921442086,0.02,0.98,NA,0.13019955,0.099863457,0.656188217,NA,NA,NA,NA
Study1_recovery,MCNFAC,moderate_g2_q1,18,500,0.3,0.3,2,1,TRUE,1,191,-1470.771984,3047.543969,3270.918198,3178.567174,0.023725368,2043.06,0.9214426,0.02,0.98,NA,0.120029814,0.091851573,0.113347576,0.087460126,0.935345089,0.087444556,0.822071603
Study1_recovery,MFAC,moderate_g2_q1,19,500,0.3,0.3,2,1,TRUE,1,141,-1594.510744,3287.021488,3493.537284,3408.156149,0.025982367,1563.19,0.976084914,0.006,0.994,NA,0.108685313,0.087015479,0.836349902,NA,NA,NA,NA
Study1_recovery,MCNFAC,moderate_g2_q1,19,500,0.3,0.3,2,1,TRUE,1,251,-1483.471991,3072.943982,3296.318211,3203.967187,0.023505876,2654.21,0.960305779,0.01,0.99,NA,0.146230679,0.112481458,0.10164985,0.050378964,2.06134994,0.050378745,2.052239844
Study1_recovery,MFAC,moderate_g2_q1,20,500,0.3,0.3,2,1,TRUE,1,213,-1471.103052,3040.206104,3246.721901,3161.340766,0.030444144,2415.83,0.944665455,0.014,0.986,NA,0.07034873,0.058043904,0.541954099,NA,NA,NA,NA
Study1_recovery,MCNFAC,moderate_g2_q1,20,500,0.3,0.3,2,1,TRUE,1,226,-1390.884321,2887.768642,3111.142872,3018.791848,0.027250506,2437.96,0.936890869,0.016,0.984,NA,0.09256064,0.07343207,0.185074397,0.02583613,1.733729606,0.022063809,1.685228218
Study1_recovery,MFAC,moderate_g2_q1,21,500,0.3,0.3,2,1,TRUE,1,140,-1535.880324,3169.760647,3376.276444,3290.895309,0.032460303,1557.33,0.96032064,0.01,0.99,NA,0.088890773,0.065924109,0.522801199,NA,NA,NA,NA
Study1_recovery,MCNFAC,moderate_g2_q1,21,500,0.3,0.3,2,1,TRUE,1,167,-1429.519028,2965.038055,3188.412284,3096.061261,0.030125591,1775.59,0.952480943,0.012,0.988,NA,0.12266707,0.091169407,0.12598459,0.012419535,1.023366688,0.011921196,1.022503703
Study1_recovery,MFAC,moderate_g2_q1,22,500,0.3,0.3,2,1,TRUE,1,118,-1624.195201,3346.390401,3552.906198,3467.525063,0.035920364,1282.3,0.913728492,0.022,0.978,NA,0.132086441,0.101353332,1.039639433,NA,NA,NA,NA
Study1_recovery,MCNFAC,moderate_g2_q1,22,500,0.3,0.3,2,1,TRUE,1,183,-1488.082772,3082.165544,3305.539773,3213.18875,0.035183235,1921.32,0.913735335,0.022,0.978,NA,0.088809309,0.069683861,0.076102907,0.061224837,3.462276001,0.049641699,3.453762943
Study1_recovery,MFAC,moderate_g2_q1,23,500,0.3,0.3,2,1,TRUE,1,205,-1574.781113,3247.562225,3454.078022,3368.696887,0.038988145,2403.17,0.898485725,0.026,0.974,NA,0.191845278,0.133389512,1.144564664,NA,NA,NA,NA
Study1_recovery,MCNFAC,moderate_g2_q1,23,500,0.3,0.3,2,1,TRUE,1,267,-1470.099608,3046.199217,3269.573446,3177.222422,0.037691323,2734.19,0.921433152,0.02,0.98,NA,0.164765592,0.108617599,0.107689039,0.048242219,1.083112713,0.045388282,1.039811844
Study1_recovery,MFAC,moderate_g2_q1,24,500,0.3,0.3,2,1,TRUE,1,128,-1525.902597,3149.805194,3356.320991,3270.939856,0.031571146,1636.51,0.929127879,0.018,0.982,NA,0.157984389,0.106218165,0.522169184,NA,NA,NA,NA
Study1_recovery,MCNFAC,moderate_g2_q1,24,500,0.3,0.3,2,1,TRUE,1,208,-1430.85636,2967.712719,3191.086949,3098.735925,0.029499443,2248.38,0.929133651,0.018,0.982,NA,0.132814036,0.09006266,0.133658512,0.039264954,0.618228655,0.035491388,0.480558349
Study1_recovery,MFAC,moderate_g2_q1,25,500,0.3,0.3,2,1,TRUE,1,241,-1416.680979,2931.361957,3137.877754,3052.496619,0.025344217,2652.83,0.944589597,0.014,0.986,NA,0.104124765,0.07691339,0.65512123,NA,NA,NA,NA
Study1_recovery,MCNFAC,moderate_g2_q1,25,500,0.3,0.3,2,1,TRUE,1,318,-1361.417222,2828.834444,3052.208673,2959.85765,0.023650862,3267.94,0.952405967,0.012,0.988,NA,0.115140988,0.08652371,0.073105995,0.037226073,1.582164639,0.030395956,1.23954219
Study1_recovery,MFAC,moderate_g2_q1,26,500,0.3,0.3,2,1,TRUE,1,303,-1504.000207,3106.000413,3312.51621,3227.135075,0.030309768,3052.59,0.952473725,0.012,0.988,NA,0.071072215,0.057961279,0.891640661,NA,NA,NA,NA
Study1_recovery,MCNFAC,moderate_g2_q1,26,500,0.3,0.3,2,1,TRUE,1,216,-1408.848641,2923.697282,3147.071511,3054.720487,0.032721774,1937.57,0.952474723,0.012,0.988,NA,0.089464394,0.068076976,0.144597521,0.030139023,0.556582608,0.02542755,0.543902351
Study1_recovery,MFAC,moderate_g2_q1,27,500,0.3,0.3,2,1,TRUE,1,129,-1590.341765,3278.68353,3485.199327,3399.818192,0.024518352,1309.37,0.944673331,0.014,0.986,NA,0.098639323,0.081765723,0.769973886,NA,NA,NA,NA
Study1_recovery,MCNFAC,moderate_g2_q1,27,500,0.3,0.3,2,1,TRUE,1,167,-1470.423877,3046.847755,3270.221984,3177.87096,0.02304017,1703.75,0.936897741,0.016,0.984,NA,0.120860038,0.090937899,0.093768072,0.015989051,1.209987617,0.012153857,1.063379097
Study1_recovery,MFAC,moderate_g2_q1,28,500,0.3,0.3,2,1,TRUE,1,163,-1553.986473,3205.972947,3412.488744,3327.107609,0.026627146,1663.47,0.960318811,0.01,0.99,NA,0.150246527,0.09677926,0.850243294,NA,NA,NA,NA
Study1_recovery,MCNFAC,moderate_g2_q1,28,500,0.3,0.3,2,1,TRUE,1,168,-1441.329504,2988.659008,3212.033237,3119.682213,0.030129297,1507.86,0.936895233,0.016,0.984,NA,0.110525362,0.075142099,0.036763793,0.051340264,1.358293535,0.051033209,1.082972682
Study1_recovery,MFAC,moderate_g2_q1,29,500,0.3,0.3,2,1,TRUE,1,135,-1570.540667,3239.081334,3445.59713,3360.215995,0.033838675,1416.21,0.929152243,0.018,0.982,NA,0.190280227,0.12078623,0.821500302,NA,NA,NA,NA
Study1_recovery,MCNFAC,moderate_g2_q1,29,500,0.3,0.3,2,1,TRUE,1,190,-1476.299019,3058.598039,3281.972268,3189.621244,0.034014026,1793.66,0.929152726,0.018,0.982,NA,0.150766829,0.105899961,0.077844196,0.050917232,0.388864959,0.050388708,0.31470775
Study1_recovery,MFAC,moderate_g2_q1,30,500,0.3,0.3,2,1,TRUE,1,144,-1562.381879,3222.763759,3429.279556,3343.898421,0.041047242,1585.16,0.936895784,0.016,0.984,NA,0.105282663,0.084401068,0.537633101,NA,NA,NA,NA
Study1_recovery,MCNFAC,moderate_g2_q1,30,500,0.3,0.3,2,1,TRUE,1,173,-1463.054998,3032.109997,3255.484226,3163.133202,0.038474022,1612.12,0.92915237,0.018,0.982,NA,0.119712266,0.095116594,0.135677437,0.03317669,0.186077055,0.033147691,0.155305662
Study1_recovery,MFAC,moderate_g2_q1,31,500,0.3,0.3,2,1,TRUE,1,142,-1503.583659,3105.167318,3311.683115,3226.30198,0.030310236,1726.36,0.929120881,0.018,0.982,NA,0.198252409,0.134597314,0.581923103,NA,NA,NA,NA
Study1_recovery,MCNFAC,moderate_g2_q1,31,500,0.3,0.3,2,1,TRUE,1,193,-1401.514992,2909.029983,3132.404212,3040.053189,0.027298607,1831.17,0.952462053,0.012,0.988,NA,0.172164313,0.126795432,0.128694286,0.053713111,2.69929706,0.043363136,2.095266772
Study1_recovery,MFAC,moderate_g2_q1,32,500,0.3,0.3,2,1,TRUE,1,276,-1534.109304,3166.218609,3372.734405,3287.35327,0.025596666,2835.08,0.921430798,0.02,0.98,NA,0.120358296,0.087868524,0.781368173,NA,NA,NA,NA
Study1_recovery,MCNFAC,moderate_g2_q1,32,500,0.3,0.3,2,1,TRUE,1,276,-1477.942651,3061.885303,3285.259532,3192.908508,0.025280616,2025.27,0.960314032,0.01,0.99,NA,0.102248124,0.08082438,0.054739762,0.105830288,2.011980065,0.083445864,1.601087955
Study1_recovery,MFAC,moderate_g2_q1,33,500,0.3,0.3,2,1,TRUE,1,93,-1641.25779,3380.515581,3587.031377,3501.650242,0.035883136,935.68,0.906115299,0.024,0.976,NA,0.112031422,0.076862809,0.802853659,NA,NA,NA,NA
Study1_recovery,MCNFAC,moderate_g2_q1,33,500,0.3,0.3,2,1,TRUE,1,194,-1529.146939,3164.293877,3387.668106,3295.317083,0.038651859,1769.1,0.92144274,0.02,0.98,NA,0.089151263,0.062222176,0.061586667,0.039920269,1.22523873,0.038778985,1.063387595
Study1_recovery,MFAC,moderate_g2_q1,34,500,0.3,0.3,2,1,TRUE,1,260,-1563.709213,3225.418425,3431.934222,3346.553087,0.035301033,2365.5,0.960317926,0.01,0.99,NA,0.121070931,0.087212555,0.654241034,NA,NA,NA,NA
Study1_recovery,MCNFAC,moderate_g2_q1,34,500,0.3,0.3,2,1,TRUE,1,324,-1481.495177,3068.990353,3292.364582,3200.013559,0.031620681,1801.81,0.960318371,0.01,0.99,NA,0.110366783,0.074761528,0.048202375,0.086283327,0.644778345,0.084380752,0.622032151
Study1_recovery,MFAC,moderate_g2_q1,35,500,0.3,0.3,2,1,TRUE,1,184,-1620.709822,3339.419644,3545.935441,3460.554306,0.043584014,1693.38,0.898495119,0.026,0.974,NA,0.178617831,0.10409517,0.761280174,NA,NA,NA,NA
Study1_recovery,MCNFAC,moderate_g2_q1,35,500,0.3,0.3,2,1,TRUE,1,267,-1531.836447,3169.672894,3393.047123,3300.6961,0.039918563,1647.27,0.921440381,0.02,0.98,NA,0.07111685,0.054998009,0.089916554,0.072386408,0.698277996,0.071888579,0.527718816
Study1_recovery,MFAC,moderate_g2_q1,36,500,0.3,0.3,2,1,TRUE,1,243,-1539.573707,3177.147414,3383.663211,3298.282076,0.023271344,2206.43,0.936896908,0.016,0.984,NA,0.17922052,0.136550391,0.879430402,NA,NA,NA,NA
Study1_recovery,MCNFAC,moderate_g2_q1,36,500,0.3,0.3,2,1,TRUE,1,224,-1439.411067,2984.822135,3208.196364,3115.84534,0.026249613,1234.42,0.944672883,0.014,0.986,NA,0.137483798,0.109097635,0.07261323,0.039756511,0.703257092,0.031080858,0.55096738
Study1_recovery,MFAC,moderate_g2_q1,37,500,0.3,0.3,2,1,TRUE,1,145,-1480.763539,3059.527077,3266.042874,3180.661739,0.029827205,1334.41,0.929097411,0.018,0.982,NA,0.247407555,0.156453731,0.735360378,NA,NA,NA,NA
Study1_recovery,MCNFAC,moderate_g2_q1,37,500,0.3,0.3,2,1,TRUE,1,319,-1400.221901,2906.443803,3129.818032,3037.467008,0.030525763,3146.86,0.952448176,0.012,0.988,NA,0.134029659,0.099407723,0.190877304,0.053507508,1.436440201,0.050959741,1.269912556
Study1_recovery,MFAC,moderate_g2_q1,38,500,0.3,0.3,2,1,TRUE,1,188,-1546.884395,3191.768789,3398.284586,3312.903451,0.041410494,1744.72,0.906052819,0.024,0.976,NA,0.168085181,0.119103329,0.998757467,NA,NA,NA,NA
Study1_recovery,MCNFAC,moderate_g2_q1,38,500,0.3,0.3,2,1,TRUE,1,237,-1434.252148,2974.504296,3197.878526,3105.527502,0.043046575,2379.17,0.921407742,0.02,0.98,NA,0.124962592,0.089437425,0.078291838,0.015636499,2.887773956,0.015280412,2.460049992
Study1_recovery,MFAC,moderate_g2_q1,39,500,0.3,0.3,2,1,TRUE,1,190,-1549.622778,3197.245555,3403.761352,3318.380217,0.030058093,1745.37,0.91375742,0.022,0.978,NA,0.123369918,0.080769577,0.860868432,NA,NA,NA,NA
Study1_recovery,MCNFAC,moderate_g2_q1,39,500,0.3,0.3,2,1,TRUE,1,200,-1475.612617,3057.225234,3280.599463,3188.24844,0.026017116,2007.12,0.936894587,0.016,0.984,NA,0.089953116,0.074708602,0.040073088,0.049759699,0.919453728,0.044940563,0.6589409
Study1_recovery,MFAC,moderate_g2_q1,40,500,0.3,0.3,2,1,TRUE,1,108,-1534.29842,3166.59684,3373.112636,3287.731501,0.036071569,1005.36,0.906107797,0.024,0.976,NA,0.098628189,0.067666246,0.666154808,NA,NA,NA,NA
Study1_recovery,MCNFAC,moderate_g2_q1,40,500,0.3,0.3,2,1,TRUE,1,234,-1465.098898,3036.197797,3259.572026,3167.221002,0.037480332,2215.5,0.921437868,0.02,0.98,NA,0.070593838,0.055275989,0.043941601,0.020813563,1.596412173,0.01598568,1.19184224
Study1_recovery,MFAC,moderate_g2_q1,41,500,0.3,0.3,2,1,TRUE,1,159,-1635.656174,3369.312348,3575.828145,3490.44701,0.030674129,1463.96,0.960301853,0.01,0.99,NA,0.113276764,0.086749363,0.985123963,NA,NA,NA,NA
Study1_recovery,MCNFAC,moderate_g2_q1,41,500,0.3,0.3,2,1,TRUE,1,204,-1549.066989,3204.133977,3427.508206,3335.157183,0.028894729,2060.56,0.968181263,0.008,0.992,NA,0.070480715,0.054587774,0.055849213,0.038404222,0.645726963,0.034688558,0.527269259
Study1_recovery,MFAC,moderate_g2_q1,42,500,0.3,0.3,2,1,TRUE,1,176,-1575.951238,3249.902477,3456.418273,3371.037138,0.033009126,1847.43,0.929131148,0.018,0.982,NA,0.168859286,0.111840623,1.033117089,NA,NA,NA,NA
Study1_recovery,MCNFAC,moderate_g2_q1,42,500,0.3,0.3,2,1,TRUE,1,217,-1486.85663,3079.713261,3303.08749,3210.736466,0.031592104,2325.61,0.936878558,0.016,0.984,NA,0.168610863,0.124600817,0.157922709,0.008786631,0.346504339,0.006487813,0.27394075
Study1_recovery,MFAC,moderate_g2_q1,43,500,0.3,0.3,2,1,TRUE,1,143,-1631.405198,3360.810395,3567.326192,3481.945057,0.035887091,1316.73,0.94467332,0.014,0.986,NA,0.156446534,0.122745169,0.831755718,NA,NA,NA,NA
Study1_recovery,MCNFAC,moderate_g2_q1,43,500,0.3,0.3,2,1,TRUE,1,221,-1523.595703,3153.191406,3376.565635,3284.214612,0.033869019,2169.7,0.936897643,0.016,0.984,NA,0.119809993,0.089182602,0.155104431,0.053615498,1.118267371,0.044122157,1.104837879
Study1_recovery,MFAC,moderate_g2_q1,44,500,0.3,0.3,2,1,TRUE,1,139,-1582.432626,3262.865252,3469.381048,3383.999913,0.047350154,1285.81,0.90610747,0.024,0.976,NA,0.152795469,0.098726965,0.741155518,NA,NA,NA,NA
Study1_recovery,MCNFAC,moderate_g2_q1,44,500,0.3,0.3,2,1,TRUE,1,212,-1440.731032,2987.462064,3210.836294,3118.48527,0.041501296,2116.42,0.921435553,0.02,0.98,NA,0.10749153,0.07518505,0.080767442,0.053132045,2.976474499,0.044138371,2.95499657
Study1_recovery,MFAC,moderate_g2_q1,45,500,0.3,0.3,2,1,TRUE,1,232,-1586.737356,3271.474712,3477.990509,3392.609374,0.030461993,2100.17,0.944671284,0.014,0.986,NA,0.124089983,0.101059177,0.916746365,NA,NA,NA,NA
Study1_recovery,MCNFAC,moderate_g2_q1,45,500,0.3,0.3,2,1,TRUE,1,244,-1449.459012,3004.918024,3228.292254,3135.94123,0.028109763,2428.71,0.944671733,0.014,0.986,NA,0.128158055,0.102496552,0.132098561,0.058458556,6.564216909,0.05619378,5.720955674
Study1_recovery,MFAC,moderate_g2_q1,46,500,0.3,0.3,2,1,TRUE,1,221,-1517.236273,3132.472546,3338.988343,3253.607208,0.029688721,2082.19,0.898452943,0.026,0.974,NA,0.176685055,0.116398533,0.761950583,NA,NA,NA,NA
Study1_recovery,MCNFAC,moderate_g2_q1,46,500,0.3,0.3,2,1,TRUE,1,282,-1421.120017,2948.240035,3171.614264,3079.263241,0.03097828,2878.25,0.898458178,0.026,0.974,NA,0.148476006,0.107137391,0.153678103,0.029817056,1.306146978,0.02295177,1.154287719
Study1_recovery,MFAC,moderate_g2_q1,47,500,0.3,0.3,2,1,TRUE,1,88,-1635.610833,3369.221666,3575.737463,3490.356328,0.028178448,854.95,0.921436884,0.02,0.98,NA,0.139135198,0.111095085,0.77599965,NA,NA,NA,NA
Study1_recovery,MCNFAC,moderate_g2_q1,47,500,0.3,0.3,2,1,TRUE,1,138,-1524.393039,3154.786078,3378.160307,3285.809284,0.029242143,1316.64,0.929148308,0.018,0.982,NA,0.12775047,0.099733862,0.139831533,0.036769085,1.739543126,0.028979973,1.711682124
Study1_recovery,MFAC,moderate_g2_q1,48,500,0.3,0.3,2,1,TRUE,1,151,-1490.850733,3079.701466,3286.217263,3200.836128,0.032458314,1577.35,0.944637372,0.014,0.986,NA,0.089870018,0.069566721,0.635479801,NA,NA,NA,NA
Study1_recovery,MCNFAC,moderate_g2_q1,48,500,0.3,0.3,2,1,TRUE,1,218,-1425.15718,2956.314361,3179.68859,3087.337566,0.032874647,2353.89,0.944637372,0.014,0.986,NA,0.091178493,0.066465822,0.114693664,0.078632465,1.658290366,0.066804769,1.454173496
Study1_recovery,MFAC,moderate_g2_q1,49,500,0.3,0.3,2,1,TRUE,1,190,-1539.002574,3176.005148,3382.520944,3297.139809,0.031611986,1851.98,0.952476527,0.012,0.988,NA,0.097453848,0.074882363,0.580513884,NA,NA,NA,NA
Study1_recovery,MCNFAC,moderate_g2_q1,49,500,0.3,0.3,2,1,TRUE,1,154,-1432.57304,2971.14608,3194.520309,3102.169285,0.030534227,3616.53,0.976094825,0.006,0.994,NA,0.069213092,0.051613936,0.038051639,0.045726941,1.247440144,0.035290549,0.984519317
Study1_recovery,MFAC,moderate_g2_q1,50,500,0.3,0.3,2,1,TRUE,1,162,-1611.766012,3321.532023,3528.04782,3442.666685,0.01863386,1710.4,0.9760945,0.006,0.994,NA,0.156363106,0.111586919,0.863385782,NA,NA,NA,NA
Study1_recovery,MCNFAC,moderate_g2_q1,50,500,0.3,0.3,2,1,TRUE,1,170,-1516.951972,3139.903945,3363.278174,3270.92715,0.021281802,4193.81,0.9760945,0.006,0.994,NA,0.139597603,0.095220832,0.055436653,0.038230017,1.25616539,0.032714998,1.105463914
Study1_recovery,MFAC,moderate_g2_q1,51,500,0.3,0.3,2,1,TRUE,1,183,-1510.408605,3118.817211,3325.333007,3239.951872,0.035149391,1851.48,0.952476589,0.012,0.988,NA,0.074215279,0.056897849,0.760351813,NA,NA,NA,NA
Study1_recovery,MCNFAC,moderate_g2_q1,51,500,0.3,0.3,2,1,TRUE,1,260,-1427.151762,2960.303525,3183.677754,3091.326731,0.035012825,4900.2,0.960316617,0.01,0.99,NA,0.072838911,0.058471684,0.093086707,0.103628739,1.468630694,0.075502944,1.463981141
Study1_recovery,MFAC,moderate_g2_q1,52,500,0.3,0.3,2,1,TRUE,1,135,-1574.096606,3246.193211,3452.709008,3367.327873,0.026491259,1335.67,0.960315867,0.01,0.99,NA,0.094594522,0.061622876,0.575696998,NA,NA,NA,NA
Study1_recovery,MCNFAC,moderate_g2_q1,52,500,0.3,0.3,2,1,TRUE,1,178,-1480.21885,3066.4377,3289.811929,3197.460906,0.02346677,2880.59,0.952474794,0.012,0.988,NA,0.079582887,0.055530987,0.153578827,0.025452057,1.042040624,0.025162861,0.738589544
Study1_recovery,MFAC,moderate_g2_q1,53,500,0.3,0.3,2,1,TRUE,1,145,-1553.724746,3205.449492,3411.965289,3326.584154,0.022330246,1437.48,0.936890751,0.016,0.984,NA,0.189079147,0.136748634,1.029060162,NA,NA,NA,NA
Study1_recovery,MCNFAC,moderate_g2_q1,53,500,0.3,0.3,2,1,TRUE,1,191,-1482.657319,3071.314639,3294.688868,3202.337844,0.022867022,4632.16,0.952475657,0.012,0.988,NA,0.148626341,0.109152082,0.066795268,0.043237271,1.053041603,0.037824129,0.914308897
Study1_recovery,MFAC,moderate_g2_q1,54,500,0.3,0.3,2,1,TRUE,1,120,-1520.475812,3138.951625,3345.467421,3260.086286,0.03776396,1328.53,0.929152286,0.018,0.982,NA,0.115963358,0.085720907,0.392340497,NA,NA,NA,NA
Study1_recovery,MCNFAC,moderate_g2_q1,54,500,0.3,0.3,2,1,TRUE,1,161,-1451.591028,3009.182055,3232.556285,3140.205261,0.032094505,3498.14,0.952479756,0.012,0.988,NA,0.11715389,0.087669538,0.147454839,0.060498505,0.914509225,0.058418969,0.909424504
Study1_recovery,MFAC,moderate_g2_q1,55,500,0.3,0.3,2,1,TRUE,1,182,-1466.843527,3031.687054,3238.202851,3152.821716,0.018908782,1881.08,0.976093747,0.006,0.994,NA,0.132294446,0.089842926,0.666708362,NA,NA,NA,NA
Study1_recovery,MCNFAC,moderate_g2_q1,55,500,0.3,0.3,2,1,TRUE,1,176,-1356.627007,2819.254015,3042.628244,2950.27722,0.017568678,1579.68,0.960315867,0.01,0.99,NA,0.11751192,0.076837302,0.048411882,0.060501107,3.132211882,0.057835677,2.277176223
Study1_recovery,MFAC,moderate_g2_q1,56,500,0.3,0.3,2,1,TRUE,1,243,-1534.406133,3166.812266,3373.328063,3287.946928,0.028212265,2670.55,0.906020479,0.024,0.976,NA,0.149694702,0.107538163,0.769293221,NA,NA,NA,NA
Study1_recovery,MCNFAC,moderate_g2_q1,56,500,0.3,0.3,2,1,TRUE,1,241,-1461.0911,3028.182201,3251.55643,3159.205406,0.027953976,1414.39,0.890826267,0.028,0.972,NA,0.152747332,0.108469573,0.066648638,0.077663193,2.094285938,0.077418653,1.659005421
Study1_recovery,MFAC,moderate_g2_q1,57,500,0.3,0.3,2,1,TRUE,1,154,-1515.683719,3129.367438,3335.883235,3250.5021,0.033710864,1574.91,0.936888053,0.016,0.984,NA,0.113827261,0.089376734,0.682428614,NA,NA,NA,NA
Study1_recovery,MCNFAC,moderate_g2_q1,57,500,0.3,0.3,2,1,TRUE,1,230,-1410.74703,2927.494059,3150.868288,3058.517265,0.039636503,1946.07,0.960314981,0.01,0.99,NA,0.098224153,0.073063217,0.15136519,0.018513258,0.743964845,0.015696676,0.581813348
Study1_recovery,MFAC,moderate_g2_q1,58,500,0.3,0.3,2,1,TRUE,1,196,-1586.143457,3270.286914,3476.802711,3391.421576,0.032219584,3897.15,0.9840314,0.004,0.996,NA,0.202383884,0.159266126,0.893248713,NA,NA,NA,NA
Study1_recovery,MCNFAC,moderate_g2_q1,58,500,0.3,0.3,2,1,TRUE,1,217,-1485.182145,3076.364291,3299.73852,3207.387497,0.033026395,1255.1,0.968191371,0.008,0.992,NA,0.148767254,0.110882644,0.15062619,0.043148006,0.499630633,0.043050423,0.40653761
Study1_recovery,MFAC,moderate_g2_q1,59,500,0.3,0.3,2,1,TRUE,1,135,-1627.944553,3353.889106,3560.404903,3475.023768,0.03587635,1263.28,0.968190341,0.008,0.992,NA,0.105597989,0.069904363,0.98852804,NA,NA,NA,NA
Study1_recovery,MCNFAC,moderate_g2_q1,59,500,0.3,0.3,2,1,TRUE,1,198,-1511.273934,3128.547868,3351.922097,3259.571074,0.031479184,1939.78,0.960318341,0.01,0.99,NA,0.093989607,0.06659691,0.118121328,0.073371336,1.310485364,0.057732344,1.01528912
Study1_recovery,MFAC,moderate_g2_q1,60,500,0.3,0.3,2,1,TRUE,1,117,-1495.142229,3088.284458,3294.800255,3209.41912,0.035063463,1067.82,0.944673302,0.014,0.986,NA,0.111637952,0.091305163,0.636001493,NA,NA,NA,NA
Study1_recovery,MCNFAC,moderate_g2_q1,60,500,0.3,0.3,2,1,TRUE,1,233,-1399.496577,2904.993154,3128.367384,3036.01636,0.038235395,2141.11,0.921442889,0.02,0.98,NA,0.098062787,0.072613737,0.12257691,0.024897935,0.372257603,0.023346162,0.282525243
Study1_recovery,MFAC,moderate_g2_q1,61,500,0.3,0.3,2,1,TRUE,1,117,-1578.434715,3254.86943,3461.385227,3376.004092,0.032328548,1075.75,0.944672883,0.014,0.986,NA,0.09226737,0.065324458,0.703951451,NA,NA,NA,NA
Study1_recovery,MCNFAC,moderate_g2_q1,61,500,0.3,0.3,2,1,TRUE,1,124,-1502.098755,3110.197509,3333.571739,3241.220715,0.034500699,1207.83,0.952480762,0.012,0.988,NA,0.079981369,0.057185523,0.051569094,0.049170902,1.320168862,0.043531913,1.214882758
Study1_recovery,MFAC,moderate_g2_q1,62,500,0.3,0.3,2,1,TRUE,1,132,-1606.257627,3310.515254,3517.031051,3431.649916,0.032695546,1277.74,0.960319979,0.01,0.99,NA,0.165233613,0.134066638,1.156291192,NA,NA,NA,NA
Study1_recovery,MCNFAC,moderate_g2_q1,62,500,0.3,0.3,2,1,TRUE,1,205,-1500.583279,3107.166557,3330.540786,3238.189763,0.030771088,1954.53,0.960319979,0.01,0.99,NA,0.131462311,0.100168901,0.179793665,0.099744138,1.886346455,0.086887184,1.884203913
Study1_recovery,MFAC,moderate_g2_q1,63,500,0.3,0.3,2,1,TRUE,1,223,-1511.599585,3121.19917,3327.714966,3242.333831,0.03119635,2289.94,0.952479756,0.012,0.988,NA,0.156176124,0.118100051,0.819389473,NA,NA,NA,NA
Study1_recovery,MCNFAC,moderate_g2_q1,63,500,0.3,0.3,2,1,TRUE,1,193,-1435.263522,2976.527044,3199.901274,3107.55025,0.027571565,1884.69,0.952479756,0.012,0.988,NA,0.107985714,0.084532668,0.128023236,0.059077614,0.745922902,0.042579198,0.74259752
Study1_recovery,MFAC,moderate_g2_q1,64,500,0.3,0.3,2,1,TRUE,1,172,-1577.949658,3253.899316,3460.415113,3375.033978,0.03413772,1590.68,0.921442859,0.02,0.98,NA,0.164384306,0.104510645,0.770990902,NA,NA,NA,NA
Study1_recovery,MCNFAC,moderate_g2_q1,64,500,0.3,0.3,2,1,TRUE,1,311,-1495.219003,3096.438006,3319.812235,3227.461212,0.032710487,2963.86,0.93689779,0.016,0.984,NA,0.104636564,0.069709319,0.086560765,0.093146793,0.980433052,0.092920456,0.964252666
Study1_recovery,MFAC,moderate_g2_q1,65,500,0.3,0.3,2,1,TRUE,1,158,-1530.471665,3158.94333,3365.459127,3280.077992,0.029478571,1485.31,0.952480038,0.012,0.988,NA,0.197677829,0.149380831,0.785894137,NA,NA,NA,NA
Study1_recovery,MCNFAC,moderate_g2_q1,65,500,0.3,0.3,2,1,TRUE,1,139,-1447.617791,3001.235583,3224.609812,3132.258789,0.030867801,1316.09,0.968191937,0.008,0.992,NA,0.185226394,0.133453243,0.160037746,0.010137361,0.701929207,0.010044157,0.689146025
Study1_recovery,MFAC,moderate_g2_q1,66,500,0.3,0.3,2,1,TRUE,1,140,-1621.286634,3340.573268,3547.089065,3461.70793,0.037236559,1488.99,0.913757829,0.022,0.978,NA,0.192966088,0.106022647,0.761403734,NA,NA,NA,NA
Study1_recovery,MCNFAC,moderate_g2_q1,66,500,0.3,0.3,2,1,TRUE,1,190,-1507.739253,3121.478507,3344.852736,3252.501713,0.03476497,1864.33,0.921439616,0.02,0.98,NA,0.146797254,0.085880727,0.09422459,0.033662093,1.041860473,0.024325572,1.040730911
Study1_recovery,MFAC,moderate_g2_q1,67,500,0.3,0.3,2,1,TRUE,1,115,-1562.95404,3223.90808,3430.423877,3345.042742,0.028978586,1215.48,0.960320422,0.01,0.99,NA,0.130902198,0.092037781,0.513217577,NA,NA,NA,NA
Study1_recovery,MCNFAC,moderate_g2_q1,67,500,0.3,0.3,2,1,TRUE,1,258,-1475.729857,3057.459713,3280.833942,3188.482919,0.026193913,2520.18,0.952480762,0.012,0.988,NA,0.078190935,0.054623633,0.169979192,0.108621025,0.851314673,0.082541691,0.821719248
Study1_recovery,MFAC,moderate_g2_q1,68,500,0.3,0.3,2,1,TRUE,1,131,-1560.148388,3218.296777,3424.812574,3339.431439,0.03991939,1297.09,0.952477981,0.012,0.988,NA,0.180027592,0.138826579,0.352013976,NA,NA,NA,NA
Study1_recovery,MCNFAC,moderate_g2_q1,68,500,0.3,0.3,2,1,TRUE,1,215,-1448.675116,3003.350233,3226.724462,3134.373438,0.032870264,2031.77,0.944669473,0.014,0.986,NA,0.163890635,0.134399583,0.149975383,0.049561332,2.498982053,0.049505026,2.248250357
Study1_recovery,MFAC,moderate_g2_q1,69,500,0.3,0.3,2,1,TRUE,1,183,-1552.109569,3202.219138,3408.734935,3323.3538,0.027742442,1663.99,0.936839261,0.016,0.984,NA,0.170838763,0.104165859,0.665175855,NA,NA,NA,NA
Study1_recovery,MCNFAC,moderate_g2_q1,69,500,0.3,0.3,2,1,TRUE,1,205,-1466.580014,3039.160028,3262.534257,3170.183233,0.024045461,1935.68,0.936844557,0.016,0.984,NA,0.098549128,0.067901511,0.064098368,0.04505825,0.728356436,0.044823084,0.575561162
Study1_recovery,MFAC,moderate_g2_q1,70,500,0.3,0.3,2,1,TRUE,1,127,-1526.367174,3150.734348,3357.250145,3271.86901,0.030022066,1190.81,0.898481508,0.026,0.974,NA,0.105546532,0.082464854,0.442381612,NA,NA,NA,NA
Study1_recovery,MCNFAC,moderate_g2_q1,70,500,0.3,0.3,2,1,TRUE,1,167,-1453.59823,3013.196461,3236.57069,3144.219666,0.03259002,1578.11,0.913746964,0.022,0.978,NA,0.089000398,0.068840287,0.17020228,0.077209241,1.015605121,0.054707908,0.80324941
Study1_recovery,MFAC,moderate_g2_q1,71,500,0.3,0.3,2,1,TRUE,1,191,-1557.165261,3212.330522,3418.846319,3333.465184,0.033457349,1788.92,0.960320609,0.01,0.99,NA,0.110610864,0.090159295,0.653341001,NA,NA,NA,NA
Study1_recovery,MCNFAC,moderate_g2_q1,71,500,0.3,0.3,2,1,TRUE,1,203,-1421.627147,2949.254295,3172.628524,3080.2775,0.032923607,1880.53,0.9524809,0.012,0.988,NA,0.10332467,0.078913897,0.121341782,0.020260785,1.610801898,0.015695974,1.470413491
Study1_recovery,MFAC,moderate_g2_q1,72,500,0.3,0.3,2,1,TRUE,1,131,-1599.988929,3297.977859,3504.493655,3419.11252,0.025976177,1445.85,0.960320422,0.01,0.99,NA,0.160286428,0.100032568,0.860014137,NA,NA,NA,NA
Study1_recovery,MCNFAC,moderate_g2_q1,72,500,0.3,0.3,2,1,TRUE,1,160,-1507.760737,3121.521473,3344.895703,3252.544679,0.027834635,1526.58,0.952480874,0.012,0.988,NA,0.104324069,0.072946077,0.108109893,0.034391553,0.955846364,0.030186811,0.930845317
Study1_recovery,MFAC,moderate_g2_q1,73,500,0.3,0.3,2,1,TRUE,1,178,-1636.259484,3370.518968,3577.034765,3491.65363,0.039801694,1715.13,0.944665455,0.014,0.986,NA,0.107534096,0.075626392,1.151864452,NA,NA,NA,NA
Study1_recovery,MCNFAC,moderate_g2_q1,73,500,0.3,0.3,2,1,TRUE,1,213,-1533.701847,3173.403694,3396.777924,3304.4269,0.038612875,1900.36,0.913754782,0.022,0.978,NA,0.057514599,0.039526158,0.166797527,0.052253799,0.58493018,0.039681595,0.531899208
Study1_recovery,MFAC,moderate_g2_q1,74,500,0.3,0.3,2,1,TRUE,1,96,-1537.284998,3172.569996,3379.085792,3293.704657,0.050857572,944.78,0.906113152,0.024,0.976,NA,0.164539797,0.116051699,0.440127715,NA,NA,NA,NA
Study1_recovery,MCNFAC,moderate_g2_q1,74,500,0.3,0.3,2,1,TRUE,1,287,-1435.705303,2977.410606,3200.784835,3108.433811,0.050116424,2678.98,0.913761745,0.022,0.978,NA,0.143767473,0.104726437,0.101845648,0.048893066,0.683372996,0.044170804,0.570742335
Study1_recovery,MFAC,moderate_g2_q1,75,500,0.3,0.3,2,1,TRUE,1,136,-1492.91824,3083.83648,3290.352277,3204.971142,0.027061712,1298.57,0.984032043,0.004,0.996,NA,0.144987646,0.092303935,0.722565115,NA,NA,NA,NA
Study1_recovery,MCNFAC,moderate_g2_q1,75,500,0.3,0.3,2,1,TRUE,1,209,-1406.499969,2918.999938,3142.374167,3050.023144,0.027905852,1919.21,0.968192374,0.008,0.992,NA,0.12528639,0.098064024,0.181815603,0.028988413,0.414930194,0.024439631,0.356080943
Study1_recovery,MFAC,moderate_g2_q1,76,500,0.3,0.3,2,1,TRUE,1,181,-1521.392678,3140.785357,3347.301154,3261.920019,0.033436664,1785.67,0.913713095,0.022,0.978,NA,0.138012198,0.097219491,0.729392956,NA,NA,NA,NA
Study1_recovery,MCNFAC,moderate_g2_q1,76,500,0.3,0.3,2,1,TRUE,1,203,-1396.132611,2898.265222,3121.639451,3029.288428,0.033022576,1796.48,0.913718012,0.022,0.978,NA,0.092405007,0.070993798,0.085915559,0.085237021,4.11084642,0.07584836,4.102705365
Study1_recovery,MFAC,moderate_g2_q1,77,500,0.3,0.3,2,1,TRUE,1,188,-1551.06224,3200.12448,3406.640277,3321.259142,0.030445309,1745.56,0.92915431,0.018,0.982,NA,0.172439051,0.122723804,0.876158487,NA,NA,NA,NA
Study1_recovery,MCNFAC,moderate_g2_q1,77,500,0.3,0.3,2,1,TRUE,1,275,-1424.135388,2954.270776,3177.645005,3085.293982,0.029197838,2411.15,0.944673342,0.014,0.986,NA,0.129260133,0.092551353,0.14113947,0.06650832,3.8356022,0.063103865,3.599970967
Study1_recovery,MFAC,moderate_g2_q1,78,500,0.3,0.3,2,1,TRUE,1,183,-1470.878811,3039.757623,3246.273419,3160.892284,0.028698561,1708.27,0.936892897,0.016,0.984,NA,0.167370755,0.114326663,0.728731683,NA,NA,NA,NA
Study1_recovery,MCNFAC,moderate_g2_q1,78,500,0.3,0.3,2,1,TRUE,1,290,-1404.974219,2915.948438,3139.322668,3046.971644,0.029752299,2492.91,0.944669429,0.014,0.986,NA,0.147308361,0.097849837,0.043244024,0.039091945,1.434610575,0.038607824,1.419493552
Study1_recovery,MFAC,moderate_g2_q1,79,500,0.3,0.3,2,1,TRUE,1,104,-1590.860037,3279.720073,3486.23587,3400.854735,0.03281729,1077.11,0.921442878,0.02,0.98,NA,0.139820954,0.097072681,0.745597777,NA,NA,NA,NA
Study1_recovery,MCNFAC,moderate_g2_q1,79,500,0.3,0.3,2,1,TRUE,1,157,-1491.354834,3088.709669,3312.083898,3219.732874,0.029387791,1374.09,0.929154304,0.018,0.982,NA,0.085343325,0.064296029,0.070745387,0.007756192,0.296566848,0.006742142,0.24389521
Study1_recovery,MFAC,moderate_g2_q1,80,500,0.3,0.3,2,1,TRUE,1,229,-1693.211082,3484.422164,3690.937961,3605.556826,0.031712555,2074.25,0.968191605,0.008,0.992,NA,0.178086289,0.112464062,1.417686109,NA,NA,NA,NA
Study1_recovery,MCNFAC,moderate_g2_q1,80,500,0.3,0.3,2,1,TRUE,1,234,-1565.145393,3236.290787,3459.665016,3367.313992,0.031508274,1184.3,0.968191775,0.008,0.992,NA,0.124906242,0.09112273,0.034994754,0.069714919,1.2623373,0.068908233,1.141187035
Study1_recovery,MFAC,moderate_g2_q1,1,1000,0,0,2,1,TRUE,1,160,-3496.356556,7090.713112,7331.193121,7302.616323,0.033578342,1017.12,0.940840407,0.015,0.985,NA,0.111943985,0.080651368,0.665786313,NA,NA,NA,NA
Study1_recovery,MCNFAC,moderate_g2_q1,1,1000,0,0,2,1,TRUE,1,260,-3218.731967,6543.463933,6803.574963,6772.665365,0.03220548,1576.36,0.921521204,0.02,0.98,NA,0.057254563,0.03965012,0.077140469,0.033456756,0.983229541,0.026712773,0.98310959
Study1_recovery,MFAC,moderate_g2_q1,2,1000,0,0,2,1,TRUE,1,156,-3580.772569,7259.545138,7500.025147,7471.448349,0.027304654,991.65,0.936945214,0.016,0.984,NA,0.065118234,0.047520092,0.69339182,NA,NA,NA,NA
Study1_recovery,MCNFAC,moderate_g2_q1,2,1000,0,0,2,1,TRUE,1,248,-3307.985798,6721.971596,6982.082626,6951.173028,0.026913769,1495.24,0.929209614,0.018,0.982,NA,0.071884877,0.053106018,0.096687559,0.046756013,0.565051415,0.042403671,0.48235064
Study1_recovery,MFAC,moderate_g2_q1,3,1000,0,0,2,1,TRUE,1,231,-3512.822469,7123.644939,7364.124947,7335.548149,0.038480159,1430.61,0.933086501,0.017,0.983,NA,0.034339289,0.025981205,0.692284951,NA,NA,NA,NA
Study1_recovery,MCNFAC,moderate_g2_q1,3,1000,0,0,2,1,TRUE,1,253,-3221.917151,6549.834302,6809.945332,6779.035734,0.037322244,1525.16,0.948623071,0.013,0.987,NA,0.037085825,0.028888138,0.082708937,0.03106905,0.467392685,0.027696755,0.436610942
Study1_recovery,MFAC,moderate_g2_q1,4,1000,0,0,2,1,TRUE,1,140,-3677.081724,7452.163449,7692.643458,7664.06666,0.025938367,893.01,0.948618541,0.013,0.987,NA,0.107100513,0.079664742,0.850481958,NA,NA,NA,NA
Study1_recovery,MCNFAC,moderate_g2_q1,4,1000,0,0,2,1,TRUE,1,234,-3333.217901,6772.435802,7032.546832,7001.637234,0.023942345,1399.22,0.940834405,0.015,0.985,NA,0.081884471,0.058689096,0.062963776,0.013001111,0.187114181,0.012632369,0.182756398
Study1_recovery,MFAC,moderate_g2_q1,5,1000,0,0,2,1,TRUE,1,157,-3613.850088,7325.700176,7566.180185,7537.603387,0.036048018,999.36,0.933079803,0.017,0.983,NA,0.079333162,0.056089654,0.753468054,NA,NA,NA,NA
Study1_recovery,MCNFAC,moderate_g2_q1,5,1000,0,0,2,1,TRUE,1,246,-3305.080772,6716.161544,6976.272573,6945.362976,0.036561696,1488.73,0.940833257,0.015,0.985,NA,0.087732002,0.065527723,0.127182172,0.007604542,1.029714562,0.007542402,0.996390445
Study1_recovery,MFAC,moderate_g2_q1,6,1000,0,0,2,1,TRUE,1,135,-3559.747418,7217.494835,7457.974844,7429.398046,0.034684591,857.61,0.964284059,0.009,0.991,NA,0.053361355,0.040474782,0.537760155,NA,NA,NA,NA
Study1_recovery,MCNFAC,moderate_g2_q1,6,1000,0,0,2,1,TRUE,1,184,-3191.66197,6489.32394,6749.43497,6718.525372,0.030891969,1099.69,0.964284059,0.009,0.991,NA,0.076641048,0.047728735,0.085747325,0.033296011,1.045914223,0.027678342,0.913640586
Study1_recovery,MFAC,moderate_g2_q1,7,1000,0,0,2,1,TRUE,1,198,-3618.306341,7334.612682,7575.092691,7546.515893,0.023603695,1244.17,0.956440336,0.011,0.989,NA,0.079275698,0.057016398,0.835869151,NA,NA,NA,NA
Study1_recovery,MCNFAC,moderate_g2_q1,7,1000,0,0,2,1,TRUE,1,278,-3287.964358,6681.928715,6942.039745,6911.130147,0.022685437,1698.56,0.944728658,0.014,0.986,NA,0.081803376,0.059195293,0.059614935,0.004277981,0.331640237,0.004122451,0.257553761
Study1_recovery,MFAC,moderate_g2_q1,8,1000,0,0,2,1,TRUE,1,154,-3604.33554,7306.671079,7547.151088,7518.57429,0.031294994,979.58,0.940827272,0.015,0.985,NA,0.085226841,0.066626399,0.629234122,NA,NA,NA,NA
Study1_recovery,MCNFAC,moderate_g2_q1,8,1000,0,0,2,1,TRUE,1,232,-3291.149101,6688.298202,6948.409232,6917.499634,0.033025332,1394.4,0.948614361,0.013,0.987,NA,0.054811067,0.03845179,0.032080888,0.020989774,0.561449227,0.019367456,0.536872885
Study1_recovery,MFAC,moderate_g2_q1,9,1000,0,0,2,1,TRUE,1,140,-3549.899831,7197.799661,7438.27967,7409.702872,0.030400395,893.24,0.94083386,0.015,0.985,NA,0.109696764,0.085471791,0.567541164,NA,NA,NA,NA
Study1_recovery,MCNFAC,moderate_g2_q1,9,1000,0,0,2,1,TRUE,1,224,-3250.199434,6606.398867,6866.509897,6835.600299,0.028575187,1340.31,0.956436411,0.011,0.989,NA,0.066399194,0.051462739,0.098414274,0.041414505,0.620625012,0.039704042,0.508960323
Study1_recovery,MFAC,moderate_g2_q1,10,1000,0,0,2,1,TRUE,1,166,-3604.655299,7307.310598,7547.790607,7519.213809,0.038750084,1056.3,0.925366834,0.019,0.981,NA,0.12033636,0.091672042,0.734876865,NA,NA,NA,NA
Study1_recovery,MCNFAC,moderate_g2_q1,10,1000,0,0,2,1,TRUE,1,235,-3234.557708,6575.115416,6835.226446,6804.316848,0.032771774,1434.36,0.929223396,0.018,0.982,NA,0.084739815,0.060585844,0.02294761,0.018152004,0.821449105,0.018074098,0.715170487
Study1_recovery,MFAC,moderate_g2_q1,11,1000,0,0,2,1,TRUE,1,164,-3689.705529,7477.411059,7717.891067,7689.31427,0.034162875,1044.63,0.933087663,0.017,0.983,NA,0.111121261,0.079526517,0.723873198,NA,NA,NA,NA
Study1_recovery,MCNFAC,moderate_g2_q1,11,1000,0,0,2,1,TRUE,1,233,-3283.216861,6672.433722,6932.544752,6901.635154,0.034199472,1416.79,0.944728234,0.014,0.986,NA,0.116109456,0.086391078,0.048684192,0.004638724,0.840365948,0.003951701,0.825978876
Study1_recovery,MFAC,moderate_g2_q1,12,1000,0,0,2,1,TRUE,1,146,-3617.251053,7332.502107,7572.982115,7544.405317,0.027303909,829.33,0.929209538,0.018,0.982,NA,0.093052195,0.071253908,0.682061716,NA,NA,NA,NA
Study1_recovery,MCNFAC,moderate_g2_q1,12,1000,0,0,2,1,TRUE,1,218,-3314.974888,6735.949775,6996.060805,6965.151207,0.02549162,1298.11,0.96035098,0.01,0.99,NA,0.082587708,0.061605936,0.083507988,0.022444164,1.004898774,0.01850712,0.981460474
Study1_recovery,MFAC,moderate_g2_q1,13,1000,0,0,2,1,TRUE,1,151,-3627.084253,7352.168507,7592.648515,7564.071717,0.030743406,955.33,0.948616409,0.013,0.987,NA,0.062032865,0.039976936,0.747462641,NA,NA,NA,NA
Study1_recovery,MCNFAC,moderate_g2_q1,13,1000,0,0,2,1,TRUE,1,245,-3258.610887,6623.221774,6883.332804,6852.423206,0.029991516,1574.34,0.940833244,0.015,0.985,NA,0.036084274,0.029179897,0.040549242,0.016837881,0.742181562,0.012715973,0.541985929
Study1_recovery,MFAC,moderate_g2_q1,14,1000,0,0,2,1,TRUE,1,180,-3636.20784,7370.415681,7610.895689,7582.318891,0.027326107,1098.19,0.964286397,0.009,0.991,NA,0.128962725,0.08399489,0.703117018,NA,NA,NA,NA
Study1_recovery,MCNFAC,moderate_g2_q1,14,1000,0,0,2,1,TRUE,1,242,-3285.072938,6676.145876,6936.256906,6905.347308,0.024825226,1615,0.960358579,0.01,0.99,NA,0.084702681,0.059550224,0.08347069,0.006357259,0.361366934,0.005157721,0.273027683
Study1_recovery,MFAC,moderate_g2_q1,15,1000,0,0,2,1,TRUE,1,157,-3612.578278,7323.156557,7563.636565,7535.059767,0.034536972,943.63,0.933088992,0.017,0.983,NA,0.115062367,0.08288386,0.601404857,NA,NA,NA,NA
Study1_recovery,MCNFAC,moderate_g2_q1,15,1000,0,0,2,1,TRUE,1,243,-3287.638868,6681.277736,6941.388766,6910.479168,0.032738287,1609.59,0.936960912,0.016,0.984,NA,0.0860181,0.062630569,0.056854517,0.022724797,0.3579843,0.022106115,0.348574455
Study1_recovery,MFAC,moderate_g2_q1,16,1000,0,0,2,1,TRUE,1,156,-3662.089637,7422.179274,7662.659282,7634.082484,0.029979035,932.22,0.94470468,0.014,0.986,NA,0.103568414,0.061282704,0.759267916,NA,NA,NA,NA
Study1_recovery,MCNFAC,moderate_g2_q1,16,1000,0,0,2,1,TRUE,1,279,-3310.525786,6727.051572,6987.162601,6956.253004,0.028603961,1869.83,0.960344911,0.01,0.99,NA,0.064079426,0.043846804,0.02619095,0.034281387,0.554338747,0.028995314,0.522760938
Study1_recovery,MFAC,moderate_g2_q1,17,1000,0,0,2,1,TRUE,1,171,-3488.847386,7075.694771,7316.17478,7287.597982,0.025311049,1009.64,0.948624611,0.013,0.987,NA,0.142948434,0.104196394,0.731894865,NA,NA,NA,NA
Study1_recovery,MCNFAC,moderate_g2_q1,17,1000,0,0,2,1,TRUE,1,222,-3260.959584,6627.919169,6888.030198,6857.120601,0.024273284,1484.53,0.960360353,0.01,0.99,NA,0.100671464,0.068069051,0.118478628,0.035105998,1.1734745,0.031430212,1.045106812
Study1_recovery,MFAC,moderate_g2_q1,18,1000,0,0,2,1,TRUE,1,170,-3573.398885,7244.79777,7485.277778,7456.70098,0.029713531,999.55,0.964278941,0.009,0.991,NA,0.093655712,0.068028329,0.90193796,NA,NA,NA,NA
Study1_recovery,MCNFAC,moderate_g2_q1,18,1000,0,0,2,1,TRUE,1,230,-3247.86865,6601.7373,6861.84833,6830.938732,0.027328737,1541.47,0.964280127,0.009,0.991,NA,0.082901194,0.064479228,0.04896057,0.026707749,0.702432431,0.020178216,0.62954585
Study1_recovery,MFAC,moderate_g2_q1,19,1000,0,0,2,1,TRUE,1,134,-3628.529065,7355.058131,7595.538139,7566.961341,0.029530596,796.75,0.921518718,0.02,0.98,NA,0.084834064,0.071366441,0.653890452,NA,NA,NA,NA
Study1_recovery,MCNFAC,moderate_g2_q1,19,1000,0,0,2,1,TRUE,1,240,-3344.527352,6795.054704,7055.165734,7024.256136,0.027735829,1577.8,0.94083922,0.015,0.985,NA,0.06226612,0.047707455,0.056954506,0.032448972,0.727868132,0.031752505,0.642556145
Study1_recovery,MFAC,moderate_g2_q1,20,1000,0,0,2,1,TRUE,1,161,-3539.87279,7177.74558,7418.225589,7389.648791,0.027211854,918.82,0.940837699,0.015,0.985,NA,0.079288238,0.05321443,0.695572812,NA,NA,NA,NA
Study1_recovery,MCNFAC,moderate_g2_q1,20,1000,0,0,2,1,TRUE,1,240,-3295.170495,6696.340991,6956.452021,6925.542423,0.025467081,1606.87,0.948621896,0.013,0.987,NA,0.081010977,0.058793227,0.08294514,0.02336265,1.327417301,0.023218601,1.309845415
Study1_recovery,MFAC,moderate_g2_q1,21,1000,0,0,2,1,TRUE,1,145,-3772.807026,7643.614053,7884.094061,7855.517263,0.031788498,815.43,0.956437083,0.011,0.989,NA,0.101040039,0.075419018,0.808111075,NA,NA,NA,NA
Study1_recovery,MCNFAC,moderate_g2_q1,21,1000,0,0,2,1,TRUE,1,220,-3415.500885,6937.001769,7197.112799,7166.203201,0.031379062,1513.67,0.96035815,0.01,0.99,NA,0.065095228,0.053105003,0.015151887,0.00342175,0.416315549,0.002653848,0.308135381
Study1_recovery,MFAC,moderate_g2_q1,22,1000,0,0,2,1,TRUE,1,168,-3552.010835,7202.02167,7442.501679,7413.924881,0.028624313,943.08,0.952527993,0.012,0.988,NA,0.068856406,0.048382852,0.761314285,NA,NA,NA,NA
Study1_recovery,MCNFAC,moderate_g2_q1,22,1000,0,0,2,1,TRUE,1,244,-3230.507951,6567.015903,6827.126933,6796.217335,0.026731689,1640.33,0.952528223,0.012,0.988,NA,0.049775541,0.034270224,0.026729637,0.013247258,0.295985294,0.01265005,0.293183761
Study1_recovery,MFAC,moderate_g2_q1,23,1000,0,0,2,1,TRUE,1,166,-3555.500779,7209.001559,7449.481567,7420.904769,0.031167869,998.82,0.921492751,0.02,0.98,NA,0.099744565,0.063291674,0.717951315,NA,NA,NA,NA
Study1_recovery,MCNFAC,moderate_g2_q1,23,1000,0,0,2,1,TRUE,1,252,-3277.065764,6660.131529,6920.242558,6889.332961,0.033025723,1717.15,0.921495923,0.02,0.98,NA,0.049334974,0.035487908,0.039765968,0.032274626,0.751056548,0.030270427,0.685088131
Study1_recovery,MFAC,moderate_g2_q1,24,1000,0,0,2,1,TRUE,1,115,-3750.895436,7599.790872,7840.270881,7811.694083,0.032916442,689.37,0.929218391,0.018,0.982,NA,0.08359541,0.059009634,0.693397674,NA,NA,NA,NA
Study1_recovery,MCNFAC,moderate_g2_q1,24,1000,0,0,2,1,TRUE,1,177,-3368.631285,6843.262569,7103.373599,7072.464001,0.029610337,1230.15,0.936955866,0.016,0.984,NA,0.078341041,0.053853142,0.06819702,0.019279117,1.111214147,0.019264528,0.802196729
Study1_recovery,MFAC,moderate_g2_q1,25,1000,0,0,2,1,TRUE,1,233,-3703.309115,7504.61823,7745.098239,7716.521441,0.029680251,1428.91,0.93308407,0.017,0.983,NA,0.077960965,0.054414143,1.128889511,NA,NA,NA,NA
Study1_recovery,MCNFAC,moderate_g2_q1,25,1000,0,0,2,1,TRUE,1,285,-3352.625547,6811.251094,7071.362124,7040.452526,0.029655047,1943.38,0.948621637,0.013,0.987,NA,0.063094902,0.046386724,0.091139744,0.017353921,0.86441868,0.012684829,0.852366873
Study1_recovery,MFAC,moderate_g2_q1,26,1000,0,0,2,1,TRUE,1,148,-3747.950466,7593.900932,7834.380941,7805.804143,0.031416208,893.02,0.9447107,0.014,0.986,NA,0.088125148,0.066146979,0.812279322,NA,NA,NA,NA
Study1_recovery,MCNFAC,moderate_g2_q1,26,1000,0,0,2,1,TRUE,1,200,-3379.886559,6865.773119,7125.884149,7094.974551,0.031095919,1372.04,0.936946149,0.016,0.984,NA,0.08709972,0.06732925,0.036373881,0.015643971,0.840719307,0.011656142,0.6868446
Study1_recovery,MFAC,moderate_g2_q1,27,1000,0,0,2,1,TRUE,1,176,-3637.800693,7373.601386,7614.081395,7585.504597,0.025359724,1058.47,0.952526134,0.012,0.988,NA,0.066090463,0.05432335,0.856481963,NA,NA,NA,NA
Study1_recovery,MCNFAC,moderate_g2_q1,27,1000,0,0,2,1,TRUE,1,253,-3322.030124,6750.060247,7010.171277,6979.261679,0.025598568,1718.24,0.952526796,0.012,0.988,NA,0.076944093,0.056229644,0.128092146,0.009295136,0.446425968,0.007725559,0.362735707
Study1_recovery,MFAC,moderate_g2_q1,28,1000,0,0,2,1,TRUE,1,201,-3520.658345,7139.316691,7379.796699,7351.219901,0.026920747,1221.13,0.976113239,0.006,0.994,NA,0.109647215,0.066686711,0.636623362,NA,NA,NA,NA
Study1_recovery,MCNFAC,moderate_g2_q1,28,1000,0,0,2,1,TRUE,1,210,-3247.676758,6601.353516,6861.464546,6830.554948,0.024085619,1428.99,0.9721604,0.007,0.993,NA,0.095674488,0.061776209,0.08629679,0.035343789,0.710653585,0.035338839,0.692862457
Study1_recovery,MFAC,moderate_g2_q1,29,1000,0,0,2,1,TRUE,1,136,-3574.505329,7247.010658,7487.490666,7458.913868,0.028537594,818.08,0.936943927,0.016,0.984,NA,0.100449774,0.083490395,0.660845533,NA,NA,NA,NA
Study1_recovery,MCNFAC,moderate_g2_q1,29,1000,0,0,2,1,TRUE,1,206,-3255.622312,6617.244623,6877.355653,6846.446055,0.027048423,1435.7,0.925351137,0.019,0.981,NA,0.097900753,0.069883668,0.113833891,0.023473216,0.324399506,0.023426361,0.303799937
Study1_recovery,MFAC,moderate_g2_q1,30,1000,0,0,2,1,TRUE,1,197,-3609.304821,7316.609643,7557.089652,7528.512854,0.039033224,1198.4,0.933085888,0.017,0.983,NA,0.099503408,0.074783542,0.969753555,NA,NA,NA,NA
Study1_recovery,MCNFAC,moderate_g2_q1,30,1000,0,0,2,1,TRUE,1,273,-3256.912717,6619.825435,6879.936464,6849.026866,0.031580689,1872.69,0.933086492,0.017,0.983,NA,0.092766593,0.07473915,0.106515351,0.007807075,0.940622052,0.007481966,0.918787
Study1_recovery,MFAC,moderate_g2_q1,31,1000,0,0,2,1,TRUE,1,158,-3457.157028,7012.314056,7252.794065,7224.217267,0.028074545,954.08,0.944725953,0.014,0.986,NA,0.075612448,0.055623309,0.616523357,NA,NA,NA,NA
Study1_recovery,MCNFAC,moderate_g2_q1,31,1000,0,0,2,1,TRUE,1,224,-3154.665683,6415.331366,6675.442396,6644.532798,0.025460296,1519.59,0.96035837,0.01,0.99,NA,0.050715429,0.03904425,0.050726418,0.026313,0.647283768,0.0262862,0.64659674
Study1_recovery,MFAC,moderate_g2_q1,32,1000,0,0,2,1,TRUE,1,146,-3547.976985,7193.953971,7434.43398,7405.857182,0.040801815,882.46,0.925353671,0.019,0.981,NA,0.127448567,0.091760751,0.637757047,NA,NA,NA,NA
Study1_recovery,MCNFAC,moderate_g2_q1,32,1000,0,0,2,1,TRUE,1,230,-3251.71099,6609.421979,6869.533009,6838.623411,0.038943135,1569.38,0.929212568,0.018,0.982,NA,0.098271962,0.066756681,0.089304394,0.016865677,0.533917766,0.016728719,0.438987728
Study1_recovery,MFAC,moderate_g2_q1,33,1000,0,0,2,1,TRUE,1,156,-3653.402282,7404.804565,7645.284574,7616.707776,0.024694618,936.02,0.948581536,0.013,0.987,NA,0.086710997,0.061295059,0.876901152,NA,NA,NA,NA
Study1_recovery,MCNFAC,moderate_g2_q1,33,1000,0,0,2,1,TRUE,1,202,-3340.168846,6786.337691,7046.448721,7015.539123,0.022614543,1367.87,0.956405605,0.011,0.989,NA,0.050470416,0.033235915,0.066476931,0.041215169,0.496162263,0.040971585,0.450888104
Study1_recovery,MFAC,moderate_g2_q1,34,1000,0,0,2,1,TRUE,1,234,-3724.219497,7546.438994,7786.919003,7758.342205,0.034392206,1465.98,0.929204873,0.018,0.982,NA,0.125805227,0.071197593,0.868375726,NA,NA,NA,NA
Study1_recovery,MCNFAC,moderate_g2_q1,34,1000,0,0,2,1,TRUE,1,379,-3369.029995,6844.059991,7104.17102,7073.261423,0.029967087,2370.25,0.944713794,0.014,0.986,NA,0.093001928,0.055396522,0.13900912,0.011024319,0.801475921,0.01030324,0.618269877
Study1_recovery,MFAC,moderate_g2_q1,35,1000,0,0,2,1,TRUE,1,151,-3701.61532,7501.23064,7741.710648,7713.13385,0.031464255,954.66,0.936954874,0.016,0.984,NA,0.095942141,0.075716155,0.889512419,NA,NA,NA,NA
Study1_recovery,MCNFAC,moderate_g2_q1,35,1000,0,0,2,1,TRUE,1,228,-3369.777295,6845.55459,7105.66562,7074.756022,0.031504332,1403.18,0.940837119,0.015,0.985,NA,0.087409072,0.067656547,0.073959784,0.008031779,0.107645597,0.007834635,0.10372091
Study1_recovery,MFAC,moderate_g2_q1,36,1000,0,0,2,1,TRUE,1,165,-3693.456681,7484.913362,7725.393371,7696.816573,0.02371988,1044.99,0.972167881,0.007,0.993,NA,0.077949833,0.0643183,0.823486965,NA,NA,NA,NA
Study1_recovery,MCNFAC,moderate_g2_q1,36,1000,0,0,2,1,TRUE,1,221,-3376.700028,6859.400055,7119.511085,7088.601487,0.020776351,1379.75,0.984047919,0.004,0.996,NA,0.041314462,0.033299843,0.106635536,0.037475114,0.808371265,0.036506636,0.775939483
Study1_recovery,MFAC,moderate_g2_q1,37,1000,0,0,2,1,TRUE,1,201,-3482.071884,7062.143767,7302.623776,7274.046978,0.030628657,1258.89,0.940830659,0.015,0.985,NA,0.078685714,0.059008068,0.77762633,NA,NA,NA,NA
Study1_recovery,MCNFAC,moderate_g2_q1,37,1000,0,0,2,1,TRUE,1,253,-3184.805939,6475.611878,6735.722908,6704.81331,0.026657207,1590.47,0.952522672,0.012,0.988,NA,0.08239178,0.05775482,0.074397835,0.025902343,0.488074966,0.025896582,0.458309234
Study1_recovery,MFAC,moderate_g2_q1,38,1000,0,0,2,1,TRUE,1,200,-3641.430087,7380.860173,7621.340182,7592.763384,0.035554464,1242.33,0.956439753,0.011,0.989,NA,0.087656086,0.061240087,0.904264053,NA,NA,NA,NA
Study1_recovery,MCNFAC,moderate_g2_q1,38,1000,0,0,2,1,TRUE,1,240,-3273.570998,6653.141996,6913.253026,6882.343428,0.031715728,1515.76,0.964287973,0.009,0.991,NA,0.065606289,0.044013544,0.091442762,0.021155459,0.780384037,0.020772484,0.770207848
Study1_recovery,MFAC,moderate_g2_q1,39,1000,0,0,2,1,TRUE,1,314,-3455.980586,7009.961172,7250.44118,7221.864383,0.03170546,1934.34,0.93308185,0.017,0.983,NA,0.098701441,0.073830558,0.711046094,NA,NA,NA,NA
Study1_recovery,MCNFAC,moderate_g2_q1,39,1000,0,0,2,1,TRUE,1,407,-3205.609179,6517.218359,6777.329388,6746.419791,0.02916214,2623.76,0.948619882,0.013,0.987,NA,0.09367875,0.065465781,0.081341185,0.027742533,1.18047745,0.025876397,1.130403618
Study1_recovery,MFAC,moderate_g2_q1,40,1000,0,0,2,1,TRUE,1,177,-3614.619004,7327.238008,7567.718017,7539.141219,0.032116432,1083.41,0.948624597,0.013,0.987,NA,0.115153533,0.077878799,0.715509199,NA,NA,NA,NA
Study1_recovery,MCNFAC,moderate_g2_q1,40,1000,0,0,2,1,TRUE,1,232,-3285.443856,6676.887711,6936.998741,6906.089143,0.0290113,1462.48,0.948624597,0.013,0.987,NA,0.096670187,0.071661665,0.091685176,0.012400416,0.29362146,0.012394249,0.276114837
Study1_recovery,MFAC,moderate_g2_q1,41,1000,0,0,2,1,TRUE,1,145,-3571.591938,7241.183876,7481.663885,7453.087087,0.031555785,891.62,0.940820939,0.015,0.985,NA,0.122062607,0.096344276,0.648590599,NA,NA,NA,NA
Study1_recovery,MCNFAC,moderate_g2_q1,41,1000,0,0,2,1,TRUE,1,234,-3247.125076,6600.250152,6860.361181,6829.451584,0.031598743,1476.75,0.93306658,0.017,0.983,NA,0.108223153,0.082930126,0.045784979,0.007075264,0.267293609,0.006360464,0.265220197
Study1_recovery,MFAC,moderate_g2_q1,42,1000,0,0,2,1,TRUE,1,164,-3766.814401,7631.628803,7872.108811,7843.532013,0.036127388,995.1,0.913826609,0.022,0.978,NA,0.089521934,0.069628819,1.016461664,NA,NA,NA,NA
Study1_recovery,MCNFAC,moderate_g2_q1,42,1000,0,0,2,1,TRUE,1,229,-3453.174302,7012.348604,7272.459634,7241.550036,0.031994428,1438.66,0.929211633,0.018,0.982,NA,0.076409293,0.062578042,0.073368913,0.043400473,0.358244883,0.034218843,0.343307269
Study1_recovery,MFAC,moderate_g2_q1,43,1000,0,0,2,1,TRUE,1,167,-3636.472109,7370.944218,7611.424227,7582.847429,0.030499564,977.75,0.936956285,0.016,0.984,NA,0.072693034,0.060755718,0.999302939,NA,NA,NA,NA
Study1_recovery,MCNFAC,moderate_g2_q1,43,1000,0,0,2,1,TRUE,1,228,-3313.734146,6733.468292,6993.579321,6962.669723,0.026458145,1486.71,0.952525911,0.012,0.988,NA,0.076989117,0.057260997,0.057216572,0.033418628,0.44736185,0.03280025,0.445971954
Study1_recovery,MFAC,moderate_g2_q1,44,1000,0,0,2,1,TRUE,1,232,-3523.451721,7144.903443,7385.383451,7356.806653,0.043434141,1365.68,0.925359111,0.019,0.981,NA,0.086080318,0.06635927,0.675873024,NA,NA,NA,NA
Study1_recovery,MCNFAC,moderate_g2_q1,44,1000,0,0,2,1,TRUE,1,259,-3241.764584,6589.529169,6849.640199,6818.730601,0.040590905,1587.51,0.929218398,0.018,0.982,NA,0.067121183,0.05128425,0.06474779,0.015083503,0.668974576,0.014930393,0.582591576
Study1_recovery,MFAC,moderate_g2_q1,45,1000,0,0,2,1,TRUE,1,161,-3653.572988,7405.145976,7645.625985,7617.049187,0.032525834,991.14,0.921509319,0.02,0.98,NA,0.087078987,0.063543414,0.769366175,NA,NA,NA,NA
Study1_recovery,MCNFAC,moderate_g2_q1,45,1000,0,0,2,1,TRUE,1,229,-3340.329946,6786.659892,7046.770922,7015.861324,0.031089715,3011.78,0.917669355,0.021,0.979,NA,0.076875843,0.057885146,0.065706369,0.009010265,0.836763468,0.007241828,0.76630502
Study1_recovery,MFAC,moderate_g2_q1,46,1000,0,0,2,1,TRUE,1,145,-3679.788485,7457.57697,7698.056979,7669.480181,0.031521836,828.65,0.948624527,0.013,0.987,NA,0.084680293,0.057896395,0.711071358,NA,NA,NA,NA
Study1_recovery,MCNFAC,moderate_g2_q1,46,1000,0,0,2,1,TRUE,1,206,-3304.218392,6714.436785,6974.547814,6943.638217,0.027536547,3270.53,0.944728636,0.014,0.986,NA,0.07587187,0.055043084,0.072641418,0.022483496,0.711884101,0.020763801,0.70779496
Study1_recovery,MFAC,moderate_g2_q1,47,1000,0,0,2,1,TRUE,1,148,-3711.092304,7520.184609,7760.664617,7732.087819,0.039838802,841.41,0.925369371,0.019,0.981,NA,0.117984601,0.086167459,0.779074871,NA,NA,NA,NA
Study1_recovery,MCNFAC,moderate_g2_q1,47,1000,0,0,2,1,TRUE,1,208,-3378.919097,6863.838194,7123.949224,7093.039626,0.036522803,3204.92,0.952528494,0.012,0.988,NA,0.068204419,0.051537188,0.020288674,0.009703121,0.351466306,0.008952814,0.305137376
Study1_recovery,MFAC,moderate_g2_q1,48,1000,0,0,2,1,TRUE,1,152,-3560.362984,7218.725969,7459.205978,7430.62918,0.025746101,864.67,0.944728672,0.014,0.986,NA,0.070847741,0.048975585,0.798185804,NA,NA,NA,NA
Study1_recovery,MCNFAC,moderate_g2_q1,48,1000,0,0,2,1,TRUE,1,209,-3246.044319,6598.088638,6858.199668,6827.29007,0.022631494,3105.56,0.964288272,0.009,0.991,NA,0.074236472,0.048160486,0.054617212,0.027474322,1.092083631,0.025159824,0.874153854
Study1_recovery,MFAC,moderate_g2_q1,49,1000,0,0,2,1,TRUE,1,183,-3377.519774,6853.039549,7093.519557,7064.942759,0.025259189,1332.14,0.952525882,0.012,0.988,NA,0.087536751,0.05285357,0.732995313,NA,NA,NA,NA
Study1_recovery,MCNFAC,moderate_g2_q1,49,1000,0,0,2,1,TRUE,1,249,-3158.689562,6423.379124,6683.490154,6652.580556,0.026711683,2528,0.944726214,0.014,0.986,NA,0.103198967,0.06800005,0.075182625,0.020963622,1.455263271,0.019224051,1.270974424
Study1_recovery,MFAC,moderate_g2_q1,50,1000,0,0,2,1,TRUE,1,162,-3547.11697,7192.233941,7432.713949,7404.137151,0.033188413,998.27,0.952528001,0.012,0.988,NA,0.073640737,0.055336828,0.693493404,NA,NA,NA,NA
Study1_recovery,MCNFAC,moderate_g2_q1,50,1000,0,0,2,1,TRUE,1,212,-3263.700326,6633.400651,6893.511681,6862.602083,0.030903199,2901.7,0.956440118,0.011,0.989,NA,0.072443991,0.047740712,0.077630958,0.019799981,0.398222897,0.01893366,0.368357329
Study1_recovery,MFAC,moderate_g2_q1,51,1000,0,0,2,1,TRUE,1,190,-3579.661713,7257.323426,7497.803434,7469.226636,0.024011202,1465.98,0.956434395,0.011,0.989,NA,0.062826124,0.042449528,0.733204639,NA,NA,NA,NA
Study1_recovery,MCNFAC,moderate_g2_q1,51,1000,0,0,2,1,TRUE,1,239,-3278.955715,6663.91143,6924.02246,6893.112862,0.025042851,2131.72,0.948619036,0.013,0.987,NA,0.0751414,0.05178455,0.081590393,0.032626069,0.704839197,0.026210709,0.625788925
Study1_recovery,MFAC,moderate_g2_q1,52,1000,0,0,2,1,TRUE,1,171,-3549.118031,7196.236061,7436.71607,7408.139272,0.039139546,1150.41,0.940835823,0.015,0.985,NA,0.100311865,0.062036522,0.769329815,NA,NA,NA,NA
Study1_recovery,MCNFAC,moderate_g2_q1,52,1000,0,0,2,1,TRUE,1,212,-3226.204811,6558.409622,6818.520652,6787.611054,0.03574701,2612.81,0.929220921,0.018,0.982,NA,0.08441075,0.056057043,0.046715094,0.027454178,0.927880776,0.020675303,0.811732033
Study1_recovery,MFAC,moderate_g2_q1,53,1000,0,0,2,1,TRUE,1,202,-3578.091081,7254.182162,7494.662171,7466.085373,0.025810725,1648.47,0.952527141,0.012,0.988,NA,0.078839529,0.06048323,0.691719495,NA,NA,NA,NA
Study1_recovery,MCNFAC,moderate_g2_q1,53,1000,0,0,2,1,TRUE,1,250,-3263.632084,6633.264169,6893.375199,6862.465601,0.024012017,1722.93,0.944727477,0.014,0.986,NA,0.062329362,0.048143131,0.079623114,0.006941943,0.314761884,0.005769964,0.263667615
Study1_recovery,MFAC,moderate_g2_q1,54,1000,0,0,2,1,TRUE,1,173,-3634.051785,7366.103571,7606.583579,7578.006781,0.027877942,1179.06,0.944724995,0.014,0.986,NA,0.11270786,0.067449672,0.838715647,NA,NA,NA,NA
Study1_recovery,MCNFAC,moderate_g2_q1,54,1000,0,0,2,1,TRUE,1,266,-3329.03993,6764.079861,7024.19089,6993.281292,0.026066791,2918.54,0.96035815,0.01,0.99,NA,0.073886179,0.049026033,0.152863502,0.04113278,0.600018285,0.038562125,0.599747683
Study1_recovery,MFAC,moderate_g2_q1,55,1000,0,0,2,1,TRUE,1,167,-3592.43608,7282.87216,7523.352168,7494.77537,0.03112059,1074.58,0.944721956,0.014,0.986,NA,0.060294952,0.049367166,0.832997908,NA,NA,NA,NA
Study1_recovery,MCNFAC,moderate_g2_q1,55,1000,0,0,2,1,TRUE,1,249,-3277.456413,6660.912825,6921.023855,6890.114257,0.027990769,3006.8,0.960356851,0.01,0.99,NA,0.041246723,0.030181852,0.127705994,0.027057295,0.69703184,0.026126779,0.692817633
Study1_recovery,MFAC,moderate_g2_q1,56,1000,0,0,2,1,TRUE,1,198,-3568.548326,7235.096652,7475.576661,7446.999863,0.032792621,1227.44,0.917681181,0.021,0.979,NA,0.102142466,0.067976238,0.873953083,NA,NA,NA,NA
Study1_recovery,MCNFAC,moderate_g2_q1,56,1000,0,0,2,1,TRUE,1,225,-3232.108639,6570.217277,6830.328307,6799.418709,0.028779139,1379.23,0.940840651,0.015,0.985,NA,0.065011055,0.046243175,0.040223816,0.00811628,1.331409602,0.006727686,1.327178688
Study1_recovery,MFAC,moderate_g2_q1,57,1000,0,0,2,1,TRUE,1,148,-3627.706743,7353.413487,7593.893495,7565.316697,0.028702974,926.73,0.948609443,0.013,0.987,NA,0.082837685,0.058474615,0.910133076,NA,NA,NA,NA
Study1_recovery,MCNFAC,moderate_g2_q1,57,1000,0,0,2,1,TRUE,1,211,-3303.501296,6713.002592,6973.113622,6942.204024,0.025280486,1302.36,0.960351574,0.01,0.99,NA,0.083819619,0.054360259,0.0466832,0.025306075,0.214383962,0.025302723,0.164017637
Study1_recovery,MFAC,moderate_g2_q1,58,1000,0,0,2,1,TRUE,1,143,-3622.616349,7343.232698,7583.712706,7555.135908,0.0286861,895.17,0.964284052,0.009,0.991,NA,0.081361839,0.065290931,0.723525672,NA,NA,NA,NA
Study1_recovery,MCNFAC,moderate_g2_q1,58,1000,0,0,2,1,TRUE,1,251,-3335.616651,6777.233302,7037.344332,7006.434734,0.02419285,1541.77,0.964284713,0.009,0.991,NA,0.079100238,0.062337079,0.074875713,0.034485506,0.865620111,0.03407231,0.827570813
Study1_recovery,MFAC,moderate_g2_q1,59,1000,0,0,2,1,TRUE,1,154,-3562.15242,7222.30484,7462.784849,7434.208051,0.030259632,944.27,0.944727762,0.014,0.986,NA,0.064835315,0.052071263,0.70828649,NA,NA,NA,NA
Study1_recovery,MCNFAC,moderate_g2_q1,59,1000,0,0,2,1,TRUE,1,242,-3286.69447,6679.38894,6939.49997,6908.590372,0.02979451,1495.62,0.940840019,0.015,0.985,NA,0.05886437,0.041630328,0.029075425,0.02105729,0.900909383,0.021037261,0.900830801
Study1_recovery,MFAC,moderate_g2_q1,60,1000,0,0,2,1,TRUE,1,150,-3633.675352,7365.350703,7605.830712,7577.253914,0.024977328,906.98,0.93695629,0.016,0.984,NA,0.107876332,0.07954921,0.896225673,NA,NA,NA,NA
Study1_recovery,MCNFAC,moderate_g2_q1,60,1000,0,0,2,1,TRUE,1,246,-3287.849914,6681.699829,6941.810859,6910.901261,0.022352844,1517.12,0.936957087,0.016,0.984,NA,0.075993923,0.057738777,0.139046556,0.028326162,0.083788207,0.024348976,0.065919018
Study1_recovery,MFAC,moderate_g2_q1,61,1000,0,0,2,1,TRUE,1,149,-3658.432181,7414.864363,7655.344371,7626.767573,0.03055889,897.78,0.944709571,0.014,0.986,NA,0.091390955,0.070341608,0.737716631,NA,NA,NA,NA
Study1_recovery,MCNFAC,moderate_g2_q1,61,1000,0,0,2,1,TRUE,1,229,-3284.501206,6675.002411,6935.113441,6904.203843,0.029548746,1415.79,0.940824505,0.015,0.985,NA,0.073758008,0.047972669,0.018637366,0.014036667,0.716879327,0.011632036,0.658824311
Study1_recovery,MFAC,moderate_g2_q1,62,1000,0,0,2,1,TRUE,1,151,-3546.23139,7190.46278,7430.942788,7402.36599,0.032021388,882.82,0.92536544,0.019,0.981,NA,0.066865492,0.05203819,0.861922731,NA,NA,NA,NA
Study1_recovery,MCNFAC,moderate_g2_q1,62,1000,0,0,2,1,TRUE,1,231,-3215.761971,6537.523941,6797.634971,6766.725373,0.031103178,1423.86,0.917678487,0.021,0.979,NA,0.045904682,0.035905493,0.075339118,0.002952087,0.675406634,0.002870095,0.661818692
Study1_recovery,MFAC,moderate_g2_q1,63,1000,0,0,2,1,TRUE,1,239,-3647.931674,7393.863347,7634.343356,7605.766558,0.041316848,1415.88,0.921520207,0.02,0.98,NA,0.044282021,0.029462715,0.794160816,NA,NA,NA,NA
Study1_recovery,MCNFAC,moderate_g2_q1,63,1000,0,0,2,1,TRUE,1,256,-3279.737473,6665.474945,6925.585975,6894.676377,0.039072402,1550.35,0.948624248,0.013,0.987,NA,0.050055057,0.039358649,0.062668506,0.021952274,0.447886889,0.016995538,0.404949664
Study1_recovery,MFAC,moderate_g2_q1,64,1000,0,0,2,1,TRUE,1,173,-3435.275464,6968.550928,7209.030936,7180.454138,0.031608346,1024,0.948623999,0.013,0.987,NA,0.113342354,0.078617668,0.621487971,NA,NA,NA,NA
Study1_recovery,MCNFAC,moderate_g2_q1,64,1000,0,0,2,1,TRUE,1,233,-3170.648802,6447.297604,6707.408633,6676.499036,0.030551135,1437.37,0.948624256,0.013,0.987,NA,0.078984617,0.063709427,0.042149061,0.003926183,1.042032087,0.003182183,0.8145727
Study1_recovery,MFAC,moderate_g2_q1,65,1000,0,0,2,1,TRUE,1,159,-3693.190249,7484.380498,7724.860506,7696.283708,0.024079662,943.78,0.952526996,0.012,0.988,NA,0.067229173,0.052905657,0.732050023,NA,NA,NA,NA
Study1_recovery,MCNFAC,moderate_g2_q1,65,1000,0,0,2,1,TRUE,1,215,-3321.418131,6748.836263,7008.947292,6978.037695,0.021096931,1322.94,0.968223199,0.008,0.992,NA,0.061775706,0.042087124,0.072285617,0.014243369,0.647726223,0.013094037,0.57288432
Study1_recovery,MFAC,moderate_g2_q1,66,1000,0,0,2,1,TRUE,1,147,-3613.441683,7324.883366,7565.363374,7536.786576,0.03406589,872.36,0.964266053,0.009,0.991,NA,0.085135748,0.057134618,0.796004667,NA,NA,NA,NA
Study1_recovery,MCNFAC,moderate_g2_q1,66,1000,0,0,2,1,TRUE,1,216,-3294.155069,6694.310137,6954.421167,6923.511569,0.032691471,1328.78,0.956414713,0.011,0.989,NA,0.076243074,0.052735261,0.080317097,0.013383417,0.311843046,0.012638759,0.288670129
Study1_recovery,MFAC,moderate_g2_q1,67,1000,0,0,2,1,TRUE,1,142,-3713.688155,7525.37631,7765.856319,7737.279521,0.02457483,809.12,0.956437068,0.011,0.989,NA,0.128774457,0.096890556,0.907670048,NA,NA,NA,NA
Study1_recovery,MCNFAC,moderate_g2_q1,67,1000,0,0,2,1,TRUE,1,232,-3362.570882,6831.141765,7091.252794,7060.343197,0.023236331,1427.67,0.968221878,0.008,0.992,NA,0.10511544,0.073573911,0.066395264,0.01083016,0.268900663,0.008446791,0.248164375
Study1_recovery,MFAC,moderate_g2_q1,68,1000,0,0,2,1,TRUE,1,153,-3633.390543,7364.781087,7605.261095,7576.684298,0.03115515,867.97,0.948619882,0.013,0.987,NA,0.114387858,0.092160818,0.89445227,NA,NA,NA,NA
Study1_recovery,MCNFAC,moderate_g2_q1,68,1000,0,0,2,1,TRUE,1,214,-3317.790422,6741.580844,7001.691874,6970.782276,0.026620592,1314.81,0.944724633,0.014,0.986,NA,0.073820505,0.053433137,0.039108476,0.024299933,0.123542961,0.021796201,0.114709928
Study1_recovery,MFAC,moderate_g2_q1,69,1000,0,0,2,1,TRUE,1,248,-3707.062723,7512.125446,7752.605455,7724.028657,0.029709877,1422.34,0.956429762,0.011,0.989,NA,0.092384235,0.061313558,1.020319054,NA,NA,NA,NA
Study1_recovery,MCNFAC,moderate_g2_q1,69,1000,0,0,2,1,TRUE,1,284,-3360.303447,6826.606895,7086.717924,7055.808327,0.027845397,1737.87,0.933073761,0.017,0.983,NA,0.054792868,0.038723617,0.058147833,0.007636671,0.241060244,0.007630081,0.213938981
Study1_recovery,MFAC,moderate_g2_q1,70,1000,0,0,2,1,TRUE,1,151,-3555.450623,7208.901246,7449.381255,7420.804457,0.031680044,860.31,0.925337598,0.019,0.981,NA,0.059749045,0.042409869,0.612840632,NA,NA,NA,NA
Study1_recovery,MCNFAC,moderate_g2_q1,70,1000,0,0,2,1,TRUE,1,233,-3240.819193,6587.638385,6847.749415,6816.839817,0.030494632,1428.33,0.940817084,0.015,0.985,NA,0.050167656,0.037708035,0.05001991,0.028284855,0.372646744,0.02630437,0.289007001
Study1_recovery,MFAC,moderate_g2_q1,71,1000,0,0,2,1,TRUE,1,170,-3650.219427,7398.438854,7638.918863,7610.342065,0.037560821,975.7,0.944713818,0.014,0.986,NA,0.080903381,0.065420738,0.809579756,NA,NA,NA,NA
Study1_recovery,MCNFAC,moderate_g2_q1,71,1000,0,0,2,1,TRUE,1,278,-3256.409264,6618.818528,6878.929557,6848.01996,0.036173147,1708.35,0.936948855,0.016,0.984,NA,0.079704701,0.060491405,0.066486269,0.031654409,1.406261996,0.02947801,1.363085416
Study1_recovery,MFAC,moderate_g2_q1,72,1000,0,0,2,1,TRUE,1,198,-3657.154224,7412.308447,7652.788456,7624.211658,0.028794214,1137.6,0.944726928,0.014,0.986,NA,0.100003888,0.079948253,0.903525442,NA,NA,NA,NA
Study1_recovery,MCNFAC,moderate_g2_q1,72,1000,0,0,2,1,TRUE,1,256,-3322.558084,6751.116169,7011.227198,6980.317601,0.027265659,1567.79,0.952527144,0.012,0.988,NA,0.089771981,0.070816226,0.103890123,0.019121427,0.25009406,0.015733595,0.240241767
Study1_recovery,MFAC,moderate_g2_q1,73,1000,0,0,2,1,TRUE,1,151,-3615.759685,7329.519369,7569.999378,7541.42258,0.032860704,858.3,0.940833823,0.015,0.985,NA,0.082336293,0.064152035,0.630282547,NA,NA,NA,NA
Study1_recovery,MCNFAC,moderate_g2_q1,73,1000,0,0,2,1,TRUE,1,209,-3310.003159,6726.006319,6986.117349,6955.207751,0.032835298,1283.02,0.944722931,0.014,0.986,NA,0.04511428,0.03539333,0.043886461,0.029576099,0.379271259,0.028177611,0.362143229
Study1_recovery,MFAC,moderate_g2_q1,74,1000,0,0,2,1,TRUE,1,165,-3655.300667,7408.601334,7649.081343,7620.504545,0.035032256,947.83,0.921520768,0.02,0.98,NA,0.102016537,0.057117287,0.784365931,NA,NA,NA,NA
Study1_recovery,MCNFAC,moderate_g2_q1,74,1000,0,0,2,1,TRUE,1,239,-3303.363418,6712.726836,6972.837866,6941.928268,0.032102349,1463.23,0.940840566,0.015,0.985,NA,0.045017306,0.03606431,0.044797184,0.020455962,0.259255175,0.02028921,0.253975901
Study1_recovery,MFAC,moderate_g2_q1,75,1000,0,0,2,1,TRUE,1,159,-3664.233929,7426.467859,7666.947867,7638.371069,0.030625726,905.36,0.936951188,0.016,0.984,NA,0.132923232,0.100684312,0.887029152,NA,NA,NA,NA
Study1_recovery,MCNFAC,moderate_g2_q1,75,1000,0,0,2,1,TRUE,1,235,-3349.04891,6804.09782,7064.208849,7033.299252,0.028627156,1439.69,0.956434847,0.011,0.989,NA,0.091651988,0.070204734,0.039742687,0.008676065,0.564874671,0.008661413,0.537389254
Study1_recovery,MFAC,moderate_g2_q1,76,1000,0,0,2,1,TRUE,1,232,-3498.086132,7094.172263,7334.652272,7306.075474,0.031584965,1335.14,0.948623666,0.013,0.987,NA,0.115026433,0.063405574,0.703353998,NA,NA,NA,NA
Study1_recovery,MCNFAC,moderate_g2_q1,76,1000,0,0,2,1,TRUE,1,236,-3182.165616,6470.331233,6730.442263,6699.532665,0.029919411,1445.63,0.968223668,0.008,0.992,NA,0.063814528,0.040133415,0.03339886,0.027628655,0.054073513,0.019727123,0.043533776
Study1_recovery,MFAC,moderate_g2_q1,77,1000,0,0,2,1,TRUE,1,265,-3623.252618,7344.505237,7584.985246,7556.408448,0.025701993,1510.69,0.964284382,0.009,0.991,NA,0.053283576,0.040514585,1.011810835,NA,NA,NA,NA
Study1_recovery,MCNFAC,moderate_g2_q1,77,1000,0,0,2,1,TRUE,1,339,-3294.019306,6694.038613,6954.149643,6923.240045,0.021991014,2074.31,0.968220891,0.008,0.992,NA,0.054497189,0.039182071,0.115808811,0.015440898,0.474426255,0.011705123,0.445856866
Study1_recovery,MFAC,moderate_g2_q1,78,1000,0,0,2,1,TRUE,1,182,-3631.339841,7360.679682,7601.15969,7572.582893,0.038077455,1037.14,0.929223161,0.018,0.982,NA,0.067133284,0.055994885,0.942705676,NA,NA,NA,NA
Study1_recovery,MCNFAC,moderate_g2_q1,78,1000,0,0,2,1,TRUE,1,258,-3286.198061,6678.396123,6938.507152,6907.597555,0.035078229,1582.9,0.940839401,0.015,0.985,NA,0.050422924,0.040490891,0.051305117,0.003501335,0.111920139,0.002733543,0.093945624
Study1_recovery,MFAC,moderate_g2_q1,79,1000,0,0,2,1,TRUE,1,289,-3557.189737,7212.379474,7452.859483,7424.282685,0.02556721,1648.08,0.97215566,0.007,0.993,NA,0.085370126,0.061488434,0.920340022,NA,NA,NA,NA
Study1_recovery,MCNFAC,moderate_g2_q1,79,1000,0,0,2,1,TRUE,1,242,-3201.158836,6508.317673,6768.428703,6737.519105,0.022895642,1484.81,0.968211083,0.008,0.992,NA,0.063708037,0.046791085,0.06387754,0.021927799,0.81956266,0.016637399,0.801848153
Study1_recovery,MFAC,moderate_g2_q1,80,1000,0,0,2,1,TRUE,1,152,-3702.73253,7503.465059,7743.945068,7715.36827,0.039497293,863.4,0.936951159,0.016,0.984,NA,0.121589342,0.08437371,0.761891632,NA,NA,NA,NA
Study1_recovery,MCNFAC,moderate_g2_q1,80,1000,0,0,2,1,TRUE,1,250,-3342.270371,6790.540742,7050.651772,7019.742174,0.037530339,1533.07,0.933079818,0.017,0.983,NA,0.113993448,0.072924532,0.06919906,0.027066597,0.466070278,0.022965868,0.439073965
Study1_recovery,MFAC,moderate_g2_q1,1,1000,0.1,0.1,2,1,TRUE,1,189,-3519.548688,7137.097376,7377.577385,7349.000587,0.034723147,1825.74,0.929223984,0.018,0.982,NA,0.110609919,0.078599851,0.675415952,NA,NA,NA,NA
Study1_recovery,MCNFAC,moderate_g2_q1,1,1000,0.1,0.1,2,1,TRUE,1,240,-3173.819438,6453.638877,6713.749907,6682.840309,0.034616486,2298.33,0.933088426,0.017,0.983,NA,0.107873976,0.080610437,0.05108442,0.011833507,0.796153822,0.011525378,0.794748347
Study1_recovery,MFAC,moderate_g2_q1,2,1000,0.1,0.1,2,1,TRUE,1,102,-3440.778212,6979.556423,7220.036432,7191.459634,0.02767769,991.55,0.936946988,0.016,0.984,NA,0.090912354,0.066767969,0.712251061,NA,NA,NA,NA
Study1_recovery,MCNFAC,moderate_g2_q1,2,1000,0.1,0.1,2,1,TRUE,1,204,-3194.672918,6495.345836,6755.456866,6724.547268,0.026167772,2042.38,0.956429799,0.011,0.989,NA,0.085162695,0.065002451,0.073745872,0.01853383,0.999424391,0.016925503,0.912350021
Study1_recovery,MFAC,moderate_g2_q1,3,1000,0.1,0.1,2,1,TRUE,1,124,-3437.466193,6972.932385,7213.412394,7184.835596,0.030443553,1203.87,0.940832023,0.015,0.985,NA,0.064641932,0.040675853,0.742858049,NA,NA,NA,NA
Study1_recovery,MCNFAC,moderate_g2_q1,3,1000,0.1,0.1,2,1,TRUE,1,219,-3140.367787,6386.735575,6646.846605,6615.937007,0.03045171,2196.34,0.944721353,0.014,0.986,NA,0.039757953,0.031841534,0.024141963,0.018401411,0.543348829,0.01700735,0.542890057
Study1_recovery,MFAC,moderate_g2_q1,4,1000,0.1,0.1,2,1,TRUE,1,189,-3477.745064,7053.490128,7293.970137,7265.393339,0.027105481,1856.63,0.96035815,0.01,0.99,NA,0.128535997,0.083676738,0.675308244,NA,NA,NA,NA
Study1_recovery,MCNFAC,moderate_g2_q1,4,1000,0.1,0.1,2,1,TRUE,1,244,-3188.820651,6483.641301,6743.752331,6712.842733,0.025028508,2154.39,0.960358579,0.01,0.99,NA,0.084603169,0.05843943,0.070710344,0.008518945,0.50234585,0.007646799,0.40369357
Study1_recovery,MFAC,moderate_g2_q1,5,1000,0.1,0.1,2,1,TRUE,1,167,-3439.67636,6977.352721,7217.83273,7189.255932,0.034116248,1646.89,0.933089022,0.017,0.983,NA,0.110095772,0.07988199,0.550152431,NA,NA,NA,NA
Study1_recovery,MCNFAC,moderate_g2_q1,5,1000,0.1,0.1,2,1,TRUE,1,268,-3172.291239,6450.582478,6710.693508,6679.78391,0.033265681,2472.5,0.936960937,0.016,0.984,NA,0.089505025,0.064313605,0.060148327,0.021327047,0.399076528,0.020872333,0.397518499
Study1_recovery,MFAC,moderate_g2_q1,6,1000,0.1,0.1,2,1,TRUE,1,122,-3503.789023,7105.578045,7346.058054,7317.481256,0.030109673,1217.47,0.94470468,0.014,0.986,NA,0.101235934,0.062608717,0.746018098,NA,NA,NA,NA
Study1_recovery,MCNFAC,moderate_g2_q1,6,1000,0.1,0.1,2,1,TRUE,1,266,-3203.1235,6512.246999,6772.358029,6741.448431,0.028947774,2588.24,0.960344911,0.01,0.99,NA,0.060176671,0.0434195,0.030988406,0.036634367,0.667311383,0.031045487,0.599900872
Study1_recovery,MFAC,moderate_g2_q1,7,1000,0.1,0.1,2,1,TRUE,1,136,-3381.700454,6861.400908,7101.880917,7073.304119,0.025407275,1333.23,0.944728709,0.014,0.986,NA,0.146043267,0.105780913,0.73469817,NA,NA,NA,NA
Study1_recovery,MCNFAC,moderate_g2_q1,7,1000,0.1,0.1,2,1,TRUE,1,196,-3179.355884,6464.711768,6724.822798,6693.9132,0.024885783,1779.21,0.960360353,0.01,0.99,NA,0.096993925,0.064766474,0.128311264,0.03859481,0.949795988,0.034357498,0.682310782
Study1_recovery,MFAC,moderate_g2_q1,8,1000,0.1,0.1,2,1,TRUE,1,153,-3424.701217,6947.402433,7187.882442,7159.305644,0.028950734,1502.19,0.968215633,0.008,0.992,NA,0.095361626,0.069144091,0.926521642,NA,NA,NA,NA
Study1_recovery,MCNFAC,moderate_g2_q1,8,1000,0.1,0.1,2,1,TRUE,1,226,-3144.346807,6394.693613,6654.804643,6623.895045,0.027000607,1729.86,0.96035098,0.01,0.99,NA,0.078161441,0.063066989,0.031573502,0.017774849,0.876740272,0.015410287,0.795240066
Study1_recovery,MFAC,moderate_g2_q1,9,1000,0.1,0.1,2,1,TRUE,1,120,-3469.677514,7037.355027,7277.835036,7249.258238,0.028791626,1135.82,0.925366571,0.019,0.981,NA,0.079972643,0.067936502,0.665897788,NA,NA,NA,NA
Study1_recovery,MCNFAC,moderate_g2_q1,9,1000,0.1,0.1,2,1,TRUE,1,223,-3226.851243,6559.702485,6819.813515,6788.903917,0.027759668,2079.39,0.94083922,0.015,0.985,NA,0.064241849,0.049117995,0.057471635,0.020318148,0.403577401,0.01449602,0.402795939
Study1_recovery,MFAC,moderate_g2_q1,10,1000,0.1,0.1,2,1,TRUE,1,134,-3402.104594,6902.209188,7142.689197,7114.112399,0.027532881,1346.47,0.936957781,0.016,0.984,NA,0.076246428,0.053195764,0.672335095,NA,NA,NA,NA
Study1_recovery,MCNFAC,moderate_g2_q1,10,1000,0.1,0.1,2,1,TRUE,1,216,-3217.335353,6540.670706,6800.781735,6769.872138,0.026642396,2014.97,0.948621896,0.013,0.987,NA,0.07874772,0.058088862,0.080060372,0.032972419,1.612359058,0.032934542,1.593401797
Study1_recovery,MFAC,moderate_g2_q1,11,1000,0.1,0.1,2,1,TRUE,1,115,-3657.078207,7412.156414,7652.636423,7624.059625,0.032316829,1048.77,0.952524713,0.012,0.988,NA,0.103369177,0.078444312,0.810795989,NA,NA,NA,NA
Study1_recovery,MCNFAC,moderate_g2_q1,11,1000,0.1,0.1,2,1,TRUE,1,205,-3338.107662,6782.215324,7042.326354,7011.416756,0.032736296,1892.9,0.96035815,0.01,0.99,NA,0.068590355,0.05567117,0.027850741,0.013231301,1.249069987,0.011649559,0.894092245
Study1_recovery,MFAC,moderate_g2_q1,12,1000,0.1,0.1,2,1,TRUE,1,124,-3385.523224,6869.046449,7109.526457,7080.949659,0.027842725,1183.75,0.960359913,0.01,0.99,NA,0.068020142,0.048625152,0.751257813,NA,NA,NA,NA
Study1_recovery,MCNFAC,moderate_g2_q1,12,1000,0.1,0.1,2,1,TRUE,1,227,-3131.734904,6369.469809,6629.580839,6598.671241,0.026106698,2111.58,0.952528223,0.012,0.988,NA,0.053317479,0.036402037,0.033292761,0.009709772,0.399145987,0.008030923,0.396562995
Study1_recovery,MFAC,moderate_g2_q1,13,1000,0.1,0.1,2,1,TRUE,1,146,-3394.913963,6887.827926,7128.307934,7099.731136,0.03167371,1593.99,0.921492751,0.02,0.98,NA,0.094138653,0.061665615,0.684391687,NA,NA,NA,NA
Study1_recovery,MCNFAC,moderate_g2_q1,13,1000,0.1,0.1,2,1,TRUE,1,246,-3169.358914,6444.717828,6704.828858,6673.91926,0.03390462,2335.17,0.925345754,0.019,0.981,NA,0.049452142,0.036338278,0.04229168,0.03597233,0.909805253,0.035583263,0.827566972
Study1_recovery,MFAC,moderate_g2_q1,14,1000,0.1,0.1,2,1,TRUE,1,97,-3595.861673,7289.723346,7530.203355,7501.626557,0.033178738,849.9,0.9330829,0.017,0.983,NA,0.084064796,0.057829439,0.680912736,NA,NA,NA,NA
Study1_recovery,MCNFAC,moderate_g2_q1,14,1000,0.1,0.1,2,1,TRUE,1,173,-3264.839007,6635.678014,6895.789044,6864.879446,0.029778323,1767.78,0.933083426,0.017,0.983,NA,0.076907045,0.052977422,0.078994163,0.024844295,1.265748002,0.024714701,0.930421294
Study1_recovery,MFAC,moderate_g2_q1,15,1000,0.1,0.1,2,1,TRUE,1,216,-3577.343684,7252.687369,7493.167377,7464.590579,0.029949624,2743.71,0.933083665,0.017,0.983,NA,0.072693365,0.053195817,1.104061396,NA,NA,NA,NA
Study1_recovery,MCNFAC,moderate_g2_q1,15,1000,0.1,0.1,2,1,TRUE,1,253,-3283.693509,6673.387019,6933.498048,6902.588451,0.029667491,2285.72,0.948621637,0.013,0.987,NA,0.061142038,0.044092362,0.106217014,0.023825245,1.030395271,0.021365429,1.028521068
Study1_recovery,MFAC,moderate_g2_q1,16,1000,0.1,0.1,2,1,TRUE,1,132,-3555.629191,7209.258382,7449.738391,7421.161593,0.031164696,1327.4,0.940822121,0.015,0.985,NA,0.0918199,0.06897642,0.80221845,NA,NA,NA,NA
Study1_recovery,MCNFAC,moderate_g2_q1,16,1000,0.1,0.1,2,1,TRUE,1,189,-3269.909899,6645.819797,6905.930827,6875.021229,0.030953912,1775.88,0.933073926,0.017,0.983,NA,0.083747953,0.063489608,0.056472959,0.02387583,0.577467771,0.021897556,0.44689131
Study1_recovery,MFAC,moderate_g2_q1,17,1000,0.1,0.1,2,1,TRUE,1,142,-3478.141428,7054.282857,7294.762865,7266.186067,0.025032259,1495.05,0.952526134,0.012,0.988,NA,0.061998463,0.051397192,0.875261581,NA,NA,NA,NA
Study1_recovery,MCNFAC,moderate_g2_q1,17,1000,0.1,0.1,2,1,TRUE,1,236,-3230.876791,6567.753583,6827.864613,6796.955015,0.025640475,2200.19,0.952526796,0.012,0.988,NA,0.074200292,0.052839426,0.177605258,0.022825766,0.34332361,0.022527378,0.320364581
Study1_recovery,MFAC,moderate_g2_q1,18,1000,0.1,0.1,2,1,TRUE,1,192,-3388.142588,6874.285177,7114.765185,7086.188387,0.027205901,2267.15,0.976113239,0.006,0.994,NA,0.108795343,0.068898935,0.600142523,NA,NA,NA,NA
Study1_recovery,MCNFAC,moderate_g2_q1,18,1000,0.1,0.1,2,1,TRUE,1,252,-3160.721574,6427.443149,6687.554178,6656.644581,0.024612552,2276.83,0.968215638,0.008,0.992,NA,0.102215925,0.066008473,0.099235675,0.036390218,1.109184479,0.035983699,1.105261773
Study1_recovery,MFAC,moderate_g2_q1,19,1000,0.1,0.1,2,1,TRUE,1,85,-3466.581587,7031.163175,7271.643183,7243.066385,0.028299029,740.27,0.936943927,0.016,0.984,NA,0.101685899,0.082861784,0.680778736,NA,NA,NA,NA
Study1_recovery,MCNFAC,moderate_g2_q1,19,1000,0.1,0.1,2,1,TRUE,1,181,-3184.70723,6475.414459,6735.525489,6704.615891,0.02734944,2171.59,0.925351137,0.019,0.981,NA,0.098253352,0.07162089,0.128303522,0.025990173,0.777938825,0.024523684,0.676209563
Study1_recovery,MFAC,moderate_g2_q1,20,1000,0.1,0.1,2,1,TRUE,1,158,-3460.03543,7018.070861,7258.55087,7229.974072,0.039871337,1338.56,0.933085888,0.017,0.983,NA,0.100651424,0.075779141,0.911037863,NA,NA,NA,NA
Study1_recovery,MCNFAC,moderate_g2_q1,20,1000,0.1,0.1,2,1,TRUE,1,255,-3173.415394,6452.830787,6712.941817,6682.032219,0.03233121,2531.09,0.936958648,0.016,0.984,NA,0.094402241,0.07667408,0.110758354,0.000564933,0.839769807,0.000560878,0.831563073
Study1_recovery,MFAC,moderate_g2_q1,21,1000,0.1,0.1,2,1,TRUE,1,146,-3321.327224,6740.654447,6981.134456,6952.557658,0.027693459,1246.97,0.944725681,0.014,0.986,NA,0.074991773,0.056932164,0.627553214,NA,NA,NA,NA
Study1_recovery,MCNFAC,moderate_g2_q1,21,1000,0.1,0.1,2,1,TRUE,1,233,-3069.5933,6245.186599,6505.297629,6474.388031,0.025814625,2315.89,0.956438147,0.011,0.989,NA,0.053294644,0.041571301,0.046430596,0.030621935,0.544065245,0.03040885,0.543640233
Study1_recovery,MFAC,moderate_g2_q1,22,1000,0.1,0.1,2,1,TRUE,1,94,-3412.269078,6922.538156,7163.018164,7134.441366,0.040617972,899.3,0.925354633,0.019,0.981,NA,0.123672209,0.090608194,0.644110561,NA,NA,NA,NA
Study1_recovery,MCNFAC,moderate_g2_q1,22,1000,0.1,0.1,2,1,TRUE,1,201,-3164.026417,6434.052834,6694.163864,6663.254266,0.039298337,2032.66,0.925355566,0.019,0.981,NA,0.101505068,0.067827348,0.080857882,0.015797915,0.766578944,0.013499231,0.573741113
Study1_recovery,MFAC,moderate_g2_q1,23,1000,0.1,0.1,2,1,TRUE,1,143,-3473.255035,7044.510071,7284.990079,7256.413281,0.023682732,1330.92,0.948581536,0.013,0.987,NA,0.085759382,0.061988395,0.824893336,NA,NA,NA,NA
Study1_recovery,MCNFAC,moderate_g2_q1,23,1000,0.1,0.1,2,1,TRUE,1,195,-3212.193774,6530.387549,6790.498578,6759.588981,0.022803224,1883.49,0.952491473,0.012,0.988,NA,0.058397845,0.038126934,0.08129145,0.041879302,1.294746152,0.035484527,1.005809762
Study1_recovery,MFAC,moderate_g2_q1,24,1000,0.1,0.1,2,1,TRUE,1,189,-3552.293009,7202.586017,7443.066026,7414.489228,0.034617096,1734.01,0.933068044,0.017,0.983,NA,0.1239519,0.07058601,0.831386018,NA,NA,NA,NA
Study1_recovery,MCNFAC,moderate_g2_q1,24,1000,0.1,0.1,2,1,TRUE,1,327,-3267.863529,6641.727058,6901.838088,6870.92849,0.030462428,3129.64,0.948611178,0.013,0.987,NA,0.103311967,0.060941183,0.158370329,0.019106625,1.300028819,0.019007761,1.281423907
Study1_recovery,MFAC,moderate_g2_q1,25,1000,0.1,0.1,2,1,TRUE,1,126,-3562.860073,7223.720146,7464.200155,7435.623357,0.032017436,1175.55,0.936954874,0.016,0.984,NA,0.095278157,0.077018847,0.895836116,NA,NA,NA,NA
Study1_recovery,MCNFAC,moderate_g2_q1,25,1000,0.1,0.1,2,1,TRUE,1,215,-3284.093407,6674.186815,6934.297845,6903.388247,0.031963649,2057.44,0.936956779,0.016,0.984,NA,0.090282732,0.07028552,0.067781646,0.009098505,0.156588571,0.008335995,0.120972985
Study1_recovery,MFAC,moderate_g2_q1,26,1000,0.1,0.1,2,1,TRUE,1,154,-3510.387056,7118.774111,7359.25412,7330.677322,0.02248074,1406.39,0.972167881,0.007,0.993,NA,0.071749373,0.06053062,0.862017997,NA,NA,NA,NA
Study1_recovery,MCNFAC,moderate_g2_q1,26,1000,0.1,0.1,2,1,TRUE,1,214,-3266.228347,6638.456694,6898.567724,6867.658126,0.020553288,1998.69,0.984047919,0.004,0.996,NA,0.042358441,0.034169117,0.121067976,0.038693302,0.637495876,0.037465989,0.636373905
Study1_recovery,MFAC,moderate_g2_q1,27,1000,0.1,0.1,2,1,TRUE,1,194,-3338.912096,6775.824192,7016.304201,6987.727403,0.031192476,1887.62,0.944719536,0.014,0.986,NA,0.084991613,0.064939862,0.729264706,NA,NA,NA,NA
Study1_recovery,MCNFAC,moderate_g2_q1,27,1000,0.1,0.1,2,1,TRUE,1,243,-3079.366472,6264.732944,6524.843974,6493.934376,0.026866941,2346.54,0.956434847,0.011,0.989,NA,0.082423701,0.058640667,0.073521152,0.034552073,0.392157932,0.034358002,0.361636589
Study1_recovery,MFAC,moderate_g2_q1,28,1000,0.1,0.1,2,1,TRUE,1,241,-3440.611663,6979.223327,7219.703335,7191.126537,0.034508163,2337.35,0.948623814,0.013,0.987,NA,0.085669812,0.063877964,0.847995564,NA,NA,NA,NA
Study1_recovery,MCNFAC,moderate_g2_q1,28,1000,0.1,0.1,2,1,TRUE,1,252,-3147.650528,6401.301057,6661.412086,6630.502489,0.031799345,1770.33,0.972167923,0.007,0.993,NA,0.063136679,0.040880582,0.096991742,0.02502628,0.982940606,0.024785006,0.901242095
Study1_recovery,MFAC,moderate_g2_q1,29,1000,0.1,0.1,2,1,TRUE,1,250,-3330.632464,6759.264927,6999.744936,6971.168138,0.031447713,2368.8,0.936954398,0.016,0.984,NA,0.098623924,0.074839558,0.693350463,NA,NA,NA,NA
Study1_recovery,MCNFAC,moderate_g2_q1,29,1000,0.1,0.1,2,1,TRUE,1,353,-3114.073848,6334.147695,6594.258725,6563.349127,0.028897962,2064.38,0.948619882,0.013,0.987,NA,0.089421836,0.063640756,0.093365893,0.051654292,1.305968876,0.044616974,1.079775046
Study1_recovery,MFAC,moderate_g2_q1,30,1000,0.1,0.1,2,1,TRUE,1,130,-3463.054409,7024.108818,7264.588827,7236.012029,0.031949926,1218.67,0.940840809,0.015,0.985,NA,0.119893391,0.080735296,0.72372147,NA,NA,NA,NA
Study1_recovery,MCNFAC,moderate_g2_q1,30,1000,0.1,0.1,2,1,TRUE,1,204,-3187.093466,6480.186932,6740.297962,6709.388364,0.028986992,1845.91,0.948624597,0.013,0.987,NA,0.098941814,0.07458732,0.093193262,0.01323801,0.194679348,0.011388321,0.161346891
Study1_recovery,MFAC,moderate_g2_q1,31,1000,0.1,0.1,2,1,TRUE,1,130,-3427.261802,6952.523604,7193.003613,7164.426815,0.031824952,1472.79,0.929203555,0.018,0.982,,0.124035144,0.09724877,0.635922778,NA,NA,NA,NA
Study1_recovery,MCNFAC,moderate_g2_q1,31,1000,0.1,0.1,2,1,TRUE,1,196,-3144.872273,6395.744547,6655.855577,6624.945979,0.032250939,2266.44,0.93306658,0.017,0.983,,0.105129723,0.079364548,0.031345592,0.015405037,0.252157872,0.013659566,0.194069362
Study1_recovery,MFAC,moderate_g2_q1,32,1000,0.1,0.1,2,1,TRUE,1,134,-3571.432606,7240.865212,7481.34522,7452.768422,0.036240594,1521.45,0.913826609,0.022,0.978,,0.08636722,0.06496387,0.923750663,NA,NA,NA,NA
Study1_recovery,MCNFAC,moderate_g2_q1,32,1000,0.1,0.1,2,1,TRUE,1,215,-3301.324667,6708.649334,6968.760363,6937.850766,0.032424394,2533.89,0.933075756,0.017,0.983,,0.073792197,0.058612485,0.052342772,0.055883282,0.496700499,0.040682665,0.487482957
Study1_recovery,MFAC,moderate_g2_q1,33,1000,0.1,0.1,2,1,TRUE,1,176,-3496.29936,7090.598721,7331.078729,7302.501931,0.031382205,1961.57,0.936956285,0.016,0.984,,0.076759905,0.062003771,0.97402029,NA,NA,NA,NA
Study1_recovery,MCNFAC,moderate_g2_q1,33,1000,0.1,0.1,2,1,TRUE,1,227,-3221.714428,6549.428855,6809.539885,6778.630287,0.026847479,3504.39,0.960358174,0.01,0.99,,0.075059968,0.056726134,0.044417296,0.031233045,0.745244144,0.031156966,0.731177875
Study1_recovery,MFAC,moderate_g2_q1,34,1000,0.1,0.1,2,1,TRUE,1,223,-3374.571915,6847.143829,7087.623838,7059.04704,0.043037778,2496.18,0.929215842,0.018,0.982,,0.093078288,0.072296472,0.633146578,NA,NA,NA,NA
Study1_recovery,MCNFAC,moderate_g2_q1,34,1000,0.1,0.1,2,1,TRUE,1,243,-3148.014434,6402.028868,6662.139898,6631.2303,0.040884732,2504.97,0.933082912,0.017,0.983,,0.067316019,0.05408367,0.045625988,0.031424901,0.693274672,0.030055565,0.644617446
Study1_recovery,MFAC,moderate_g2_q1,35,1000,0.1,0.1,2,1,TRUE,1,128,-3483.464022,7064.928043,7305.408052,7276.831254,0.032203055,1454.67,0.921509319,0.02,0.98,,0.088825442,0.064334702,0.75862897,NA,NA,NA,NA
Study1_recovery,MCNFAC,moderate_g2_q1,35,1000,0.1,0.1,2,1,TRUE,1,216,-3215.271919,6536.543837,6796.654867,6765.745269,0.031013761,2526.62,0.917669355,0.021,0.979,,0.078160249,0.060633058,0.106481866,0.012640479,1.024590738,0.012589409,1.022836547
Study1_recovery,MFAC,moderate_g2_q1,36,1000,0.1,0.1,2,1,TRUE,1,119,-3514.679318,7127.358637,7367.838646,7339.261848,0.031636011,1332.64,0.948624527,0.013,0.987,,0.087292614,0.059988952,0.724070413,NA,NA,NA,NA
Study1_recovery,MCNFAC,moderate_g2_q1,36,1000,0.1,0.1,2,1,TRUE,1,196,-3184.266002,6474.532003,6734.643033,6703.733435,0.028102632,2188.56,0.940840728,0.015,0.985,,0.07743245,0.054736945,0.071156179,0.027371911,0.938445473,0.023570818,0.873715305
Study1_recovery,MFAC,moderate_g2_q1,37,1000,0.1,0.1,2,1,TRUE,1,120,-3589.234216,7276.468432,7516.948441,7488.371643,0.040035735,1345.14,0.921521531,0.02,0.98,,0.117293361,0.085127662,0.776232408,NA,NA,NA,NA
Study1_recovery,MCNFAC,moderate_g2_q1,37,1000,0.1,0.1,2,1,TRUE,1,198,-3292.827177,6691.654354,6951.765384,6920.855786,0.037253375,2212.11,0.952528494,0.012,0.988,,0.067604091,0.052195915,0.029194617,0.012314676,0.062733269,0.01214967,0.062308861
Study1_recovery,MFAC,moderate_g2_q1,38,1000,0.1,0.1,2,1,TRUE,1,124,-3463.737572,7025.475144,7265.955153,7237.378355,0.026574872,1373.08,0.940840773,0.015,0.985,,0.074449243,0.052376281,0.756309925,NA,NA,NA,NA
Study1_recovery,MCNFAC,moderate_g2_q1,38,1000,0.1,0.1,2,1,TRUE,1,188,-3180.988047,6467.976093,6728.087123,6697.177525,0.023723246,2071.82,0.964288272,0.009,0.991,,0.075089601,0.050008034,0.084188095,0.034501591,1.106109317,0.029299515,1.012991383
Study1_recovery,MFAC,moderate_g2_q1,39,1000,0.1,0.1,2,1,TRUE,1,143,-3280.117071,6658.234142,6898.714151,6870.137353,0.024739333,1597.94,0.956438127,0.011,0.989,,0.091525304,0.053578722,0.732517304,NA,NA,NA,NA
Study1_recovery,MCNFAC,moderate_g2_q1,39,1000,0.1,0.1,2,1,TRUE,1,227,-3087.179636,6280.359273,6540.470303,6509.560705,0.026673008,3597.19,0.944726214,0.014,0.986,,0.1068767,0.071219077,0.071010704,0.026480124,1.258556297,0.024866491,1.080508277
Study1_recovery,MFAC,moderate_g2_q1,40,1000,0.1,0.1,2,1,TRUE,1,137,-3429.895936,6957.791873,7198.271881,7169.695083,0.033678412,1552,0.948624094,0.013,0.987,,0.070989436,0.0546774,0.680219383,NA,NA,NA,NA
Study1_recovery,MCNFAC,moderate_g2_q1,40,1000,0.1,0.1,2,1,TRUE,1,204,-3183.186027,6472.372054,6732.483084,6701.573486,0.030916616,2433.03,0.960360039,0.01,0.99,,0.066788419,0.047056932,0.085011888,0.021928497,0.312313557,0.020886781,0.29580515
Study1_recovery,MFAC,moderate_g2_q1,41,1000,0.1,0.1,2,1,TRUE,1,227,-3419.590172,6937.180344,7177.660353,7149.083555,0.024502694,2496.6,0.956434395,0.011,0.989,,0.062142305,0.043091116,0.705327937,NA,NA,NA,NA
Study1_recovery,MCNFAC,moderate_g2_q1,41,1000,0.1,0.1,2,1,TRUE,1,230,-3177.595903,6461.191807,6721.302837,6690.393239,0.026109067,2333.2,0.948619036,0.013,0.987,,0.074393582,0.050100831,0.077811881,0.027729596,0.759499376,0.022012584,0.707338538
Study1_recovery,MFAC,moderate_g2_q1,42,1000,0.1,0.1,2,1,TRUE,1,143,-3407.032747,6912.065493,7152.545502,7123.968704,0.039117156,1452.09,0.93695538,0.016,0.984,,0.096425559,0.060258341,0.723392431,NA,NA,NA,NA
Study1_recovery,MCNFAC,moderate_g2_q1,42,1000,0.1,0.1,2,1,TRUE,1,197,-3143.677269,6393.354538,6653.465568,6622.55597,0.036404147,2050.15,0.925364591,0.019,0.981,,0.087041325,0.058383203,0.034660108,0.023161271,0.871796004,0.017603388,0.790272313
Study1_recovery,MFAC,moderate_g2_q1,43,1000,0.1,0.1,2,1,TRUE,1,184,-3418.491182,6934.982364,7175.462373,7146.885575,0.025809897,1858.5,0.956439242,0.011,0.989,,0.081864198,0.061145948,0.697952236,NA,NA,NA,NA
Study1_recovery,MCNFAC,moderate_g2_q1,43,1000,0.1,0.1,2,1,TRUE,1,240,-3168.788292,6443.576583,6703.687613,6672.778015,0.023877678,2524.97,0.944727477,0.014,0.986,,0.065230148,0.049344859,0.091802706,0.005639893,0.606161247,0.005232978,0.531842454
Study1_recovery,MFAC,moderate_g2_q1,44,1000,0.1,0.1,2,1,TRUE,1,133,-3461.034382,7020.068763,7260.548772,7231.971974,0.028026575,1359.96,0.940837024,0.015,0.985,,0.118807889,0.073597664,0.836478662,NA,NA,NA,NA
Study1_recovery,MCNFAC,moderate_g2_q1,44,1000,0.1,0.1,2,1,TRUE,1,252,-3231.405776,6568.811551,6828.922581,6798.012983,0.026274154,2642.86,0.96035815,0.01,0.99,,0.072657558,0.049000285,0.156759105,0.050860926,1.011095211,0.049987274,0.997266733
Study1_recovery,MFAC,moderate_g2_q1,45,1000,0.1,0.1,2,1,TRUE,1,140,-3465.530361,7029.060721,7269.54073,7240.963932,0.031126595,1422.12,0.944721956,0.014,0.986,,0.061965651,0.050794349,0.81980101,NA,NA,NA,NA
Study1_recovery,MCNFAC,moderate_g2_q1,45,1000,0.1,0.1,2,1,TRUE,1,218,-3190.619228,6487.238457,6747.349487,6716.439889,0.028348299,2292.69,0.960356851,0.01,0.99,,0.042570057,0.032197797,0.13389489,0.030734283,0.905452048,0.030170636,0.8732058
Study1_recovery,MFAC,moderate_g2_q1,46,1000,0.1,0.1,2,1,TRUE,1,171,-3423.577986,6945.155972,7185.635981,7157.059183,0.032864589,1686.23,0.917681181,0.021,0.979,,0.093820494,0.062279397,0.850166596,NA,NA,NA,NA
Study1_recovery,MCNFAC,moderate_g2_q1,46,1000,0.1,0.1,2,1,TRUE,1,206,-3132.69225,6371.3845,6631.49553,6600.585932,0.028723556,2148.22,0.940840651,0.015,0.985,,0.061540267,0.043722028,0.038842866,0.021518005,1.634489546,0.021508502,1.630341105
Study1_recovery,MFAC,moderate_g2_q1,47,1000,0.1,0.1,2,1,TRUE,1,127,-3496.374995,7090.74999,7331.229999,7302.653201,0.02954592,1290.3,0.944711909,0.014,0.986,,0.079997059,0.057656109,0.8346704,NA,NA,NA,NA
Study1_recovery,MCNFAC,moderate_g2_q1,47,1000,0.1,0.1,2,1,TRUE,1,187,-3216.91006,6539.82012,6799.93115,6769.021552,0.026944888,1986.19,0.956431116,0.011,0.989,,0.086728621,0.057574588,0.054288203,0.027569413,0.640662427,0.027407808,0.529424187
Study1_recovery,MFAC,moderate_g2_q1,48,1000,0.1,0.1,2,1,TRUE,1,130,-3444.021312,6986.042625,7226.522633,7197.945835,0.028004704,1310,0.960355847,0.01,0.99,,0.083772233,0.065110603,0.738601063,NA,NA,NA,NA
Study1_recovery,MCNFAC,moderate_g2_q1,48,1000,0.1,0.1,2,1,TRUE,1,266,-3226.209249,6558.418497,6818.529527,6787.619929,0.024129935,2803.43,0.972165129,0.007,0.993,,0.074351441,0.060705866,0.114004483,0.050666982,1.257690363,0.041517315,1.226601768
Study1_recovery,MFAC,moderate_g2_q1,49,1000,0.1,0.1,2,1,TRUE,1,122,-3496.032478,7090.064956,7330.544964,7301.968167,0.030686228,1207.56,0.944727762,0.014,0.986,,0.065642576,0.05262828,0.714353315,NA,NA,NA,NA
Study1_recovery,MCNFAC,moderate_g2_q1,49,1000,0.1,0.1,2,1,TRUE,1,222,-3261.066142,6628.132285,6888.243314,6857.333717,0.030013353,2313.84,0.940840019,0.015,0.985,,0.054738064,0.040756863,0.02577187,0.026399189,0.931109443,0.026395085,0.920002548
Study1_recovery,MFAC,moderate_g2_q1,50,1000,0.1,0.1,2,1,TRUE,1,136,-3515.90287,7129.80574,7370.285748,7341.70895,0.025163604,1371.36,0.93695629,0.016,0.984,,0.105388898,0.078022153,0.901340406,NA,NA,NA,NA
Study1_recovery,MCNFAC,moderate_g2_q1,50,1000,0.1,0.1,2,1,TRUE,1,238,-3215.678172,6537.356345,6797.467374,6766.557777,0.023776196,2482.04,0.936957087,0.016,0.984,,0.079465401,0.057554768,0.142149938,0.033018495,0.147560418,0.03066818,0.147490276
Study1_recovery,MFAC,moderate_g2_q1,51,1000,0.1,0.1,2,1,TRUE,1,126,-3529.706931,7157.413862,7397.893871,7369.317073,0.030526255,1272.68,0.952511053,0.012,0.988,,0.092123326,0.069847273,0.747674658,NA,NA,NA,NA
Study1_recovery,MCNFAC,moderate_g2_q1,51,1000,0.1,0.1,2,1,TRUE,1,228,-3194.670883,6495.341766,6755.452795,6724.543198,0.029592059,2379.45,0.940823359,0.015,0.985,,0.074515131,0.049849909,0.030430049,0.021212543,0.965267999,0.015891017,0.946494078
Study1_recovery,MFAC,moderate_g2_q1,52,1000,0.1,0.1,2,1,TRUE,1,154,-3397.614882,6893.229764,7133.709773,7105.132975,0.030623106,1557.83,0.92151795,0.02,0.98,,0.060461628,0.04739217,0.90544712,NA,NA,NA,NA
Study1_recovery,MCNFAC,moderate_g2_q1,52,1000,0.1,0.1,2,1,TRUE,1,216,-3126.735809,6359.471619,6619.582648,6588.673051,0.031449668,2115.69,0.917678487,0.021,0.979,,0.049194332,0.037019047,0.075796984,0.015940059,0.206908154,0.01200503,0.204886196
Study1_recovery,MFAC,moderate_g2_q1,53,1000,0.1,0.1,2,1,TRUE,1,195,-3503.927242,7105.854485,7346.334494,7317.757696,0.04086422,1978.5,0.925368192,0.019,0.981,,0.046109886,0.028423197,0.787117651,NA,NA,NA,NA
Study1_recovery,MCNFAC,moderate_g2_q1,53,1000,0.1,0.1,2,1,TRUE,1,233,-3184.891836,6475.783673,6735.894702,6704.985105,0.039607933,2444.03,0.948624171,0.013,0.987,,0.052213585,0.04394659,0.06505427,0.029584048,0.383220627,0.027276304,0.380092597
Study1_recovery,MFAC,moderate_g2_q1,54,1000,0.1,0.1,2,1,TRUE,1,157,-3294.799888,6687.599776,6928.079785,6899.502987,0.031273792,1590.88,0.936960358,0.016,0.984,,0.100343593,0.072483232,0.574264035,NA,NA,NA,NA
Study1_recovery,MCNFAC,moderate_g2_q1,54,1000,0.1,0.1,2,1,TRUE,1,228,-3083.159175,6272.31835,6532.42938,6501.519782,0.031171625,2428.82,0.94862433,0.013,0.987,,0.073273903,0.059675045,0.038522878,0.004390133,1.184257625,0.00376957,0.96389587
Study1_recovery,MFAC,moderate_g2_q1,55,1000,0.1,0.1,2,1,TRUE,1,150,-3534.953371,7167.906743,7408.386751,7379.809953,0.024004254,1501.53,0.956438944,0.011,0.989,,0.067495928,0.05324536,0.718295424,NA,NA,NA,NA
Study1_recovery,MCNFAC,moderate_g2_q1,55,1000,0.1,0.1,2,1,TRUE,1,199,-3241.491136,6588.982272,6849.093301,6818.183704,0.021473333,2063.33,0.964287208,0.009,0.991,,0.060546873,0.041987152,0.048505709,0.015810874,0.362952522,0.015687638,0.356282125
Study1_recovery,MFAC,moderate_g2_q1,56,1000,0.1,0.1,2,1,TRUE,1,118,-3488.617896,7075.235792,7315.7158,7287.139002,0.034493966,1199.58,0.964266053,0.009,0.991,,0.094482369,0.060082258,0.801026133,NA,NA,NA,NA
Study1_recovery,MCNFAC,moderate_g2_q1,56,1000,0.1,0.1,2,1,TRUE,1,207,-3219.038023,6544.076046,6804.187076,6773.277478,0.033598209,2176.7,0.956414713,0.011,0.989,,0.075473669,0.052937866,0.044453357,0.011246127,0.324373333,0.010457492,0.295400458
Study1_recovery,MFAC,moderate_g2_q1,57,1000,0.1,0.1,2,1,TRUE,1,111,-3575.638056,7249.276113,7489.756121,7461.179323,0.023239119,1120.52,0.956437068,0.011,0.989,,0.135003184,0.101371412,0.91692145,NA,NA,NA,NA
Study1_recovery,MCNFAC,moderate_g2_q1,57,1000,0.1,0.1,2,1,TRUE,1,229,-3271.334306,6648.668612,6908.779642,6877.870044,0.022838474,2416.91,0.968221878,0.008,0.992,,0.104643117,0.074628154,0.062715703,0.01336903,0.505674678,0.012704663,0.414459086
Study1_recovery,MFAC,moderate_g2_q1,58,1000,0.1,0.1,2,1,TRUE,1,120,-3468.188255,7034.376511,7274.85652,7246.279722,0.031008028,1249.33,0.948619882,0.013,0.987,,0.11168581,0.089424619,0.863895172,NA,NA,NA,NA
Study1_recovery,MCNFAC,moderate_g2_q1,58,1000,0.1,0.1,2,1,TRUE,1,205,-3217.112719,6540.225438,6800.336468,6769.42687,0.026924092,2250.59,0.948620638,0.013,0.987,,0.073058746,0.050654338,0.060866028,0.032574987,0.211204222,0.030720746,0.180026853
Study1_recovery,MFAC,moderate_g2_q1,59,1000,0.1,0.1,2,1,TRUE,1,206,-3496.089205,7090.178409,7330.658418,7302.08162,0.029904387,2086.96,0.9525165,0.012,0.988,,0.091660407,0.06387681,0.944716161,NA,NA,NA,NA
Study1_recovery,MCNFAC,moderate_g2_q1,59,1000,0.1,0.1,2,1,TRUE,1,262,-3218.164858,6542.329716,6802.440746,6771.531148,0.028368886,2749.94,0.933073761,0.017,0.983,,0.058130478,0.044054575,0.056865414,0.006461142,0.231271282,0.004595522,0.230307061
Study1_recovery,MFAC,moderate_g2_q1,60,1000,0.1,0.1,2,1,TRUE,1,101,-3382.35142,6862.70284,7103.182849,7074.606051,0.03121146,1044.91,0.933060604,0.017,0.983,,0.060498967,0.045310603,0.61591976,NA,NA,NA,NA
Study1_recovery,MCNFAC,moderate_g2_q1,60,1000,0.1,0.1,2,1,TRUE,1,236,-3137.486992,6380.973984,6641.085014,6610.175416,0.029800518,2478.64,0.940818473,0.015,0.985,,0.046804512,0.035315687,0.039906415,0.042977174,0.809807711,0.038768992,0.636374016
Study1_recovery,MFAC,moderate_g2_q1,61,1000,0.1,0.1,2,1,TRUE,1,184,-3507.971347,7113.942695,7354.422703,7325.845905,0.037070404,1825.91,0.940824381,0.015,0.985,,0.079258456,0.065138633,0.770158691,NA,NA,NA,NA
Study1_recovery,MCNFAC,moderate_g2_q1,61,1000,0.1,0.1,2,1,TRUE,1,276,-3183.149796,6472.299592,6732.410622,6701.501024,0.03656932,2840.47,0.933075756,0.017,0.983,,0.077150164,0.06044791,0.063842189,0.032718104,1.635730442,0.029295845,1.426303755
Study1_recovery,MFAC,moderate_g2_q1,62,1000,0.1,0.1,2,1,TRUE,1,147,-3528.808798,7155.617596,7396.097605,7367.520807,0.028992022,1470.37,0.940838808,0.015,0.985,,0.102808372,0.082960799,0.929426251,NA,NA,NA,NA
Study1_recovery,MCNFAC,moderate_g2_q1,62,1000,0.1,0.1,2,1,TRUE,1,214,-3251.259359,6608.518718,6868.629748,6837.72015,0.027987942,2218.34,0.952527144,0.012,0.988,,0.088582273,0.06970942,0.09609969,0.011061152,0.044451278,0.009121731,0.032038339
Study1_recovery,MFAC,moderate_g2_q1,63,1000,0.1,0.1,2,1,TRUE,1,120,-3457.242813,7012.485627,7252.965635,7224.388837,0.032815103,1208.64,0.940833257,0.015,0.985,,0.083123215,0.062989634,0.611491667,NA,NA,NA,NA
Study1_recovery,MCNFAC,moderate_g2_q1,63,1000,0.1,0.1,2,1,TRUE,1,199,-3203.483536,6512.967072,6773.078102,6742.168504,0.032841132,2071.65,0.944722931,0.014,0.986,,0.046229122,0.037366437,0.043276154,0.018529271,0.236117744,0.018001132,0.208568638
Study1_recovery,MFAC,moderate_g2_q1,64,1000,0.1,0.1,2,1,TRUE,1,139,-3491.635686,7081.271373,7321.751381,7293.174583,0.035659062,1402.56,0.921520768,0.02,0.98,,0.09870161,0.054844153,0.778877532,NA,NA,NA,NA
Study1_recovery,MCNFAC,moderate_g2_q1,64,1000,0.1,0.1,2,1,TRUE,1,235,-3200.178944,6506.357889,6766.468918,6735.559321,0.032719886,2571.7,0.936960628,0.016,0.984,,0.050709053,0.039330206,0.060818402,0.019486312,0.18172883,0.0180739,0.1609147
Study1_recovery,MFAC,moderate_g2_q1,65,1000,0.1,0.1,2,1,TRUE,1,146,-3498.080132,7094.160264,7334.640273,7306.063475,0.030730787,1484,0.94472016,0.014,0.986,,0.135716538,0.100986111,0.850626476,NA,NA,NA,NA
Study1_recovery,MCNFAC,moderate_g2_q1,65,1000,0.1,0.1,2,1,TRUE,1,215,-3233.233358,6572.466716,6832.577746,6801.668148,0.029739772,2418.19,0.960355067,0.01,0.99,,0.098653557,0.076757302,0.069247353,0.012310896,0.965859195,0.011644653,0.934918542
Study1_recovery,MFAC,moderate_g2_q1,66,1000,0.1,0.1,2,1,TRUE,1,202,-3340.500282,6779.000564,7019.480572,6990.903774,0.031000705,2066.84,0.944727886,0.014,0.986,,0.116117255,0.065049958,0.649512351,NA,NA,NA,NA
Study1_recovery,MCNFAC,moderate_g2_q1,66,1000,0.1,0.1,2,1,TRUE,1,220,-3086.38882,6278.77764,6538.88867,6507.979072,0.029991437,6162.19,0.968223668,0.008,0.992,,0.066346602,0.039560293,0.053770739,0.032752144,0.372656115,0.031177226,0.292330823
Study1_recovery,MFAC,moderate_g2_q1,67,1000,0.1,0.1,2,1,TRUE,1,256,-3496.713525,7091.42705,7331.907058,7303.33026,0.025626279,2598.59,0.964284382,0.009,0.991,,0.057325507,0.041760578,0.990027331,NA,NA,NA,NA
Study1_recovery,MCNFAC,moderate_g2_q1,67,1000,0.1,0.1,2,1,TRUE,1,272,-3218.277161,6542.554322,6802.665352,6771.755754,0.022184695,2670.05,0.968220891,0.008,0.992,,0.056009705,0.039853108,0.100323214,0.021959737,0.952547395,0.020199997,0.841072602
Study1_recovery,MFAC,moderate_g2_q1,68,1000,0.1,0.1,2,1,TRUE,1,170,-3491.987484,7081.974968,7322.454977,7293.878179,0.038542971,1742.58,0.933087025,0.017,0.983,,0.067368911,0.054003301,0.905533878,NA,NA,NA,NA
Study1_recovery,MCNFAC,moderate_g2_q1,68,1000,0.1,0.1,2,1,TRUE,1,247,-3209.541454,6525.082908,6785.193937,6754.28434,0.036592737,6627.55,0.936959328,0.016,0.984,,0.052442809,0.04336672,0.036171992,0.017689356,0.352173724,0.014582182,0.273900853
Study1_recovery,MFAC,moderate_g2_q1,69,1000,0.1,0.1,2,1,TRUE,1,163,-3407.926387,6913.852773,7154.332782,7125.755984,0.025219351,1641.48,0.968210328,0.008,0.992,,0.086062358,0.061412029,0.861001243,NA,NA,NA,NA
Study1_recovery,MCNFAC,moderate_g2_q1,69,1000,0.1,0.1,2,1,TRUE,1,210,-3118.393417,6342.786834,6602.897864,6571.988266,0.023004993,6239.43,0.968211083,0.008,0.992,,0.065999381,0.046958464,0.093156041,0.016559792,0.740056276,0.014231653,0.615578732
Study1_recovery,MFAC,moderate_g2_q1,70,1000,0.1,0.1,2,1,TRUE,1,146,-3526.044071,7150.088141,7390.56815,7361.991352,0.038722868,1467.78,0.929214221,0.018,0.982,,0.129439679,0.088105983,0.722553276,NA,NA,NA,NA
Study1_recovery,MCNFAC,moderate_g2_q1,70,1000,0.1,0.1,2,1,TRUE,1,241,-3219.466678,6544.933356,6805.044386,6774.134788,0.037821238,6541.55,0.929215804,0.018,0.982,,0.108921027,0.0705968,0.082073091,0.034205126,0.550640776,0.029216203,0.52410697
Study1_recovery,MFAC,moderate_g2_q1,71,1000,0.1,0.1,2,1,TRUE,1,116,-3626.880697,7351.761393,7592.241402,7563.664604,0.026328445,1178.4,0.964287306,0.009,0.991,,0.094715673,0.060158491,0.871558556,NA,NA,NA,NA
Study1_recovery,MCNFAC,moderate_g2_q1,71,1000,0.1,0.1,2,1,TRUE,1,217,-3285.190474,6676.380947,6936.491977,6905.582379,0.024887792,6307.02,0.960359336,0.01,0.99,,0.05629819,0.044616351,0.031765784,0.026958575,1.580156333,0.024271676,1.136803547
Study1_recovery,MFAC,moderate_g2_q1,72,1000,0.1,0.1,2,1,TRUE,1,134,-3623.049082,7344.098164,7584.578173,7556.001375,0.037931052,1343.23,0.944725367,0.014,0.986,,0.104588764,0.072872273,0.967645879,NA,NA,NA,NA
Study1_recovery,MCNFAC,moderate_g2_q1,72,1000,0.1,0.1,2,1,TRUE,1,228,-3322.155188,6750.310376,7010.421406,6979.511808,0.03562195,2258.53,0.964286575,0.009,0.991,,0.041575028,0.031524711,0.066755808,0.035190945,0.160592884,0.03311882,0.159238154
Study1_recovery,MFAC,moderate_g2_q1,73,1000,0.1,0.1,2,1,TRUE,1,106,-3488.505252,7075.010505,7315.490514,7286.913716,0.032205921,1064.94,0.929213387,0.018,0.982,,0.101672357,0.071160587,0.714658955,NA,NA,NA,NA
Study1_recovery,MCNFAC,moderate_g2_q1,73,1000,0.1,0.1,2,1,TRUE,1,208,-3246.719654,6599.439307,6859.550337,6828.640739,0.032540237,2078.97,0.940832644,0.015,0.985,,0.079419613,0.061350148,0.113610592,0.025019349,0.684837177,0.02495963,0.646787972
Study1_recovery,MFAC,moderate_g2_q1,74,1000,0.1,0.1,2,1,TRUE,1,157,-3463.042893,7024.085787,7264.565795,7235.988997,0.030135594,1610.02,0.940839574,0.015,0.985,,0.089559275,0.060559671,0.833927163,NA,NA,NA,NA
Study1_recovery,MCNFAC,moderate_g2_q1,74,1000,0.1,0.1,2,1,TRUE,1,248,-3190.933328,6487.866655,6747.977685,6717.068087,0.028710268,2414.73,0.925368156,0.019,0.981,,0.05927917,0.04396914,0.045208784,0.023385921,0.120192492,0.023202555,0.106167858
Study1_recovery,MFAC,moderate_g2_q1,75,1000,0.1,0.1,2,1,TRUE,1,102,-3565.293539,7228.587078,7469.067086,7440.490288,0.033331609,928.38,0.92922136,0.018,0.982,,0.047139035,0.034009002,0.92638517,NA,NA,NA,NA
Study1_recovery,MCNFAC,moderate_g2_q1,75,1000,0.1,0.1,2,1,TRUE,1,237,-3244.944919,6595.889838,6856.000868,6825.09127,0.033956662,2341.75,0.929222624,0.018,0.982,,0.065449354,0.050772132,0.053063842,0.027164762,0.945217914,0.02426351,0.870855169
Study1_recovery,MFAC,moderate_g2_q1,76,1000,0.1,0.1,2,1,TRUE,1,108,-3508.806995,7115.613991,7356.094,7327.517202,0.032218125,971.08,0.940839234,0.015,0.985,,0.112512035,0.068156589,0.86323551,NA,NA,NA,NA
Study1_recovery,MCNFAC,moderate_g2_q1,76,1000,0.1,0.1,2,1,TRUE,1,219,-3219.98511,6545.97022,6806.08125,6775.171652,0.031567891,2153.66,0.948623738,0.013,0.987,,0.087783424,0.052220689,0.066761904,0.038241196,0.235751295,0.029890137,0.235503413
Study1_recovery,MFAC,moderate_g2_q1,77,1000,0.1,0.1,2,1,TRUE,1,129,-3406.078375,6910.15675,7150.636759,7122.059961,0.029461232,1176.69,0.944703117,0.014,0.986,,0.053232398,0.04412198,0.60375584,NA,NA,NA,NA
Study1_recovery,MCNFAC,moderate_g2_q1,77,1000,0.1,0.1,2,1,TRUE,1,194,-3147.66591,6401.33182,6661.44285,6630.533252,0.027968289,2027,0.940812657,0.015,0.985,,0.060729362,0.04269118,0.090873046,0.015737028,0.198149682,0.013218632,0.185895717
Study1_recovery,MFAC,moderate_g2_q1,78,1000,0.1,0.1,2,1,TRUE,1,154,-3344.147091,6786.294183,7026.774191,6998.197393,0.035998238,1375.87,0.921519247,0.02,0.98,,0.123389446,0.08782262,0.615631725,NA,NA,NA,NA
Study1_recovery,MCNFAC,moderate_g2_q1,78,1000,0.1,0.1,2,1,TRUE,1,194,-3113.041406,6332.082812,6592.193842,6561.284244,0.03461664,2123.58,0.929223174,0.018,0.982,,0.110891407,0.077680062,0.012631438,0.028765398,0.492678873,0.02849533,0.402913782
Study1_recovery,MFAC,moderate_g2_q1,79,1000,0.1,0.1,2,1,TRUE,1,85,-3593.239873,7284.479747,7524.959756,7496.382958,0.033606492,785.72,0.936959153,0.016,0.984,,0.085622088,0.067719851,0.83347409,NA,NA,NA,NA
Study1_recovery,MCNFAC,moderate_g2_q1,79,1000,0.1,0.1,2,1,TRUE,1,229,-3252.506314,6611.012629,6871.123659,6840.214061,0.031126946,2263.81,0.952527446,0.012,0.988,,0.084901104,0.060962882,0.107173426,0.01164875,1.287408545,0.011459773,1.089347947
Study1_recovery,MFAC,moderate_g2_q1,80,1000,0.1,0.1,2,1,TRUE,1,139,-3386.72466,6871.44932,7111.929328,7083.35253,0.024202955,1253.55,0.952520605,0.012,0.988,,0.085226266,0.065570475,0.716154816,NA,NA,NA,NA
Study1_recovery,MCNFAC,moderate_g2_q1,80,1000,0.1,0.1,2,1,TRUE,1,230,-3145.266852,6396.533704,6656.644734,6625.735136,0.0241041,2490.62,0.968219642,0.008,0.992,,0.086996326,0.071266829,0.036465352,0.022222492,1.027281337,0.020275583,0.830960012
Study1_recovery,MFAC,moderate_g2_q1,1,1000,0.2,0.2,2,1,TRUE,1,65,-3469.011691,7036.023382,7276.503391,7247.926593,0.033614521,895.61,0.952524713,0.012,0.988,,0.103559704,0.080039506,0.814634309,NA,NA,NA,NA
Study1_recovery,MCNFAC,moderate_g2_q1,1,1000,0.2,0.2,2,1,TRUE,1,179,-3198.832988,6503.665975,6763.777005,6732.867407,0.0343364,2529.62,0.952525608,0.012,0.988,,0.070689408,0.057111004,0.017953683,0.018666848,1.607791321,0.018245198,1.305696383
Study1_recovery,MFAC,moderate_g2_q1,2,1000,0.2,0.2,2,1,TRUE,1,78,-3252.890035,6603.78007,6844.260079,6815.683281,0.02955421,1058.43,0.952527906,0.012,0.988,,0.068025789,0.049414761,0.729038651,NA,NA,NA,NA
Study1_recovery,MCNFAC,moderate_g2_q1,2,1000,0.2,0.2,2,1,TRUE,1,186,-3029.027455,6164.054909,6424.165939,6393.256341,0.027195884,2822.37,0.952528223,0.012,0.988,,0.049601497,0.036546701,0.048151639,0.010062108,0.329557742,0.009291322,0.313090595
Study1_recovery,MFAC,moderate_g2_q1,3,1000,0.2,0.2,2,1,TRUE,1,104,-3264.081195,6626.16239,6866.642398,6838.0656,0.032109614,1371.7,0.917650643,0.021,0.979,,0.102120694,0.064979482,0.671111739,NA,NA,NA,NA
Study1_recovery,MCNFAC,moderate_g2_q1,3,1000,0.2,0.2,2,1,TRUE,1,216,-3056.827639,6219.655277,6479.766307,6448.856709,0.03489618,3304.16,0.925345754,0.019,0.981,,0.049451611,0.038046887,0.052194594,0.043411423,0.767314136,0.043244879,0.617154227
Study1_recovery,MFAC,moderate_g2_q1,4,1000,0.2,0.2,2,1,TRUE,1,76,-3435.825367,6969.650735,7210.130743,7181.553945,0.035064422,992.71,0.917674067,0.021,0.979,,0.081651356,0.05744014,0.650169317,NA,NA,NA,NA
Study1_recovery,MCNFAC,moderate_g2_q1,4,1000,0.2,0.2,2,1,TRUE,1,148,-3160.451608,6426.903217,6687.014246,6656.104649,0.031160022,2094.91,0.92921896,0.018,0.982,,0.076220997,0.055373389,0.086232448,0.026483503,1.323831914,0.026124211,1.04437422
Study1_recovery,MFAC,moderate_g2_q1,5,1000,0.2,0.2,2,1,TRUE,1,138,-3443.502171,6985.004343,7225.484352,7196.907554,0.031196361,1855.78,0.936956043,0.016,0.984,,0.073424009,0.053088872,1.046330808,NA,NA,NA,NA
Study1_recovery,MCNFAC,moderate_g2_q1,5,1000,0.2,0.2,2,1,TRUE,1,217,-3179.120996,6464.241991,6724.353021,6693.443423,0.029711068,3172.29,0.948621637,0.013,0.987,,0.061885446,0.043109648,0.09215472,0.036839259,1.381344201,0.03626485,1.364520493
Study1_recovery,MFAC,moderate_g2_q1,6,1000,0.2,0.2,2,1,TRUE,1,57,-3372.293696,6842.587392,7083.067401,7054.490603,0.03204713,829.78,0.940820959,0.015,0.985,,0.103110652,0.078086834,0.80931456,NA,NA,NA,NA
Study1_recovery,MCNFAC,moderate_g2_q1,6,1000,0.2,0.2,2,1,TRUE,1,128,-3137.73041,6381.46082,6641.57185,6610.662252,0.032986546,1810.12,0.933073926,0.017,0.983,,0.095745005,0.069334415,0.074359489,0.029018458,0.553920497,0.027201818,0.503020388
Study1_recovery,MFAC,moderate_g2_q1,7,1000,0.2,0.2,2,1,TRUE,1,82,-3318.963624,6735.927248,6976.407257,6947.830459,0.025568552,1180.97,0.952525893,0.012,0.988,,0.071124426,0.059180071,0.887509039,NA,NA,NA,NA
Study1_recovery,MCNFAC,moderate_g2_q1,7,1000,0.2,0.2,2,1,TRUE,1,198,-3109.653623,6325.307245,6585.418275,6554.508677,0.026555397,2693.79,0.952526796,0.012,0.988,,0.08243718,0.059444179,0.148584315,0.011715593,0.395541062,0.011573517,0.392581993
Study1_recovery,MFAC,moderate_g2_q1,8,1000,0.2,0.2,2,1,TRUE,1,131,-3246.081715,6590.16343,6830.643439,6802.066641,0.027367939,1915.87,0.976113239,0.006,0.994,,0.102108683,0.065215799,0.585569037,NA,NA,NA,NA
Study1_recovery,MCNFAC,moderate_g2_q1,8,1000,0.2,0.2,2,1,TRUE,1,170,-3047.712166,6201.424331,6461.535361,6430.625763,0.025023105,2360.29,0.9721604,0.007,0.993,,0.105408289,0.066469685,0.119754422,0.050319376,1.480455571,0.050024433,1.402149167
Study1_recovery,MFAC,moderate_g2_q1,9,1000,0.2,0.2,2,1,TRUE,1,81,-3309.295412,6716.590824,6957.070833,6928.494035,0.030425151,1167.12,0.933070413,0.017,0.983,,0.10773988,0.089383124,0.649426625,NA,NA,NA,NA
Study1_recovery,MCNFAC,moderate_g2_q1,9,1000,0.2,0.2,2,1,TRUE,1,139,-3073.642374,6253.284748,6513.395777,6482.48618,0.028716504,1899.31,0.921503005,0.02,0.98,,0.095417406,0.068514273,0.119833776,0.031588028,1.029643371,0.028778656,0.806540011
Study1_recovery,MFAC,moderate_g2_q1,10,1000,0.2,0.2,2,1,TRUE,1,137,-3329.926301,6757.852602,6998.332611,6969.755813,0.040568832,1977.06,0.929221671,0.018,0.982,,0.106988057,0.081573737,0.907290137,NA,NA,NA,NA
Study1_recovery,MCNFAC,moderate_g2_q1,10,1000,0.2,0.2,2,1,TRUE,1,209,-3064.981219,6235.962439,6496.073468,6465.163871,0.032496767,2728.99,0.940838545,0.015,0.985,,0.091235502,0.073141743,0.108319275,0.002311458,0.940541861,0.002113851,0.881309422
Study1_recovery,MFAC,moderate_g2_q1,11,1000,0.2,0.2,2,1,TRUE,1,117,-3165.191528,6428.383056,6668.863065,6640.286267,0.028108181,1683.83,0.948621919,0.013,0.987,,0.083396548,0.064349012,0.697486547,NA,NA,NA,NA
Study1_recovery,MCNFAC,moderate_g2_q1,11,1000,0.2,0.2,2,1,TRUE,1,177,-2960.456177,6026.912355,6287.023385,6256.113787,0.026792985,2404.52,0.956438147,0.011,0.989,,0.062933163,0.049253264,0.043601015,0.032032544,0.169824177,0.031938259,0.148810288
Study1_recovery,MFAC,moderate_g2_q1,12,1000,0.2,0.2,2,1,TRUE,1,78,-3302.405239,6702.810478,6943.290486,6914.713688,0.042775794,1144.25,0.913833382,0.022,0.978,,0.13286644,0.094947315,0.625879749,NA,NA,NA,NA
Study1_recovery,MCNFAC,moderate_g2_q1,12,1000,0.2,0.2,2,1,TRUE,1,175,-3086.740281,6279.480563,6539.591592,6508.681995,0.041332625,2405.92,0.92150652,0.02,0.98,,0.114862857,0.071626257,0.086055593,0.019757558,0.676520667,0.019270041,0.483386195
Study1_recovery,MFAC,moderate_g2_q1,13,1000,0.2,0.2,2,1,TRUE,1,92,-3285.709016,6669.418031,6909.89804,6881.321242,0.024888953,1289.1,0.952489644,0.012,0.988,,0.092486909,0.065068079,0.819527254,NA,NA,NA,NA
Study1_recovery,MCNFAC,moderate_g2_q1,13,1000,0.2,0.2,2,1,TRUE,1,165,-3057.333228,6220.666456,6480.777486,6449.867888,0.024162382,2274.47,0.956407263,0.011,0.989,,0.058347925,0.038919403,0.066771969,0.038599399,0.945811067,0.03648798,0.891506145
Study1_recovery,MFAC,moderate_g2_q1,14,1000,0.2,0.2,2,1,TRUE,1,193,-3372.318212,6842.636424,7083.116433,7054.539635,0.034687758,2571.69,0.936941708,0.016,0.984,,0.128508871,0.075982603,0.854161803,NA,NA,NA,NA
Study1_recovery,MCNFAC,moderate_g2_q1,14,1000,0.2,0.2,2,1,TRUE,1,218,-3141.89167,6389.783341,6649.894371,6618.984773,0.031091566,2535.82,0.944713794,0.014,0.986,,0.099187784,0.062231684,0.158852956,0.013099659,0.964235183,0.009266539,0.940703617
Study1_recovery,MFAC,moderate_g2_q1,15,1000,0.2,0.2,2,1,TRUE,1,99,-3359.151734,6816.303469,7056.783477,7028.206679,0.032501861,1304.53,0.92921896,0.018,0.982,,0.107312536,0.084359138,0.919992354,NA,NA,NA,NA
Study1_recovery,MCNFAC,moderate_g2_q1,15,1000,0.2,0.2,2,1,TRUE,1,188,-3132.387169,6370.774337,6630.885367,6599.975769,0.03239878,2211.84,0.936956779,0.016,0.984,,0.099029497,0.077414793,0.091143238,0.025477046,0.332211593,0.023955909,0.300339331
Study1_recovery,MFAC,moderate_g2_q1,16,1000,0.2,0.2,2,1,TRUE,1,99,-3351.328035,6800.656069,7041.136078,7012.55928,0.023209233,1372.03,0.96822392,0.008,0.992,,0.074995729,0.062722168,0.86638483,NA,NA,NA,NA
Study1_recovery,MCNFAC,moderate_g2_q1,16,1000,0.2,0.2,2,1,TRUE,1,196,-3133.239346,6372.478691,6632.589721,6601.680123,0.021442706,2322.25,0.984047941,0.004,0.996,,0.045745566,0.036764478,0.101312279,0.035618397,0.663807526,0.034207008,0.662670544
Study1_recovery,MFAC,moderate_g2_q1,17,1000,0.2,0.2,2,1,TRUE,1,195,-3196.082848,6490.165696,6730.645705,6702.068907,0.031369027,2789.94,0.948616373,0.013,0.987,,0.08502234,0.066697897,0.710741717,NA,NA,NA,NA
Study1_recovery,MCNFAC,moderate_g2_q1,17,1000,0.2,0.2,2,1,TRUE,1,171,-2995.865421,6097.730841,6357.841871,6326.932273,0.027906532,2567.74,0.956434847,0.011,0.989,,0.081325778,0.057445543,0.064688168,0.024655967,0.228481574,0.024646412,0.19820854
Study1_recovery,MFAC,moderate_g2_q1,18,1000,0.2,0.2,2,1,TRUE,1,172,-3296.797114,6691.594227,6932.074236,6903.497438,0.03725242,2505.61,0.948623911,0.013,0.987,,0.088226087,0.062481378,0.782625854,NA,NA,NA,NA
Study1_recovery,MCNFAC,moderate_g2_q1,18,1000,0.2,0.2,2,1,TRUE,1,196,-3031.706238,6169.412475,6429.523505,6398.613907,0.033867866,3042.41,0.976119928,0.006,0.994,,0.058128551,0.03878395,0.11469446,0.028171401,1.124350155,0.028169237,1.11469091
Study1_recovery,MFAC,moderate_g2_q1,19,1000,0.2,0.2,2,1,TRUE,1,216,-3189.375087,6476.750175,6717.230183,6688.653385,0.031127883,3098.97,0.936954398,0.016,0.984,,0.104808521,0.07975809,0.656057814,NA,NA,NA,NA
Study1_recovery,MCNFAC,moderate_g2_q1,19,1000,0.2,0.2,2,1,TRUE,1,282,-3011.048054,6128.096108,6388.207138,6357.29754,0.028936217,4241.94,0.948619882,0.013,0.987,,0.098604834,0.071803987,0.058808922,0.033705371,1.25798786,0.029317282,1.121228972
Study1_recovery,MFAC,moderate_g2_q1,20,1000,0.2,0.2,2,1,TRUE,1,88,-3284.316433,6666.632867,6907.112875,6878.536077,0.032027274,1295.94,0.940840809,0.015,0.985,,0.122664963,0.082990641,0.704991211,NA,NA,NA,NA
Study1_recovery,MCNFAC,moderate_g2_q1,20,1000,0.2,0.2,2,1,TRUE,1,177,-3063.395429,6232.790859,6492.901889,6461.992291,0.029953532,2680.69,0.940840809,0.015,0.985,,0.097888896,0.072378642,0.071212645,0.013365568,0.585988681,0.010802867,0.514875723
Study1_recovery,MFAC,moderate_g2_q1,21,1000,0.2,0.2,2,1,TRUE,1,83,-3294.951521,6687.903041,6928.38305,6899.806252,0.032802827,1224.14,0.936940399,0.016,0.984,,0.125684712,0.099627128,0.656041731,NA,NA,NA,NA
Study1_recovery,MCNFAC,moderate_g2_q1,21,1000,0.2,0.2,2,1,TRUE,1,162,-3076.808947,6259.617894,6519.728924,6488.819326,0.032640732,2417.14,0.93306658,0.017,0.983,,0.105690749,0.08214338,0.024722474,0.010581833,0.646110281,0.010445421,0.594151451
Study1_recovery,MFAC,moderate_g2_q1,22,1000,0.2,0.2,2,1,TRUE,1,73,-3418.473697,6934.947395,7175.427403,7146.850605,0.037014609,1078.21,0.910000993,0.023,0.977,,0.086308389,0.066287907,0.967492459,NA,NA,NA,NA
Study1_recovery,MCNFAC,moderate_g2_q1,22,1000,0.2,0.2,2,1,TRUE,1,194,-3172.755165,6451.510331,6711.621361,6680.711763,0.032600584,2888.81,0.929210603,0.018,0.982,,0.071458018,0.058859178,0.06156145,0.037593516,0.369010955,0.030898228,0.284457302
Study1_recovery,MFAC,moderate_g2_q1,23,1000,0.2,0.2,2,1,TRUE,1,154,-3355.195709,6808.391417,7048.871426,7020.294628,0.032135338,2195.72,0.936956285,0.016,0.984,,0.073005934,0.06059606,1.014281191,NA,NA,NA,NA
Study1_recovery,MCNFAC,moderate_g2_q1,23,1000,0.2,0.2,2,1,TRUE,1,186,-3123.478567,6352.957135,6613.068164,6582.158567,0.027709119,2886.41,0.960357934,0.01,0.99,,0.077512462,0.058232008,0.047763814,0.032441999,0.670858734,0.03214342,0.661863645
Study1_recovery,MFAC,moderate_g2_q1,24,1000,0.2,0.2,2,1,TRUE,1,196,-3223.106819,6544.213637,6784.693646,6756.116848,0.043583767,2843.44,0.936953783,0.016,0.984,,0.0953318,0.075402459,0.609666724,NA,NA,NA,NA
Study1_recovery,MCNFAC,moderate_g2_q1,24,1000,0.2,0.2,2,1,TRUE,1,195,-3042.518553,6191.037106,6451.148136,6420.238538,0.041547187,2967.73,0.933082912,0.017,0.983,,0.068402999,0.057034069,0.049790988,0.032933042,0.879501227,0.030531167,0.782394257
Study1_recovery,MFAC,moderate_g2_q1,25,1000,0.2,0.2,2,1,TRUE,1,68,-3320.971662,6739.943323,6980.423332,6951.846534,0.032644879,1059.9,0.925357329,0.019,0.981,,0.092919731,0.065463184,0.764404631,NA,NA,NA,NA
Study1_recovery,MCNFAC,moderate_g2_q1,25,1000,0.2,0.2,2,1,TRUE,1,190,-3076.329089,6258.658179,6518.769209,6487.859611,0.031797881,2913.83,0.921509319,0.02,0.98,,0.082776074,0.066141442,0.088128463,0.015827643,1.112478199,0.015733686,1.01325055
Study1_recovery,MFAC,moderate_g2_q1,26,1000,0.2,0.2,2,1,TRUE,1,79,-3387.862967,6873.725935,7114.205943,7085.629145,0.03297908,1149.58,0.936960794,0.016,0.984,,0.095724208,0.067687745,0.769142311,NA,NA,NA,NA
Study1_recovery,MCNFAC,moderate_g2_q1,26,1000,0.2,0.2,2,1,TRUE,1,166,-3086.990985,6279.98197,6540.093,6509.183402,0.029115481,2456.51,0.936960855,0.016,0.984,,0.077803424,0.056912386,0.063527651,0.023067142,1.384094887,0.021652693,1.227137614
Study1_recovery,MFAC,moderate_g2_q1,27,1000,0.2,0.2,2,1,TRUE,1,67,-3412.105161,6922.210321,7162.69033,7134.113532,0.040702809,1003.19,0.92922522,0.018,0.982,,0.124228147,0.090470583,0.794046493,NA,NA,NA,NA
Study1_recovery,MCNFAC,moderate_g2_q1,27,1000,0.2,0.2,2,1,TRUE,1,171,-3177.808324,6461.616648,6721.727678,6690.81808,0.038646505,2485.87,0.952528494,0.012,0.988,,0.078300493,0.060576649,0.027791256,0.014312839,0.383043128,0.014159118,0.326159216
Study1_recovery,MFAC,moderate_g2_q1,28,1000,0.2,0.2,2,1,TRUE,1,84,-3275.204976,6648.409952,6888.889961,6860.313163,0.026552773,1228.71,0.93696088,0.016,0.984,,0.083339731,0.058627289,0.784413189,NA,NA,NA,NA
Study1_recovery,MCNFAC,moderate_g2_q1,28,1000,0.2,0.2,2,1,TRUE,1,169,-3031.687408,6169.374816,6429.485846,6398.576248,0.023264994,2712.92,0.960360338,0.01,0.99,,0.068128195,0.048579526,0.063993534,0.031706207,1.118989203,0.027532208,1.028888628
Study1_recovery,MFAC,moderate_g2_q1,29,1000,0.2,0.2,2,1,TRUE,1,92,-3139.925178,6377.850356,6618.330364,6589.753566,0.025415866,1357.45,0.952526131,0.012,0.988,,0.092038994,0.057562575,0.775167002,NA,NA,NA,NA
Study1_recovery,MCNFAC,moderate_g2_q1,29,1000,0.2,0.2,2,1,TRUE,1,183,-2976.740571,6059.481141,6319.592171,6288.682573,0.027417856,2931.53,0.944726214,0.014,0.986,,0.098412855,0.06772306,0.081485463,0.01459951,1.392073739,0.011621488,1.035584528
Study1_recovery,MFAC,moderate_g2_q1,30,1000,0.2,0.2,2,1,TRUE,1,139,-3282.764746,6663.529493,6904.009501,6875.432703,0.034047213,2039.14,0.93696026,0.016,0.984,,0.075086813,0.058139903,0.715148621,NA,NA,NA,NA
Study1_recovery,MCNFAC,moderate_g2_q1,30,1000,0.2,0.2,2,1,TRUE,1,174,-3070.369739,6246.739477,6506.850507,6475.940909,0.032061665,2570.59,0.948624244,0.013,0.987,,0.069645116,0.050934027,0.087287868,0.022708368,0.167207892,0.020865822,0.150374523
Study1_recovery,MFAC,moderate_g2_q1,31,1000,0.2,0.2,2,1,TRUE,1,176,-3290.822459,6679.644917,6920.124926,6891.548128,0.024586021,2572.55,0.956434395,0.011,0.989,,0.070076257,0.04840317,0.720513444,NA,NA,NA,NA
Study1_recovery,MCNFAC,moderate_g2_q1,31,1000,0.2,0.2,2,1,TRUE,1,198,-3076.23929,6258.478581,6518.589611,6487.680013,0.026129209,2868.28,0.944722974,0.014,0.986,,0.077108433,0.053136951,0.064484546,0.01559513,0.537251467,0.012568796,0.500048016
Study1_recovery,MFAC,moderate_g2_q1,32,1000,0.2,0.2,2,1,TRUE,1,69,-3277.009971,6652.019943,6892.499951,6863.923153,0.040541926,1026.56,0.940835823,0.015,0.985,,0.093736034,0.060429903,0.755264752,NA,NA,NA,NA
Study1_recovery,MCNFAC,moderate_g2_q1,32,1000,0.2,0.2,2,1,TRUE,1,158,-3060.225802,6226.451605,6486.562635,6455.653037,0.037721149,2547.74,0.929220461,0.018,0.982,,0.081501879,0.057265848,0.048329697,0.01972724,0.440510327,0.018633754,0.405537904
Study1_recovery,MFAC,moderate_g2_q1,33,1000,0.2,0.2,2,1,TRUE,1,110,-3315.500615,6729.001231,6969.481239,6940.904441,0.02750264,1596.17,0.948623211,0.013,0.987,,0.081146734,0.062964248,0.713756553,NA,NA,NA,NA
Study1_recovery,MCNFAC,moderate_g2_q1,33,1000,0.2,0.2,2,1,TRUE,1,176,-3099.299391,6304.598782,6564.709812,6533.800214,0.025666311,2592.59,0.940839592,0.015,0.985,,0.065372951,0.050634155,0.068087048,0.005451404,0.402254462,0.003957088,0.395715533
Study1_recovery,MFAC,moderate_g2_q1,34,1000,0.2,0.2,2,1,TRUE,1,120,-3293.193805,6684.387609,6924.867618,6896.29082,0.029934598,1942.19,0.929220444,0.018,0.982,,0.132835405,0.083013322,0.795261346,NA,NA,NA,NA
Study1_recovery,MCNFAC,moderate_g2_q1,34,1000,0.2,0.2,2,1,TRUE,1,187,-3103.822798,6313.645596,6573.756626,6542.847028,0.028754927,2658.67,0.952525882,0.012,0.988,,0.078778899,0.052772783,0.195568907,0.056525023,1.01819291,0.047062787,1.018056777
Study1_recovery,MFAC,moderate_g2_q1,35,1000,0.2,0.2,2,1,TRUE,1,143,-3334.727763,6767.455525,7007.935534,6979.358736,0.031149713,2153.51,0.944721956,0.014,0.986,,0.061769189,0.051601235,0.789670535,NA,NA,NA,NA
Study1_recovery,MCNFAC,moderate_g2_q1,35,1000,0.2,0.2,2,1,TRUE,1,185,-3086.358876,6278.717752,6538.828782,6507.919184,0.028989167,2155.91,0.960356851,0.01,0.99,,0.047005035,0.036279494,0.117772243,0.020172175,0.488982488,0.019183689,0.370808772
Study1_recovery,MFAC,moderate_g2_q1,36,1000,0.2,0.2,2,1,TRUE,1,138,-3323.512155,6745.02431,6985.504319,6956.927521,0.03374642,2042.36,0.91002538,0.023,0.977,,0.10211445,0.066855201,0.847920241,NA,NA,NA,NA
Study1_recovery,MCNFAC,moderate_g2_q1,36,1000,0.2,0.2,2,1,TRUE,1,166,-3060.63977,6227.27954,6487.390569,6456.480972,0.029668746,1946.28,0.933088874,0.017,0.983,,0.06493534,0.04653438,0.03295327,0.02641951,1.797293416,0.026319865,1.755329192
Study1_recovery,MFAC,moderate_g2_q1,37,1000,0.2,0.2,2,1,TRUE,1,87,-3323.576037,6745.152073,6985.632082,6957.055284,0.029891659,1256.24,0.948610331,0.013,0.987,,0.076066894,0.056524497,0.839236659,NA,NA,NA,NA
Study1_recovery,MCNFAC,moderate_g2_q1,37,1000,0.2,0.2,2,1,TRUE,1,147,-3078.969499,6263.938998,6524.050028,6493.14043,0.027990079,1939.75,0.948612841,0.013,0.987,,0.087539327,0.059219222,0.069618288,0.022622323,0.704090386,0.020864469,0.574826053
Study1_recovery,MFAC,moderate_g2_q1,38,1000,0.2,0.2,2,1,TRUE,1,76,-3302.078381,6702.156762,6942.636771,6914.059973,0.029711847,966.42,0.956435684,0.011,0.989,,0.082745325,0.066242643,0.715152428,NA,NA,NA,NA
Study1_recovery,MCNFAC,moderate_g2_q1,38,1000,0.2,0.2,2,1,TRUE,1,225,-3120.460784,6346.921567,6607.032597,6576.122999,0.025482246,2149.64,0.9682209,0.008,0.992,,0.072839965,0.056506155,0.105172922,0.056460708,1.356132128,0.052112535,1.349697569
Study1_recovery,MFAC,moderate_g2_q1,39,1000,0.2,0.2,2,1,TRUE,1,78,-3351.274665,6800.549331,7041.02934,7012.452542,0.031237631,1158.17,0.944727762,0.014,0.986,,0.066182849,0.052093175,0.714986444,NA,NA,NA,NA
Study1_recovery,MCNFAC,moderate_g2_q1,39,1000,0.2,0.2,2,1,TRUE,1,201,-3152.753588,6411.507175,6671.618205,6640.708607,0.030043912,2993.96,0.940840019,0.015,0.985,,0.054896384,0.041992191,0.033275053,0.026409362,0.964799171,0.025583057,0.959918803
Study1_recovery,MFAC,moderate_g2_q1,40,1000,0.2,0.2,2,1,TRUE,1,94,-3358.167874,6814.335748,7054.815757,7026.238959,0.025521462,1383.36,0.925364083,0.019,0.981,,0.110106132,0.080418344,0.924251083,NA,NA,NA,NA
Study1_recovery,MCNFAC,moderate_g2_q1,40,1000,0.2,0.2,2,1,TRUE,1,217,-3107.74603,6321.49206,6581.603089,6550.693491,0.024306696,3205.17,0.936956697,0.016,0.984,,0.091183017,0.065464691,0.132092969,0.031478927,0.110138061,0.027641194,0.108641484
Study1_recovery,MFAC,moderate_g2_q1,41,1000,0.2,0.2,2,1,TRUE,1,70,-3378.946937,6855.893874,7096.373883,7067.797085,0.031057681,1054.73,0.933066602,0.017,0.983,,0.094184669,0.071415848,0.745559685,NA,NA,NA,NA
Study1_recovery,MCNFAC,moderate_g2_q1,41,1000,0.2,0.2,2,1,TRUE,1,193,-3088.712621,6283.425241,6543.536271,6512.626673,0.030098654,2921.84,0.93694415,0.016,0.984,,0.077664008,0.053780869,0.049324272,0.025995993,1.00678202,0.020243333,0.974425187
Study1_recovery,MFAC,moderate_g2_q1,42,1000,0.2,0.2,2,1,TRUE,1,131,-3280.179871,6658.359743,6898.839751,6870.262953,0.03100261,1916.05,0.925366473,0.019,0.981,,0.062591435,0.048390244,0.881322994,NA,NA,NA,NA
Study1_recovery,MCNFAC,moderate_g2_q1,42,1000,0.2,0.2,2,1,TRUE,1,169,-3038.784856,6183.569712,6443.680742,6412.771144,0.032919873,2523.59,0.917679162,0.021,0.979,,0.046544841,0.036280841,0.080069317,0.026102125,0.476930184,0.020591855,0.468866349
Study1_recovery,MFAC,moderate_g2_q1,43,1000,0.2,0.2,2,1,TRUE,1,161,-3367.184313,6832.368627,7072.848635,7044.271837,0.041686031,2373.49,0.921520207,0.02,0.98,,0.051999355,0.034369024,0.793692664,NA,NA,NA,NA
Study1_recovery,MCNFAC,moderate_g2_q1,43,1000,0.2,0.2,2,1,TRUE,1,220,-3085.706094,6277.412188,6537.523218,6506.61362,0.040886362,3323.55,0.948624171,0.013,0.987,,0.049967508,0.04277361,0.071997766,0.035040466,0.604845005,0.034903677,0.584434651
Study1_recovery,MFAC,moderate_g2_q1,44,1000,0.2,0.2,2,1,TRUE,1,105,-3169.803119,6437.606237,6678.086246,6649.509448,0.032598638,1598.85,0.933088392,0.017,0.983,,0.096225335,0.069243305,0.572915013,NA,NA,NA,NA
Study1_recovery,MCNFAC,moderate_g2_q1,44,1000,0.2,0.2,2,1,TRUE,1,202,-2991.024865,6088.049731,6348.160761,6317.251163,0.032686925,3140.31,0.952528223,0.012,0.988,,0.069869412,0.055075925,0.035892118,0.008073719,1.206140919,0.007873457,1.09410643
Study1_recovery,MFAC,moderate_g2_q1,45,1000,0.2,0.2,2,1,TRUE,1,92,-3376.219447,6850.438894,7090.918903,7062.342105,0.025994382,1347.66,0.952526796,0.012,0.988,,0.071244299,0.056404604,0.755078705,NA,NA,NA,NA
Study1_recovery,MCNFAC,moderate_g2_q1,45,1000,0.2,0.2,2,1,TRUE,1,170,-3128.321507,6362.643014,6622.754044,6591.844446,0.023047897,2528.78,0.96035924,0.01,0.99,,0.057165223,0.040084815,0.051045296,0.023440163,0.451763513,0.023439771,0.408367349
Study1_recovery,MFAC,moderate_g2_q1,46,1000,0.2,0.2,2,1,TRUE,1,75,-3304.804668,6707.609336,6948.089345,6919.512547,0.03513179,1092.97,0.956410424,0.011,0.989,,0.100327594,0.064670061,0.796982371,NA,NA,NA,NA
Study1_recovery,MCNFAC,moderate_g2_q1,46,1000,0.2,0.2,2,1,TRUE,1,176,-3096.957635,6299.91527,6560.0263,6529.116702,0.034744187,2664.8,0.952499736,0.012,0.988,,0.075793767,0.051965457,0.039338592,0.00945418,0.356906312,0.008484221,0.265520842
Study1_recovery,MFAC,moderate_g2_q1,47,1000,0.2,0.2,2,1,TRUE,1,52,-3361.097023,6820.194046,7060.674055,7032.097257,0.022775122,816.5,0.956437068,0.011,0.989,,0.140846446,0.099575197,0.96628706,NA,NA,NA,NA
Study1_recovery,MCNFAC,moderate_g2_q1,47,1000,0.2,0.2,2,1,TRUE,1,185,-3110.537126,6327.074253,6587.185282,6556.275685,0.022995735,2765.1,0.968221878,0.008,0.992,,0.10718673,0.073956095,0.077033151,0.015598028,0.455910095,0.014558537,0.374565515
Study1_recovery,MFAC,moderate_g2_q1,48,1000,0.2,0.2,2,1,TRUE,1,62,-3290.134387,6678.268774,6918.748783,6890.171985,0.031383589,928.78,0.944723413,0.014,0.986,,0.109538385,0.087478649,0.889400159,NA,NA,NA,NA
Study1_recovery,MCNFAC,moderate_g2_q1,48,1000,0.2,0.2,2,1,TRUE,1,170,-3080.416273,6266.832545,6526.943575,6496.033977,0.027958089,2614.81,0.948620638,0.013,0.987,,0.072925383,0.051788165,0.063434937,0.034378324,0.506389916,0.034212872,0.503434928
Study1_recovery,MFAC,moderate_g2_q1,49,1000,0.2,0.2,2,1,TRUE,1,107,-3370.909083,6839.818166,7080.298174,7051.721377,0.03197434,1571.42,0.94861203,0.013,0.987,,0.093424927,0.062714184,0.936034699,NA,NA,NA,NA
Study1_recovery,MCNFAC,moderate_g2_q1,49,1000,0.2,0.2,2,1,TRUE,1,210,-3121.222223,6348.444446,6608.555476,6577.645878,0.030802621,3140.51,0.936947014,0.016,0.984,,0.060477093,0.045344055,0.060774677,0.007124319,0.218790095,0.005693488,0.186774225
Study1_recovery,MFAC,moderate_g2_q1,50,1000,0.2,0.2,2,1,TRUE,1,85,-3220.929757,6539.859514,6780.339523,6751.762725,0.032056847,1434.55,0.929195956,0.018,0.982,,0.072448984,0.054018343,0.534001284,NA,NA,NA,NA
Study1_recovery,MCNFAC,moderate_g2_q1,50,1000,0.2,0.2,2,1,TRUE,1,208,-3021.286211,6148.572423,6408.683452,6377.773855,0.030662646,6150.8,0.936936392,0.016,0.984,,0.051376983,0.038596644,0.05736498,0.034323942,0.713457781,0.030145952,0.613868495
Study1_recovery,MFAC,moderate_g2_q1,51,1000,0.2,0.2,2,1,TRUE,1,220,-3313.973696,6725.947392,6966.427401,6937.850603,0.03788407,3215.76,0.940825374,0.015,0.985,,0.07812289,0.064477515,0.762998662,NA,NA,NA,NA
Study1_recovery,MCNFAC,moderate_g2_q1,51,1000,0.2,0.2,2,1,TRUE,1,240,-3033.773501,6173.547002,6433.658032,6402.748434,0.03744884,3261.58,0.936948855,0.016,0.984,,0.08591734,0.067017479,0.054711166,0.029338632,1.534008331,0.022970735,1.440251997
Study1_recovery,MFAC,moderate_g2_q1,52,1000,0.2,0.2,2,1,TRUE,1,132,-3344.846502,6787.693004,7028.173013,6999.596215,0.028857363,1925.16,0.944726928,0.014,0.986,,0.099877323,0.080218853,0.907519718,NA,NA,NA,NA
Study1_recovery,MCNFAC,moderate_g2_q1,52,1000,0.2,0.2,2,1,TRUE,1,187,-3116.605853,6339.211707,6599.322737,6568.413139,0.027669623,5793.56,0.952527144,0.012,0.988,,0.090991691,0.0687287,0.100011074,0.012799879,0.267046971,0.010268952,0.210538845
Study1_recovery,MFAC,moderate_g2_q1,53,1000,0.2,0.2,2,1,TRUE,1,95,-3290.330559,6678.661117,6919.141126,6890.564328,0.03394457,1404.03,0.93695257,0.016,0.984,,0.085906756,0.063836548,0.587949574,NA,NA,NA,NA
Study1_recovery,MCNFAC,moderate_g2_q1,53,1000,0.2,0.2,2,1,TRUE,1,183,-3107.60608,6321.21216,6581.32319,6550.413592,0.033880087,5643.2,0.94083437,0.015,0.985,,0.044666303,0.036115514,0.057049792,0.0335679,0.840962166,0.030924591,0.773528199
Study1_recovery,MFAC,moderate_g2_q1,54,1000,0.2,0.2,2,1,TRUE,1,119,-3347.579944,6793.159888,7033.639897,7005.063099,0.03630707,1740.96,0.917680955,0.021,0.979,,0.11259555,0.056335429,0.754208729,NA,NA,NA,NA
Study1_recovery,MCNFAC,moderate_g2_q1,54,1000,0.2,0.2,2,1,TRUE,1,199,-3089.620728,6285.241456,6545.352485,6514.442888,0.033413807,5936.74,0.936960628,0.016,0.984,,0.054585197,0.041442498,0.059030161,0.006043286,0.436435897,0.0060416,0.428289789
Study1_recovery,MFAC,moderate_g2_q1,55,1000,0.2,0.2,2,1,TRUE,1,120,-3356.594203,6811.188405,7051.668414,7023.091616,0.032053236,1777.62,0.944720764,0.014,0.986,,0.135120819,0.103161343,0.897374968,NA,NA,NA,NA
Study1_recovery,MCNFAC,moderate_g2_q1,55,1000,0.2,0.2,2,1,TRUE,1,192,-3127.340936,6360.681871,6620.792901,6589.883303,0.031145302,5854.28,0.96035547,0.01,0.99,,0.096290854,0.072264034,0.034619471,0.015749723,1.354161186,0.0157452,1.312919139
Study1_recovery,MFAC,moderate_g2_q1,56,1000,0.2,0.2,2,1,TRUE,1,186,-3191.684742,6481.369484,6721.849493,6693.272695,0.032211434,2710.33,0.948623897,0.013,0.987,,0.107518647,0.056341934,0.655855955,NA,NA,NA,NA
Study1_recovery,MCNFAC,moderate_g2_q1,56,1000,0.2,0.2,2,1,TRUE,1,201,-2980.408112,6066.816223,6326.927253,6296.017655,0.031454492,2724.42,0.964287622,0.009,0.991,,0.065229868,0.03889373,0.053881119,0.037513068,0.413277222,0.035938528,0.411586219
Study1_recovery,MFAC,moderate_g2_q1,57,1000,0.2,0.2,2,1,TRUE,1,232,-3344.481513,6786.963027,7027.443035,6998.866237,0.025864001,3391.67,0.964284699,0.009,0.991,,0.056646478,0.044388386,1.013731341,NA,NA,NA,NA
Study1_recovery,MCNFAC,moderate_g2_q1,57,1000,0.2,0.2,2,1,TRUE,1,249,-3101.35237,6308.704741,6568.815771,6537.906173,0.023408021,2931.19,0.960356202,0.01,0.99,,0.055098249,0.038411111,0.092605932,0.020316846,0.821440546,0.020240259,0.585843721
Study1_recovery,MFAC,moderate_g2_q1,58,1000,0.2,0.2,2,1,TRUE,1,151,-3361.040863,6820.081726,7060.561735,7031.984937,0.039869363,2186.37,0.933087025,0.017,0.983,,0.067047555,0.053534678,0.917588178,NA,NA,NA,NA
Study1_recovery,MCNFAC,moderate_g2_q1,58,1000,0.2,0.2,2,1,TRUE,1,233,-3092.412775,6290.825549,6550.936579,6520.026981,0.037430866,3126.33,0.933087461,0.017,0.983,,0.05146491,0.043071127,0.031334834,0.020100479,0.327607237,0.015010597,0.320648949
Study1_recovery,MFAC,moderate_g2_q1,59,1000,0.2,0.2,2,1,TRUE,1,135,-3270.607768,6639.215535,6879.695544,6851.118746,0.02774548,1962.17,0.968211083,0.008,0.992,,0.093832116,0.066776314,0.855444811,NA,NA,NA,NA
Study1_recovery,MCNFAC,moderate_g2_q1,59,1000,0.2,0.2,2,1,TRUE,1,174,-3015.662171,6137.324342,6397.435372,6366.525774,0.025088583,2336.33,0.968211818,0.008,0.992,,0.064101891,0.047209865,0.120138732,0.0224918,1.262682259,0.01925442,0.915212526
Study1_recovery,MFAC,moderate_g2_q1,60,1000,0.2,0.2,2,1,TRUE,1,69,-3409.319963,6916.639926,7157.119935,7128.543137,0.041705401,3892.06,0.933077492,0.017,0.983,,0.130910553,0.09003682,0.712939842,NA,NA,NA,NA
Study1_recovery,MCNFAC,moderate_g2_q1,60,1000,0.2,0.2,2,1,TRUE,1,209,-3131.607668,6369.215336,6629.326365,6598.416768,0.039894268,2803.84,0.910013559,0.023,0.977,,0.108523862,0.068537967,0.087720132,0.040009046,1.018220203,0.034565039,0.867755596
Study1_recovery,MFAC,moderate_g2_q1,61,1000,0.2,0.2,2,1,TRUE,1,91,-3476.957897,7051.915794,7292.395803,7263.819005,0.026686959,1307.1,0.964287306,0.009,0.991,,0.098116461,0.062192605,0.835942345,NA,NA,NA,NA
Study1_recovery,MCNFAC,moderate_g2_q1,61,1000,0.2,0.2,2,1,TRUE,1,174,-3172.851299,6451.702599,6711.813629,6680.904031,0.0259583,2604.96,0.960359202,0.01,0.99,,0.058588276,0.045778792,0.043007157,0.037728229,1.911369042,0.033698151,1.400965363
Study1_recovery,MFAC,moderate_g2_q1,62,1000,0.2,0.2,2,1,TRUE,1,148,-3432.6753,6963.350601,7203.83061,7175.253812,0.039025122,2075.47,0.940837081,0.015,0.985,,0.104565215,0.073249881,0.9450027,NA,NA,NA,NA
Study1_recovery,MCNFAC,moderate_g2_q1,62,1000,0.2,0.2,2,1,TRUE,1,221,-3168.496866,6442.993731,6703.104761,6672.195163,0.036606989,3587.17,0.968222621,0.008,0.992,,0.045549779,0.033132534,0.054559484,0.028385194,0.268014395,0.020612026,0.224381458
Study1_recovery,MFAC,moderate_g2_q1,63,1000,0.2,0.2,2,1,TRUE,1,85,-3348.088011,6794.176021,7034.65603,7006.079232,0.034133257,1207.95,0.925356435,0.019,0.981,,0.100948562,0.078834696,0.708668134,NA,NA,NA,NA
Study1_recovery,MCNFAC,moderate_g2_q1,63,1000,0.2,0.2,2,1,TRUE,1,169,-3155.890712,6417.781424,6677.892454,6646.982856,0.034362112,2548.69,0.936951877,0.016,0.984,,0.079870611,0.066284202,0.121439077,0.021692167,0.857190904,0.020587938,0.621788026
Study1_recovery,MFAC,moderate_g2_q1,64,1000,0.2,0.2,2,1,TRUE,1,136,-3306.833323,6711.666646,6952.146655,6923.569857,0.031427033,1897.38,0.944727619,0.014,0.986,,0.09693425,0.065702572,0.857365469,NA,NA,NA,NA
Study1_recovery,MCNFAC,moderate_g2_q1,64,1000,0.2,0.2,2,1,TRUE,1,203,-3077.820319,6261.640638,6521.751668,6490.84207,0.030006535,3207.49,0.92152034,0.02,0.98,,0.057239894,0.040655443,0.061777633,0.02077788,0.172617828,0.019319817,0.159247069
Study1_recovery,MFAC,moderate_g2_q1,65,1000,0.2,0.2,2,1,TRUE,1,127,-3382.598741,6863.197483,7103.677492,7075.100694,0.033964726,1815.99,0.92536511,0.019,0.981,,0.044091571,0.031480895,0.899381333,NA,NA,NA,NA
Study1_recovery,MCNFAC,moderate_g2_q1,65,1000,0.2,0.2,2,1,TRUE,1,205,-3113.113282,6332.226564,6592.337594,6561.427996,0.034971253,3209.68,0.917678135,0.021,0.979,,0.080807415,0.060290344,0.049719303,0.029158746,0.932714438,0.026522585,0.90374327
Study1_recovery,MFAC,moderate_g2_q1,66,1000,0.2,0.2,2,1,TRUE,1,97,-3327.448076,6752.896151,6993.37616,6964.799362,0.031722426,1353.19,0.936959134,0.016,0.984,,0.125045248,0.075340476,0.807021629,NA,NA,NA,NA
Study1_recovery,MCNFAC,moderate_g2_q1,66,1000,0.2,0.2,2,1,TRUE,1,188,-3086.984031,6279.968062,6540.079091,6509.169494,0.031202801,2787.59,0.936959966,0.016,0.984,,0.09836046,0.057733163,0.053769917,0.036013046,0.406894542,0.028990401,0.402585521
Study1_recovery,MFAC,moderate_g2_q1,67,1000,0.2,0.2,2,1,TRUE,1,121,-3236.393899,6570.787798,6811.267807,6782.691009,0.02866445,1687.95,0.944703117,0.014,0.986,,0.053410547,0.04355718,0.617292906,NA,NA,NA,NA
Study1_recovery,MCNFAC,moderate_g2_q1,67,1000,0.2,0.2,2,1,TRUE,1,184,-3017.832906,6141.665812,6401.776842,6370.867244,0.027243574,2791.91,0.940814187,0.015,0.985,,0.06080196,0.040565343,0.096086925,0.01867306,0.308282509,0.013799969,0.288349809
Study1_recovery,MFAC,moderate_g2_q1,68,1000,0.2,0.2,2,1,TRUE,1,108,-3204.284174,6506.568349,6747.048357,6718.471559,0.035156055,1525.06,0.921519247,0.02,0.98,,0.127289101,0.092879729,0.632311325,NA,NA,NA,NA
Study1_recovery,MCNFAC,moderate_g2_q1,68,1000,0.2,0.2,2,1,TRUE,1,178,-2997.915337,6101.830674,6361.941703,6331.032106,0.033700853,2686.75,0.925367325,0.019,0.981,,0.112918802,0.079887262,0.02433023,0.027556347,0.500434731,0.026406075,0.455888811
Study1_recovery,MFAC,moderate_g2_q1,69,1000,0.2,0.2,2,1,TRUE,1,109,-3436.846958,6971.693917,7212.173926,7183.597128,0.034158812,1571.2,0.933087065,0.017,0.983,,0.090466671,0.07025081,0.780386663,NA,NA,NA,NA
Study1_recovery,MCNFAC,moderate_g2_q1,69,1000,0.2,0.2,2,1,TRUE,1,181,-3139.305919,6384.611838,6644.722868,6613.81327,0.032734331,2783.79,0.94862338,0.013,0.987,,0.081331324,0.059722239,0.119997527,0.015880659,1.581127615,0.015618496,1.240847888
Study1_recovery,MFAC,moderate_g2_q1,70,1000,0.2,0.2,2,1,TRUE,1,88,-3249.672714,6597.345429,6837.825437,6809.248639,0.025518945,1236.03,0.952520605,0.012,0.988,,0.088837393,0.067013294,0.755249322,NA,NA,NA,NA
Study1_recovery,MCNFAC,moderate_g2_q1,70,1000,0.2,0.2,2,1,TRUE,1,207,-3036.611546,6179.223092,6439.334121,6408.424524,0.025726005,3115.9,0.964283332,0.009,0.991,,0.085329655,0.070269986,0.035244591,0.021086272,0.788552801,0.016139047,0.616815009
Study1_recovery,MFAC,moderate_g2_q1,71,1000,0.2,0.2,2,1,TRUE,1,184,-3353.586648,6805.173295,7045.653304,7017.076506,0.029602964,2623.05,0.944727127,0.014,0.986,,0.106547095,0.073651155,0.644871659,NA,NA,NA,NA
Study1_recovery,MCNFAC,moderate_g2_q1,71,1000,0.2,0.2,2,1,TRUE,1,252,-3142.447075,6390.89415,6651.00518,6620.095582,0.029030658,4011.81,0.936959699,0.016,0.984,,0.100924323,0.074632007,0.016400095,0.044151391,0.839450222,0.037375966,0.699989642
Study1_recovery,MFAC,moderate_g2_q1,72,1000,0.2,0.2,2,1,TRUE,1,103,-3290.368133,6678.736266,6919.216274,6890.639476,0.029533604,1621.43,0.936960134,0.016,0.984,,0.077838781,0.066056824,0.809128205,NA,NA,NA,NA
Study1_recovery,MCNFAC,moderate_g2_q1,72,1000,0.2,0.2,2,1,TRUE,1,185,-3065.965651,6237.931302,6498.042332,6467.132734,0.027849457,4487.75,0.944728105,0.014,0.986,,0.075742077,0.060495276,0.048388431,0.01289129,0.60896499,0.01220808,0.470941244
Study1_recovery,MFAC,moderate_g2_q1,73,1000,0.2,0.2,2,1,TRUE,1,189,-3216.178168,6530.356336,6770.836344,6742.259546,0.028404779,3001.64,0.940838332,0.015,0.985,,0.049890693,0.036812778,0.673105872,NA,NA,NA,NA
Study1_recovery,MCNFAC,moderate_g2_q1,73,1000,0.2,0.2,2,1,TRUE,1,209,-2943.81557,5993.631141,6253.742171,6222.832573,0.025111277,3252.19,0.944726496,0.014,0.986,,0.039123516,0.031769086,0.147824823,0.026815566,1.680443482,0.025082677,1.511405828
Study1_recovery,MFAC,moderate_g2_q1,74,1000,0.2,0.2,2,1,TRUE,1,75,-3253.466087,6604.932174,6845.412182,6816.835384,0.023939475,1249.48,0.964281154,0.009,0.991,,0.068921613,0.048780087,0.911178675,NA,NA,NA,NA
Study1_recovery,MCNFAC,moderate_g2_q1,74,1000,0.2,0.2,2,1,TRUE,1,244,-3036.44221,6178.88442,6438.995449,6408.085852,0.022708447,3771.62,0.968218541,0.008,0.992,,0.066729094,0.050047815,0.056015377,0.035962858,0.584028017,0.025724213,0.519644369
Study1_recovery,MFAC,moderate_g2_q1,75,1000,0.2,0.2,2,1,TRUE,1,92,-3309.293876,6716.587751,6957.06776,6928.490962,0.032421522,1487.79,0.948620638,0.013,0.987,,0.11050648,0.073531833,0.797317761,NA,NA,NA,NA
Study1_recovery,MCNFAC,moderate_g2_q1,75,1000,0.2,0.2,2,1,TRUE,1,184,-3089.951573,6285.903145,6546.014175,6515.104577,0.031090605,2813.79,0.936957102,0.016,0.984,,0.071892947,0.049169303,0.141897951,0.018322309,0.421258264,0.018250013,0.340206248
Study1_recovery,MFAC,moderate_g2_q1,76,1000,0.2,0.2,2,1,TRUE,1,92,-3311.784197,6721.568394,6962.048403,6933.471605,0.031331497,1414.91,0.936956702,0.016,0.984,,0.117427907,0.082916892,1.006902049,NA,NA,NA,NA
Study1_recovery,MCNFAC,moderate_g2_q1,76,1000,0.2,0.2,2,1,TRUE,1,235,-3131.586025,6369.172051,6629.283081,6598.373483,0.031559111,3495.3,0.936957485,0.016,0.984,,0.067549888,0.051329183,0.146497113,0.045841342,1.260492297,0.039638895,1.215289447
Study1_recovery,MFAC,moderate_g2_q1,77,1000,0.2,0.2,2,1,TRUE,1,61,-3470.808536,7039.617073,7280.097081,7251.520283,0.036201289,989.42,0.925355734,0.019,0.981,,0.077956159,0.04513582,0.852892402,NA,NA,NA,NA
Study1_recovery,MCNFAC,moderate_g2_q1,77,1000,0.2,0.2,2,1,TRUE,1,185,-3234.170238,6574.340477,6834.451507,6803.541909,0.037663823,4465.92,0.944722436,0.014,0.986,,0.074799598,0.050846452,0.126030819,0.035606356,0.261502914,0.026735873,0.223925034
Study1_recovery,MFAC,moderate_g2_q1,78,1000,0.2,0.2,2,1,TRUE,1,51,-3405.189885,6908.379771,7148.859779,7120.282982,0.033213792,833.61,0.917675308,0.021,0.979,,0.09170703,0.069029539,0.993794051,NA,NA,NA,NA
Study1_recovery,MCNFAC,moderate_g2_q1,78,1000,0.2,0.2,2,1,TRUE,1,160,-3145.36111,6396.72222,6656.83325,6625.923652,0.033475423,4346.69,0.925364626,0.019,0.981,,0.083881531,0.059821027,0.117567866,0.03093839,1.199330916,0.030091405,0.910454417
Study1_recovery,MFAC,moderate_g2_q1,79,1000,0.2,0.2,2,1,TRUE,1,105,-3237.625508,6573.251016,6813.731025,6785.154227,0.028612085,5309.33,0.925355473,0.019,0.981,,0.088118562,0.070162944,0.843409631,NA,NA,NA,NA
Study1_recovery,MCNFAC,moderate_g2_q1,79,1000,0.2,0.2,2,1,TRUE,1,203,-3034.362393,6174.724785,6434.835815,6403.926217,0.027302377,3060.17,0.944721401,0.014,0.986,,0.078508184,0.061611251,0.046466544,0.013186902,0.511338229,0.009395144,0.407800005
Study1_recovery,MFAC,moderate_g2_q1,80,1000,0.2,0.2,2,1,TRUE,1,142,-3371.272718,6840.545436,7081.025445,7052.448647,0.035302185,5901.23,0.944727465,0.014,0.986,,0.060650355,0.041762864,0.745717606,NA,NA,NA,NA
Study1_recovery,MCNFAC,moderate_g2_q1,80,1000,0.2,0.2,2,1,TRUE,1,227,-3105.938691,6317.877382,6577.988412,6547.078814,0.032480416,3608.28,0.94472791,0.014,0.986,,0.057003784,0.040332609,0.065565746,0.022974248,0.44632333,0.02265205,0.440786739
Study1_recovery,MFAC,moderate_g2_q1,1,1000,0.3,0.3,2,1,TRUE,1,179,-2996.074533,6090.149066,6330.629075,6302.052277,0.02735906,3581.99,0.944725681,0.014,0.986,,0.092964957,0.066987605,0.730340034,NA,NA,NA,NA
Study1_recovery,MCNFAC,moderate_g2_q1,1,1000,0.3,0.3,2,1,TRUE,1,198,-2837.132631,5780.265263,6040.376293,6009.466695,0.026844349,2535.97,0.952526144,0.012,0.988,,0.063122341,0.047265917,0.059480305,0.040101403,0.273824185,0.039754216,0.269238189
Study1_recovery,MFAC,moderate_g2_q1,2,1000,0.3,0.3,2,1,TRUE,1,132,-3143.194755,6384.389509,6624.869518,6596.29272,0.04680754,2692.07,0.917667455,0.021,0.979,,0.139759077,0.105146424,0.596899024,NA,NA,NA,NA
Study1_recovery,MCNFAC,moderate_g2_q1,2,1000,0.3,0.3,2,1,TRUE,1,191,-2964.824035,6035.648071,6295.7591,6264.849503,0.044686101,2223.97,0.921507486,0.02,0.98,,0.129549755,0.085269235,0.139391064,0.045405561,0.90299763,0.041963191,0.763416659
Study1_recovery,MFAC,moderate_g2_q1,3,1000,0.3,0.3,2,1,TRUE,1,153,-3133.153695,6364.30739,6604.787398,6576.2106,0.027633976,6811.01,0.948581536,0.013,0.987,,0.106492811,0.076781138,0.835226454,NA,NA,NA,NA
Study1_recovery,MCNFAC,moderate_g2_q1,3,1000,0.3,0.3,2,1,TRUE,1,181,-2960.498843,6026.997686,6287.108716,6256.199118,0.026572581,3540.29,0.948585495,0.013,0.987,,0.088897669,0.05514794,0.05028804,0.05050939,0.790355229,0.050504495,0.728070194
Study1_recovery,MFAC,moderate_g2_q1,4,1000,0.3,0.3,2,1,TRUE,1,179,-3221.66984,6541.339681,6781.81969,6753.242892,0.036255646,8180.42,0.917654257,0.021,0.979,,0.145550912,0.083338515,0.896064958,NA,NA,NA,NA
Study1_recovery,MCNFAC,moderate_g2_q1,4,1000,0.3,0.3,2,1,TRUE,1,214,-3028.984505,6163.96901,6424.08004,6393.170442,0.034264265,4166.94,0.936943927,0.016,0.984,,0.114158077,0.059994554,0.134951913,0.00289709,0.931284657,0.002570846,0.868872383
Study1_recovery,MFAC,moderate_g2_q1,5,1000,0.3,0.3,2,1,TRUE,1,110,-3138.836204,6375.672408,6616.152417,6587.575619,0.032709421,4452.33,0.9330829,0.017,0.983,,0.112652338,0.085119743,0.907126012,NA,NA,NA,NA
Study1_recovery,MCNFAC,moderate_g2_q1,5,1000,0.3,0.3,2,1,TRUE,1,157,-2980.550796,6067.101593,6327.212623,6296.303025,0.032738582,3038.35,0.936956779,0.016,0.984,,0.107301047,0.081082403,0.100880194,0.033607154,0.7349839,0.030112779,0.569932471
Study1_recovery,MFAC,moderate_g2_q1,6,1000,0.3,0.3,2,1,TRUE,1,116,-3167.440878,6432.881756,6673.361765,6644.784967,0.024082193,4808.53,0.964287919,0.009,0.991,,0.092591366,0.071579587,0.81652078,NA,NA,NA,NA
Study1_recovery,MCNFAC,moderate_g2_q1,6,1000,0.3,0.3,2,1,TRUE,1,171,-2985.499378,6076.998755,6337.109785,6306.200187,0.022454413,3358.3,0.984047941,0.004,0.996,,0.053615751,0.039391674,0.104351496,0.05274707,1.29782665,0.052712047,1.141872452
Study1_recovery,MFAC,moderate_g2_q1,7,1000,0.3,0.3,2,1,TRUE,1,216,-3012.321215,6122.642431,6363.122439,6334.545641,0.02984364,9141.55,0.952521688,0.012,0.988,,0.099145876,0.074611305,0.670362195,NA,NA,NA,NA
Study1_recovery,MCNFAC,moderate_g2_q1,7,1000,0.3,0.3,2,1,TRUE,1,206,-2842.919756,5791.839512,6051.950542,6021.040944,0.028110984,4132.17,0.952522672,0.012,0.988,,0.098126223,0.069538705,0.06261623,0.024101796,0.390891449,0.02392967,0.390617716
Study1_recovery,MFAC,moderate_g2_q1,8,1000,0.3,0.3,2,1,TRUE,1,137,-3145.38448,6388.76896,6629.248969,6600.672171,0.039569805,6441.6,0.948623911,0.013,0.987,,0.090637128,0.068407031,0.71947981,NA,NA,NA,NA
Study1_recovery,MCNFAC,moderate_g2_q1,8,1000,0.3,0.3,2,1,TRUE,1,178,-2903.106598,5912.213195,6172.324225,6141.414627,0.035124819,3576.35,0.972167923,0.007,0.993,,0.068855242,0.043521908,0.114717321,0.026155402,1.645277327,0.025950796,1.643346731
Study1_recovery,MFAC,moderate_g2_q1,9,1000,0.3,0.3,2,1,TRUE,1,212,-3044.412571,6186.825141,6427.30515,6398.728352,0.032991155,9051.01,0.944722974,0.014,0.986,,0.104021374,0.074647932,0.651665559,NA,NA,NA,NA
Study1_recovery,MCNFAC,moderate_g2_q1,9,1000,0.3,0.3,2,1,TRUE,1,252,-2893.508862,5893.017724,6153.128754,6122.219156,0.031344702,4959.03,0.948619882,0.013,0.987,,0.096882304,0.067419202,0.082668514,0.055030313,1.278384819,0.052361637,0.974319919
Study1_recovery,MFAC,moderate_g2_q1,10,1000,0.3,0.3,2,1,TRUE,1,104,-3079.921889,6257.843778,6498.323787,6469.746989,0.033779163,4149.06,0.936960932,0.016,0.984,,0.113562942,0.076861668,0.6809263,NA,NA,NA,NA
Study1_recovery,MCNFAC,moderate_g2_q1,10,1000,0.3,0.3,2,1,TRUE,1,136,-2917.830159,5941.660318,6201.771348,6170.86175,0.032302689,2640.34,0.948624605,0.013,0.987,,0.096220637,0.072436101,0.068152935,0.028430607,1.176473092,0.028043645,1.041137426
Study1_recovery,MFAC,moderate_g2_q1,11,1000,0.3,0.3,2,1,TRUE,1,134,-3127.42552,6352.851041,6593.331049,6564.754251,0.03439333,5640.52,0.925345778,0.019,0.981,,0.130518532,0.101395155,0.679822093,NA,NA,NA,NA
Study1_recovery,MCNFAC,moderate_g2_q1,11,1000,0.3,0.3,2,1,TRUE,1,188,-2943.455402,5992.910803,6253.021833,6222.112235,0.035733022,3599.07,0.913825142,0.022,0.978,,0.12051991,0.085167406,0.01904353,0.012317342,0.275124351,0.011265078,0.273792782
Study1_recovery,MFAC,moderate_g2_q1,12,1000,0.3,0.3,2,1,TRUE,1,123,-3239.637686,6577.275372,6817.75538,6789.178582,0.040082261,5543.17,0.917661501,0.021,0.979,,0.090894374,0.069822718,0.865794217,NA,NA,NA,NA
Study1_recovery,MCNFAC,moderate_g2_q1,12,1000,0.3,0.3,2,1,TRUE,3,216,-3032.063049,6170.126099,6430.237129,6399.327531,0.034551885,4191.2,0.933074766,0.017,0.983,,0.079160716,0.065279653,0.065719349,0.033998839,0.481030751,0.028847869,0.375020119
Study1_recovery,MFAC,moderate_g2_q1,13,1000,0.3,0.3,2,1,TRUE,3,152,-3144.438424,6386.876848,6627.356856,6598.780058,0.033072475,2844.7,0.940835834,0.015,0.985,,0.076821182,0.060980695,1.035808112,NA,NA,NA,NA
Study1_recovery,MCNFAC,moderate_g2_q1,13,1000,0.3,0.3,2,1,TRUE,2,159,-2957.345383,6020.690766,6280.801796,6249.892198,0.029143457,3128.91,0.956437908,0.011,0.989,,0.082278072,0.058639526,0.063834046,0.046365726,0.633782468,0.043630059,0.52674635
Study1_recovery,MFAC,moderate_g2_q1,14,1000,0.3,0.3,2,1,TRUE,1,239,-3037.8142,6173.628401,6414.10841,6385.531612,0.044190209,4625.55,0.944722925,0.014,0.986,,0.106269985,0.077876238,0.550191512,NA,NA,NA,NA
Study1_recovery,MCNFAC,moderate_g2_q1,14,1000,0.3,0.3,2,1,TRUE,1,200,-2890.64593,5887.29186,6147.402889,6116.493292,0.042807897,3915.13,0.921513951,0.02,0.98,,0.084104981,0.066144802,0.043970672,0.034053769,1.00968625,0.033873623,0.938045949
Study1_recovery,MFAC,moderate_g2_q1,15,1000,0.3,0.3,2,1,TRUE,1,117,-3118.131401,6334.262802,6574.742811,6546.166013,0.035617728,2586.56,0.913835439,0.022,0.978,,0.0871789,0.060416172,0.69732592,NA,NA,NA,NA
Study1_recovery,MCNFAC,moderate_g2_q1,15,1000,0.3,0.3,2,1,TRUE,1,193,-2910.617093,5927.234187,6187.345217,6156.435619,0.033875961,3922.53,0.906196695,0.024,0.976,,0.078388239,0.062929252,0.060723974,0.024943215,0.870841617,0.018997562,0.699337464
Study1_recovery,MFAC,moderate_g2_q1,16,1000,0.3,0.3,2,1,TRUE,1,112,-3202.075461,6502.150923,6742.630931,6714.054133,0.033637338,2149.89,0.917681442,0.021,0.979,,0.115094893,0.076117664,0.804000732,NA,NA,NA,NA
Study1_recovery,MCNFAC,moderate_g2_q1,16,1000,0.3,0.3,2,1,TRUE,1,145,-2973.514884,6053.029768,6313.140798,6282.2312,0.031441431,2852.27,0.929225107,0.018,0.982,,0.081710082,0.058208195,0.049274836,0.018400437,1.097208423,0.018196725,0.964108752
Study1_recovery,MFAC,moderate_g2_q1,17,1000,0.3,0.3,2,1,TRUE,1,91,-3205.615053,6509.230107,6749.710115,6721.133317,0.042684234,1884.53,0.913849861,0.022,0.978,,0.130474835,0.093536767,0.848100127,NA,NA,NA,NA
Study1_recovery,MCNFAC,moderate_g2_q1,17,1000,0.3,0.3,2,1,TRUE,1,142,-3019.335189,6144.670379,6404.781408,6373.871811,0.040944099,2800.43,0.952528492,0.012,0.988,,0.093197607,0.065715592,0.027640821,0.019830417,0.548321365,0.019826376,0.544265541
Study1_recovery,MFAC,moderate_g2_q1,18,1000,0.3,0.3,2,1,TRUE,1,102,-3098.23206,6294.464121,6534.944129,6506.367331,0.028641716,1987.92,0.948624578,0.013,0.987,,0.083785602,0.060098169,0.72703201,NA,NA,NA,NA
Study1_recovery,MCNFAC,moderate_g2_q1,18,1000,0.3,0.3,2,1,TRUE,1,131,-2885.619671,5877.239343,6137.350373,6106.440775,0.024521762,2565.13,0.960360338,0.01,0.99,,0.070860547,0.052581414,0.101768366,0.034754965,0.982693631,0.025664336,0.978244316
Study1_recovery,MFAC,moderate_g2_q1,19,1000,0.3,0.3,2,1,TRUE,1,114,-2991.492363,6080.984727,6321.464735,6292.887937,0.027137273,2289.75,0.948621896,0.013,0.987,,0.097851827,0.054064079,0.735063933,NA,NA,NA,NA
Study1_recovery,MCNFAC,moderate_g2_q1,19,1000,0.3,0.3,2,1,TRUE,2,129,-2869.710621,5845.421242,6105.532272,6074.622674,0.02856551,2562.48,0.933086206,0.017,0.983,,0.107234629,0.070768494,0.079386111,0.013924637,1.557944127,0.010593018,1.29040123
Study1_recovery,MFAC,moderate_g2_q1,20,1000,0.3,0.3,2,1,TRUE,1,127,-3107.983511,6313.967022,6554.447031,6525.870233,0.036752557,2497.43,0.921520649,0.02,0.98,,0.072834603,0.056584707,0.718114241,NA,NA,NA,NA
Study1_recovery,MCNFAC,moderate_g2_q1,20,1000,0.3,0.3,2,1,TRUE,1,144,-2947.844924,6001.689849,6261.800879,6230.891281,0.034820926,2811.39,0.956440118,0.011,0.989,,0.078507831,0.057729923,0.082808669,0.013197223,0.878591309,0.013174987,0.78788089
Study1_recovery,MFAC,moderate_g2_q1,21,1000,0.3,0.3,2,1,TRUE,1,198,-3126.148724,6350.297448,6590.777457,6562.200659,0.026546741,3796.86,0.948618027,0.013,0.987,,0.072114364,0.05292628,0.686832592,NA,NA,NA,NA
Study1_recovery,MCNFAC,moderate_g2_q1,21,1000,0.3,0.3,2,1,TRUE,1,177,-2956.273339,6018.546679,6278.657709,6247.748111,0.027412887,3047.2,0.940834953,0.015,0.985,,0.079063807,0.054247334,0.050771612,0.017161283,0.595716273,0.016117941,0.584565954
Study1_recovery,MFAC,moderate_g2_q1,22,1000,0.3,0.3,2,1,TRUE,1,111,-3115.506712,6329.013424,6569.493433,6540.916635,0.042284374,2227.41,0.933082912,0.017,0.983,,0.09052492,0.061755554,0.735339355,NA,NA,NA,NA
Study1_recovery,MCNFAC,moderate_g2_q1,22,1000,0.3,0.3,2,1,TRUE,1,170,-2932.082961,5970.165922,6230.276952,6199.367354,0.039015792,3171.75,0.925364591,0.019,0.981,,0.076589375,0.058585432,0.03301105,0.019630637,0.368442795,0.019588024,0.326910881
Study1_recovery,MFAC,moderate_g2_q1,23,1000,0.3,0.3,2,1,TRUE,1,146,-3113.888018,6325.776036,6566.256045,6537.679247,0.028359838,2819,0.952527141,0.012,0.988,,0.086885389,0.065957012,0.752787204,NA,NA,NA,NA
Study1_recovery,MCNFAC,moderate_g2_q1,23,1000,0.3,0.3,2,1,TRUE,1,138,-2924.8712,5955.7424,6215.85343,6184.943832,0.026801044,3214.34,0.944727645,0.014,0.986,,0.063427354,0.048945378,0.102970121,0.00931509,0.376057002,0.008822906,0.343669025
Study1_recovery,MFAC,moderate_g2_q1,24,1000,0.3,0.3,2,1,TRUE,1,156,-3114.181906,6326.363812,6566.84382,6538.267022,0.03051005,3166.76,0.925364095,0.019,0.981,,0.156507332,0.092247414,0.836994926,NA,NA,NA,NA
Study1_recovery,MCNFAC,moderate_g2_q1,24,1000,0.3,0.3,2,1,TRUE,1,138,-2978.607178,6063.214355,6323.325385,6292.415787,0.029623965,5069.83,0.952525608,0.012,0.988,,0.107493592,0.062514595,0.186215855,0.042838722,1.296606392,0.035432598,1.2752147
Study1_recovery,MFAC,moderate_g2_q1,25,1000,0.3,0.3,2,1,TRUE,1,140,-3126.958241,6351.916481,6592.39649,6563.819692,0.033905493,3549.8,0.94083332,0.015,0.985,,0.069308269,0.054362146,0.789695028,NA,NA,NA,NA
Study1_recovery,MCNFAC,moderate_g2_q1,25,1000,0.3,0.3,2,1,TRUE,1,168,-2916.248897,5938.497794,6198.608824,6167.699226,0.032576404,3987.05,0.956436411,0.011,0.989,,0.043799877,0.034720518,0.115678262,0.015962257,0.513919773,0.015627215,0.509130608
Study1_recovery,MFAC,moderate_g2_q1,26,1000,0.3,0.3,2,1,TRUE,1,159,-3109.245818,6316.491636,6556.971644,6528.394846,0.034994257,3869.27,0.906209483,0.024,0.976,,0.124789996,0.075339157,0.946781644,NA,NA,NA,NA
Study1_recovery,MCNFAC,moderate_g2_q1,26,1000,0.3,0.3,2,1,TRUE,1,192,-2888.376655,5882.75331,6142.864339,6111.954741,0.031725521,4576.41,0.929225028,0.018,0.982,,0.066328585,0.04722861,0.057167511,0.024393238,2.286907385,0.019735192,2.20778408
Study1_recovery,MFAC,moderate_g2_q1,27,1000,0.3,0.3,2,1,TRUE,1,126,-3156.780093,6411.560185,6652.040194,6623.463396,0.03332985,3191.79,0.92534599,0.019,0.981,,0.095732488,0.066449012,0.87502109,NA,NA,NA,NA
Study1_recovery,MCNFAC,moderate_g2_q1,27,1000,0.3,0.3,2,1,TRUE,1,177,-2932.404254,5970.808508,6230.919538,6200.00994,0.031252381,4041.44,0.948613627,0.013,0.987,,0.098897471,0.066236683,0.11138441,0.032360045,1.118602326,0.032177532,1.110237971
Study1_recovery,MFAC,moderate_g2_q1,28,1000,0.3,0.3,2,1,TRUE,1,103,-3111.140362,6320.280725,6560.760734,6532.183936,0.031720921,2680.39,0.94861853,0.013,0.987,,0.093968508,0.073792438,0.681852933,NA,NA,NA,NA
Study1_recovery,MCNFAC,moderate_g2_q1,28,1000,0.3,0.3,2,1,TRUE,1,225,-2956.030532,6018.061064,6278.172094,6247.262496,0.027527273,4988.75,0.964284713,0.009,0.991,,0.073282142,0.05810916,0.144456049,0.065221591,1.294830035,0.05476832,1.262600688
Study1_recovery,MFAC,moderate_g2_q1,29,1000,0.3,0.3,2,1,TRUE,1,141,-3113.23978,6324.479559,6564.959568,6536.38277,0.030837461,3547.8,0.940840019,0.015,0.985,,0.078432615,0.062642115,0.661471634,NA,NA,NA,NA
Study1_recovery,MCNFAC,moderate_g2_q1,29,1000,0.3,0.3,2,1,TRUE,1,124,-2971.598623,6049.197246,6309.308276,6278.398678,0.030668363,2899.19,0.936960157,0.016,0.984,,0.074295092,0.055424551,0.042369201,0.03676002,1.341054658,0.028393141,1.240619667
Study1_recovery,MFAC,moderate_g2_q1,30,1000,0.3,0.3,2,1,TRUE,1,103,-3194.431102,6486.862203,6727.342212,6698.765414,0.025092521,2551.88,0.925364083,0.019,0.981,,0.117786073,0.080012307,0.938154987,NA,NA,NA,NA
Study1_recovery,MCNFAC,moderate_g2_q1,30,1000,0.3,0.3,2,1,TRUE,1,224,-2977.706108,6061.412217,6321.523247,6290.613649,0.023651743,4892.33,0.936957087,0.016,0.984,,0.104056337,0.075095056,0.128685744,0.037607424,0.296748131,0.033359477,0.251958092
Study1_recovery,MFAC,moderate_g2_q1,31,1000,0.3,0.3,2,1,TRUE,1,147,-3199.577125,6497.154249,6737.634258,6709.05746,0.034153262,3622.39,0.936940429,0.016,0.984,,0.104724702,0.076752783,0.764690656,NA,NA,NA,NA
Study1_recovery,MCNFAC,moderate_g2_q1,31,1000,0.3,0.3,2,1,TRUE,1,192,-2965.804019,6037.608039,6297.719068,6266.809471,0.033738396,4591.03,0.933071868,0.017,0.983,,0.081185293,0.055923839,0.039414012,0.025575933,1.013405783,0.019249488,0.819967228
Study1_recovery,MFAC,moderate_g2_q1,32,1000,0.3,0.3,2,1,TRUE,1,164,-3125.417799,6348.835599,6589.315607,6560.738809,0.033424154,3993.63,0.917678124,0.021,0.979,,0.060708399,0.048708881,0.829936582,NA,NA,NA,NA
Study1_recovery,MCNFAC,moderate_g2_q1,32,1000,0.3,0.3,2,1,TRUE,1,173,-2922.477754,5950.955509,6211.066539,6180.156941,0.034402028,4125.84,0.902398614,0.025,0.975,,0.048276642,0.038722926,0.100663973,0.020422034,0.596834194,0.016228564,0.454454614
Study1_recovery,MFAC,moderate_g2_q1,33,1000,0.3,0.3,2,1,TRUE,1,229,-3123.259022,6344.518044,6584.998052,6556.421254,0.040977008,5476.69,0.917680539,0.021,0.979,,0.071211501,0.048624769,0.78676252,NA,NA,NA,NA
Study1_recovery,MCNFAC,moderate_g2_q1,33,1000,0.3,0.3,2,1,TRUE,1,205,-2902.407158,5910.814316,6170.925346,6140.015748,0.042141069,10711.14,0.944728283,0.014,0.986,,0.048337692,0.041430367,0.059350027,0.034503933,0.355758787,0.034253508,0.354964094
Study1_recovery,MFAC,moderate_g2_q1,34,1000,0.3,0.3,2,1,TRUE,1,110,-2975.601361,6049.202721,6289.68273,6261.105932,0.032817786,2928.87,0.933088148,0.017,0.983,,0.10254467,0.071903301,0.555565362,NA,NA,NA,NA
Study1_recovery,MCNFAC,moderate_g2_q1,34,1000,0.3,0.3,2,1,TRUE,1,151,-2836.81167,5779.62334,6039.73437,6008.824772,0.035676206,3544.66,0.936960555,0.016,0.984,,0.071724187,0.057235735,0.057021313,0.02423027,1.349954375,0.021174426,1.273566421
Study1_recovery,MFAC,moderate_g2_q1,35,1000,0.3,0.3,2,1,TRUE,1,104,-3205.706276,6509.412552,6749.892561,6721.315763,0.027706181,2538.36,0.952526796,0.012,0.988,,0.074852265,0.058995743,0.735846252,NA,NA,NA,NA
Study1_recovery,MCNFAC,moderate_g2_q1,35,1000,0.3,0.3,2,1,TRUE,1,132,-3003.803502,6113.607003,6373.718033,6342.808435,0.024570078,2809.87,0.960359081,0.01,0.99,,0.05466764,0.040451746,0.059902438,0.029307154,0.463625258,0.028715183,0.349278032
Study1_recovery,MFAC,moderate_g2_q1,36,1000,0.3,0.3,2,1,TRUE,1,169,-3080.362818,6258.725637,6499.205646,6470.628848,0.03365882,9251.94,0.94859095,0.013,0.987,,0.117097008,0.078956199,0.811064793,NA,NA,NA,NA
Study1_recovery,MCNFAC,moderate_g2_q1,36,1000,0.3,0.3,2,1,TRUE,1,227,-2916.379217,5938.758434,6198.869463,6167.959866,0.034131659,5498.37,0.956416072,0.011,0.989,,0.07239018,0.049867241,0.029802828,0.006758192,0.311016655,0.006001364,0.276782328
Study1_recovery,MFAC,moderate_g2_q1,37,1000,0.3,0.3,2,1,TRUE,1,103,-3206.666619,6511.333238,6751.813247,6723.236449,0.024806453,7526.36,0.956437068,0.011,0.989,,0.154374666,0.105872568,0.932235229,NA,NA,NA,NA
Study1_recovery,MCNFAC,moderate_g2_q1,37,1000,0.3,0.3,2,1,TRUE,1,160,-2998.925318,6103.850637,6363.961667,6333.052069,0.024674236,3604.15,0.972166013,0.007,0.993,,0.111245711,0.077560675,0.078862635,0.02189905,0.264682304,0.01999417,0.246627046
Study1_recovery,MFAC,moderate_g2_q1,38,1000,0.3,0.3,2,1,TRUE,1,153,-3119.242846,6336.485692,6576.965701,6548.388903,0.032721764,7908.52,0.940834918,0.015,0.985,,0.110821074,0.089287039,0.863753521,NA,NA,NA,NA
Study1_recovery,MCNFAC,moderate_g2_q1,38,1000,0.3,0.3,2,1,TRUE,1,145,-2937.331872,5980.663744,6240.774774,6209.865176,0.029944746,4009.8,0.952524675,0.012,0.988,,0.097063304,0.068531473,0.120107829,0.047683288,0.765481392,0.047675975,0.566363093
Study1_recovery,MFAC,moderate_g2_q1,39,1000,0.3,0.3,2,1,TRUE,1,139,-3167.087368,6432.174737,6672.654745,6644.077947,0.033688599,3309.64,0.936947978,0.016,0.984,,0.086954304,0.062325893,0.916281132,NA,NA,NA,NA
Study1_recovery,MCNFAC,moderate_g2_q1,39,1000,0.3,0.3,2,1,TRUE,1,208,-2955.997437,6017.994875,6278.105905,6247.196307,0.032764226,5829.55,0.925355641,0.019,0.981,,0.054668001,0.042887308,0.026583366,0.00960901,0.389036815,0.009238803,0.38886276
Study1_recovery,MFAC,moderate_g2_q1,40,1000,0.3,0.3,2,1,TRUE,1,139,-3037.796641,6173.593283,6414.073291,6385.496493,0.033119387,3714.44,0.933060604,0.017,0.983,,0.096028504,0.066794357,0.531489576,NA,NA,NA,NA
Study1_recovery,MCNFAC,moderate_g2_q1,40,1000,0.3,0.3,2,1,TRUE,1,199,-2897.809327,5901.618653,6161.729683,6130.820085,0.033212573,5426.89,0.936936392,0.016,0.984,,0.079008519,0.056621266,0.052500644,0.008633985,0.926872895,0.008633027,0.824067181
Study1_recovery,MFAC,moderate_g2_q1,41,1000,0.3,0.3,2,1,TRUE,1,216,-3150.354838,6398.709676,6639.189685,6610.612887,0.041870235,4942.02,0.92150035,0.02,0.98,,0.07227623,0.063103429,0.862256028,NA,NA,NA,NA
Study1_recovery,MCNFAC,moderate_g2_q1,41,1000,0.3,0.3,2,1,TRUE,1,180,-2936.379114,5978.758227,6238.869257,6207.959659,0.041233482,3541.43,0.929210603,0.018,0.982,,0.074816258,0.059759692,0.033790381,0.018077905,0.815959442,0.016042623,0.743325431
Study1_recovery,MFAC,moderate_g2_q1,42,1000,0.3,0.3,2,1,TRUE,1,218,-3185.996397,6469.992795,6710.472803,6681.896005,0.030035031,4906.08,0.94472673,0.014,0.986,,0.104345926,0.082216313,0.889778614,NA,NA,NA,NA
Study1_recovery,MCNFAC,moderate_g2_q1,42,1000,0.3,0.3,2,1,TRUE,1,216,-3007.993302,6121.986603,6382.097633,6351.188035,0.029565532,4095.88,0.944726928,0.014,0.986,,0.099554506,0.074202007,0.079369282,0.00624493,0.604659741,0.004786945,0.590689556
Study1_recovery,MFAC,moderate_g2_q1,43,1000,0.3,0.3,2,1,TRUE,1,131,-3094.516514,6287.033028,6527.513036,6498.936238,0.037235031,3123.92,0.933081152,0.017,0.983,,0.094668199,0.065585444,0.527747403,NA,NA,NA,NA
Study1_recovery,MCNFAC,moderate_g2_q1,43,1000,0.3,0.3,2,1,TRUE,1,182,-2949.165521,6004.331042,6264.442072,6233.532474,0.036484024,5007.36,0.944723413,0.014,0.986,,0.057795747,0.044953934,0.065234813,0.017022484,0.776441346,0.015591913,0.706724608
Study1_recovery,MFAC,moderate_g2_q1,44,1000,0.3,0.3,2,1,TRUE,1,137,-3204.044161,6506.088323,6746.568331,6717.991533,0.039132485,3217.48,0.92922443,0.018,0.982,,0.12544718,0.067302809,0.808740511,NA,NA,NA,NA
Study1_recovery,MCNFAC,moderate_g2_q1,44,1000,0.3,0.3,2,1,TRUE,1,162,-2975.872422,6057.744844,6317.855874,6286.946276,0.036028531,4413.94,0.936960628,0.016,0.984,,0.061314629,0.046362115,0.058100962,0.012696538,0.741028362,0.012558917,0.735473373
Study1_recovery,MFAC,moderate_g2_q1,45,1000,0.3,0.3,2,1,TRUE,1,111,-3162.984643,6423.969287,6664.449296,6635.872498,0.03396622,2630.86,0.933079085,0.017,0.983,,0.134868321,0.102158793,0.894763861,NA,NA,NA,NA
Study1_recovery,MCNFAC,moderate_g2_q1,45,1000,0.3,0.3,2,1,TRUE,1,154,-2971.852758,6049.705516,6309.816546,6278.906948,0.033340001,4528.05,0.936953803,0.016,0.984,,0.097220023,0.073725061,0.03329959,0.001943305,1.373286169,0.001481258,1.372951638
Study1_recovery,MFAC,moderate_g2_q1,46,1000,0.3,0.3,2,1,TRUE,1,168,-3018.404794,6134.809588,6375.289596,6346.712798,0.033590077,4334.52,0.960359573,0.01,0.99,,0.1100882,0.055924994,0.637982463,NA,NA,NA,NA
Study1_recovery,MCNFAC,moderate_g2_q1,46,1000,0.3,0.3,2,1,TRUE,1,188,-2838.25949,5782.518981,6042.63001,6011.720412,0.035483795,3002.23,0.960359756,0.01,0.99,,0.0615583,0.035918449,0.079666188,0.034115097,0.413129832,0.032343109,0.326961444
Study1_recovery,MFAC,moderate_g2_q1,47,1000,0.3,0.3,2,1,TRUE,1,268,-3130.310015,6358.620029,6599.100038,6570.52324,0.025763346,5762.8,0.964284382,0.009,0.991,,0.067351972,0.05379559,0.999001319,NA,NA,NA,NA
Study1_recovery,MCNFAC,moderate_g2_q1,47,1000,0.3,0.3,2,1,TRUE,1,262,-2923.643343,5953.286687,6213.397716,6182.488119,0.023005003,9049.27,0.968220891,0.008,0.992,,0.064565881,0.0425137,0.077753851,0.017074195,0.880299677,0.015231062,0.671715768
Study1_recovery,MFAC,moderate_g2_q1,48,1000,0.3,0.3,2,1,TRUE,1,135,-3219.95747,6537.914941,6778.394949,6749.818151,0.045187131,3031.37,0.933087248,0.017,0.983,,0.078292627,0.055446016,0.961706652,NA,NA,NA,NA
Study1_recovery,MCNFAC,moderate_g2_q1,48,1000,0.3,0.3,2,1,TRUE,1,195,-2987.807138,6081.614275,6341.725305,6310.815707,0.041870337,4639.1,0.925367779,0.019,0.981,,0.061963651,0.047266054,0.052339225,0.023692218,1.053036624,0.022959678,0.963422901
Study1_recovery,MFAC,moderate_g2_q1,49,1000,0.3,0.3,2,1,TRUE,1,135,-3101.231544,6300.463088,6540.943096,6512.366298,0.029105695,2939.3,0.968210328,0.008,0.992,,0.099895337,0.072086916,0.878156688,NA,NA,NA,NA
Study1_recovery,MCNFAC,moderate_g2_q1,49,1000,0.3,0.3,2,1,TRUE,1,169,-2881.807901,5869.615802,6129.726832,6098.817234,0.027611766,3567.27,0.948606286,0.013,0.987,,0.0664177,0.05064003,0.118678774,0.022563994,1.807935609,0.018799009,1.300399834
Study1_recovery,MFAC,moderate_g2_q1,50,1000,0.3,0.3,2,1,TRUE,1,137,-3188.554858,6475.109716,6715.589725,6687.012927,0.044019147,2987.82,0.925356435,0.019,0.981,,0.135693178,0.098157318,0.743983235,NA,NA,NA,NA
Study1_recovery,MCNFAC,moderate_g2_q1,50,1000,0.3,0.3,2,1,TRUE,1,157,-2962.714117,6031.428234,6291.539263,6260.629666,0.043577165,3345.91,0.921511075,0.02,0.98,,0.113443483,0.076144283,0.081147914,0.038483272,1.122387071,0.03335496,0.984357767
Study1_recovery,MFAC,moderate_g2_q1,51,1000,0.3,0.3,2,1,TRUE,3,128,-3286.452138,6670.904276,6911.384285,6882.807487,0.026969289,2846.08,0.956439242,0.011,0.989,,0.133192212,0.078248277,0.82739352,NA,NA,NA,NA
Study1_recovery,MCNFAC,moderate_g2_q1,51,1000,0.3,0.3,2,1,TRUE,2,144,-3028.852675,6163.70535,6423.81638,6392.906782,0.026835667,4727.96,0.952527302,0.012,0.988,,0.087479858,0.054163925,0.026345321,0.03513157,1.81778285,0.028941194,1.446763646
Study1_recovery,MFAC,moderate_g2_q1,52,1000,0.3,0.3,2,1,TRUE,1,177,-3247.08076,6592.16152,6832.641529,6804.064731,0.037332804,3829.84,0.933084461,0.017,0.983,,0.116672303,0.077425823,0.950123435,NA,NA,NA,NA
Study1_recovery,MCNFAC,moderate_g2_q1,52,1000,0.3,0.3,2,1,TRUE,1,218,-3028.54847,6163.096941,6423.207971,6392.298373,0.036137109,6355.12,0.968222621,0.008,0.992,,0.056661502,0.039633079,0.035462572,0.028453482,0.315629852,0.023127969,0.314758683
Study1_recovery,MFAC,moderate_g2_q1,53,1000,0.3,0.3,2,1,TRUE,1,201,-3142.591504,6383.183007,6623.663016,6595.086218,0.035501708,4278.36,0.913834389,0.022,0.978,,0.11138969,0.080750571,0.732807825,NA,NA,NA,NA
Study1_recovery,MCNFAC,moderate_g2_q1,53,1000,0.3,0.3,2,1,TRUE,1,238,-2988.981377,6083.962754,6344.073784,6313.164186,0.036359367,6916.53,0.917669355,0.021,0.979,,0.08638444,0.067491911,0.088327791,0.016529174,1.030507897,0.01617232,0.82716874
Study1_recovery,MFAC,moderate_g2_q1,54,1000,0.3,0.3,2,1,TRUE,1,122,-3156.503285,6411.00657,6651.486578,6622.90978,0.03272371,2671.08,0.944727762,0.014,0.986,,0.105016439,0.069457043,0.82010716,NA,NA,NA,NA
Study1_recovery,MCNFAC,moderate_g2_q1,54,1000,0.3,0.3,2,1,TRUE,1,178,-2963.762516,6033.525033,6293.636063,6262.726465,0.031805232,3822.31,0.93308816,0.017,0.983,,0.063498127,0.044190221,0.034770434,0.029605919,0.660331993,0.024628829,0.537372089
Study1_recovery,MFAC,moderate_g2_q1,55,1000,0.3,0.3,2,1,TRUE,1,151,-3213.733196,6525.466392,6765.946401,6737.369603,0.035573821,3333.27,0.921516443,0.02,0.98,,0.051773175,0.038326084,0.985112536,NA,NA,NA,NA
Study1_recovery,MCNFAC,moderate_g2_q1,55,1000,0.3,0.3,2,1,TRUE,1,132,-2993.832711,6093.665422,6353.776452,6322.866854,0.036442074,2769.22,0.917678135,0.021,0.979,,0.078909888,0.059677897,0.049591528,0.038870141,0.946002747,0.034559111,0.938746679
Study1_recovery,MFAC,moderate_g2_q1,56,1000,0.3,0.3,2,1,TRUE,1,120,-3151.123089,6400.246178,6640.726187,6612.149389,0.032426615,2669.09,0.929223428,0.018,0.982,,0.120826168,0.068478835,0.799676843,NA,NA,NA,NA
Study1_recovery,MCNFAC,moderate_g2_q1,56,1000,0.3,0.3,2,1,TRUE,1,145,-2958.97033,6023.940661,6284.05169,6253.142093,0.031413962,3199.48,0.936959966,0.016,0.984,,0.100456958,0.060242317,0.086212676,0.04759896,0.460262595,0.042948979,0.459090579
Study1_recovery,MFAC,moderate_g2_q1,57,1000,0.3,0.3,2,1,TRUE,1,152,-3066.751401,6231.502802,6471.982811,6443.406013,0.033062846,3236.92,0.948598784,0.013,0.987,,0.058433744,0.045602258,0.60175945,NA,NA,NA,NA
Study1_recovery,MCNFAC,moderate_g2_q1,57,1000,0.3,0.3,2,1,TRUE,1,197,-2898.471909,5902.943818,6163.054848,6132.14525,0.030265459,5421.7,0.944704528,0.014,0.986,,0.057244686,0.039923863,0.119564578,0.019864911,0.42699753,0.019376767,0.343006965
Study1_recovery,MFAC,moderate_g2_q1,58,1000,0.3,0.3,2,1,TRUE,1,113,-3036.701604,6171.403207,6411.883216,6383.306418,0.036178373,2660.09,0.917679679,0.021,0.979,,0.124469272,0.091472561,0.57210162,NA,NA,NA,NA
Study1_recovery,MCNFAC,moderate_g2_q1,58,1000,0.3,0.3,2,1,TRUE,1,147,-2864.921687,5835.843373,6095.954403,6065.044805,0.034696201,4747.48,0.921519493,0.02,0.98,,0.110966859,0.079932203,0.06715071,0.029355129,0.284182431,0.02626095,0.229268473
Study1_recovery,MFAC,moderate_g2_q1,59,1000,0.3,0.3,2,1,TRUE,1,195,-3242.293819,6582.587639,6823.067648,6794.49085,0.035355797,8032.98,0.933086623,0.017,0.983,,0.112120065,0.078391738,0.815151701,NA,NA,NA,NA
Study1_recovery,MCNFAC,moderate_g2_q1,59,1000,0.3,0.3,2,1,TRUE,1,185,-2983.818776,6073.637552,6333.748581,6302.838984,0.035016865,4287.75,0.936958954,0.016,0.984,,0.088032562,0.065231094,0.082591555,0.008637152,1.662223722,0.007311417,1.535316745
Study1_recovery,MFAC,moderate_g2_q1,60,1000,0.3,0.3,2,1,TRUE,1,131,-3069.655011,6237.310022,6477.790031,6449.213233,0.027738327,4891.11,0.944718844,0.014,0.986,,0.099846495,0.072799253,0.768818504,NA,NA,NA,NA
Study1_recovery,MCNFAC,moderate_g2_q1,60,1000,0.3,0.3,2,1,TRUE,1,187,-2901.599477,5909.198955,6169.309985,6138.400387,0.027821327,5424.32,0.964283332,0.009,0.991,,0.090104968,0.069600308,0.029717887,0.011195118,0.963489612,0.011191956,0.885623481
Study1_recovery,MFAC,moderate_g2_q1,61,1000,0.3,0.3,2,1,TRUE,1,175,-3160.765659,6419.531318,6660.011326,6631.434528,0.031722279,7088.05,0.929223396,0.018,0.982,,0.110703354,0.076778922,0.637030222,NA,NA,NA,NA
Study1_recovery,MCNFAC,moderate_g2_q1,61,1000,0.3,0.3,2,1,TRUE,1,251,-2997.056394,6100.112788,6360.223818,6329.31422,0.031903751,5557.46,0.940839737,0.015,0.985,,0.103677552,0.075101142,0.027285189,0.036026324,0.995389229,0.032447524,0.792554765
Study1_recovery,MFAC,moderate_g2_q1,62,1000,0.3,0.3,2,1,TRUE,1,157,-3129.830577,6357.661153,6598.141162,6569.564364,0.029622586,6618.88,0.940840008,0.015,0.985,,0.071953959,0.05928808,0.874241184,NA,NA,NA,NA
Study1_recovery,MCNFAC,moderate_g2_q1,62,1000,0.3,0.3,2,1,TRUE,1,168,-2943.545641,5993.091281,6253.202311,6222.292713,0.029463554,3818.69,0.933088392,0.017,0.983,,0.072101899,0.057315485,0.067997055,0.008523304,0.711747358,0.008036594,0.614056233
Study1_recovery,MFAC,moderate_g2_q1,63,1000,0.3,0.3,2,1,TRUE,1,253,-3056.81045,6211.6209,6452.100909,6423.524111,0.030236447,9112.3,0.936958158,0.016,0.984,,0.052350769,0.042526728,0.659516356,NA,NA,NA,NA
Study1_recovery,MCNFAC,moderate_g2_q1,63,1000,0.3,0.3,2,1,TRUE,1,238,-2833.651208,5773.302416,6033.413446,6002.503848,0.026473018,5030.43,0.944726272,0.014,0.986,,0.043078657,0.033405185,0.155164095,0.02398129,1.561053295,0.023652747,1.480227228
Study1_recovery,MFAC,moderate_g2_q1,64,1000,0.3,0.3,2,1,TRUE,1,128,-3098.23647,6294.47294,6534.952949,6506.376151,0.025276355,4411.88,0.952518702,0.012,0.988,,0.063312648,0.046564888,0.836936,NA,NA,NA,NA
Study1_recovery,MCNFAC,moderate_g2_q1,64,1000,0.3,0.3,2,1,TRUE,1,185,-2914.733096,5935.466192,6195.577222,6164.667624,0.023927807,4162.39,0.956432944,0.011,0.989,,0.063751154,0.048560923,0.054490947,0.044156984,0.693096543,0.038413081,0.496613186
Study1_recovery,MFAC,moderate_g2_q1,65,1000,0.3,0.3,2,1,TRUE,1,118,-3145.588918,6389.177837,6629.657846,6601.081048,0.034751882,3521.5,0.94083665,0.015,0.985,,0.111240873,0.073879009,0.760803869,NA,NA,NA,NA
Study1_recovery,MCNFAC,moderate_g2_q1,65,1000,0.3,0.3,2,1,TRUE,1,138,-2958.348305,6022.696611,6282.80764,6251.898043,0.034041367,3171.54,0.929221322,0.018,0.982,,0.073859189,0.048998745,0.144732232,0.023607265,0.366485117,0.022578344,0.328017326
Study1_recovery,MFAC,moderate_g2_q1,66,1000,0.3,0.3,2,1,TRUE,1,117,-3126.191584,6350.383169,6590.863177,6562.286379,0.033158708,3880.13,0.929220444,0.018,0.982,,0.129799718,0.086770118,0.985788689,NA,NA,NA,NA
Study1_recovery,MCNFAC,moderate_g2_q1,66,1000,0.3,0.3,2,1,TRUE,1,206,-2974.702081,6055.404162,6315.515192,6284.605594,0.034004245,4439.87,0.933085974,0.017,0.983,,0.070902714,0.050084316,0.125114688,0.049323585,1.230839556,0.048631222,1.166076941
Study1_recovery,MFAC,moderate_g2_q1,67,1000,0.3,0.3,2,1,TRUE,1,168,-3251.313255,6600.626509,6841.106518,6812.52972,0.037670855,4239.35,0.913834612,0.022,0.978,,0.089424368,0.049497452,0.837733836,NA,NA,NA,NA
Study1_recovery,MCNFAC,moderate_g2_q1,67,1000,0.3,0.3,2,1,TRUE,1,203,-3052.073297,6210.146594,6470.257624,6439.348026,0.038705093,4111.12,0.929216487,0.018,0.982,,0.074733809,0.060338544,0.124801526,0.045677093,0.590497485,0.038315165,0.424397585
Study1_recovery,MFAC,moderate_g2_q1,68,1000,0.3,0.3,2,1,TRUE,1,120,-3208.917301,6515.834602,6756.314611,6727.737813,0.03344571,2639.39,0.910017703,0.023,0.977,,0.106480105,0.07416813,1.046013626,NA,NA,NA,NA
Study1_recovery,MCNFAC,moderate_g2_q1,68,1000,0.3,0.3,2,1,TRUE,1,127,-3014.668286,6135.336571,6395.447601,6364.538003,0.035019846,2618.04,0.913842865,0.022,0.978,,0.094177657,0.064500457,0.090965637,0.025619438,0.844585826,0.025618914,0.712176826
Study1_recovery,MFAC,moderate_g2_q1,69,1000,0.3,0.3,2,1,TRUE,1,119,-3063.350358,6224.700716,6465.180725,6436.603927,0.030179263,3123.87,0.925356417,0.019,0.981,,0.079614353,0.062083194,0.810790193,NA,NA,NA,NA
Study1_recovery,MCNFAC,moderate_g2_q1,69,1000,0.3,0.3,2,1,TRUE,1,196,-2886.023787,5878.047575,6138.158604,6107.249007,0.028599068,4253.11,0.93308129,0.017,0.983,,0.075257825,0.05372526,0.056886852,0.029278811,0.569296625,0.026439941,0.55281308
Study1_recovery,MFAC,moderate_g2_q1,70,1000,0.3,0.3,2,1,TRUE,1,117,-3173.216331,6444.432661,6684.91267,6656.335872,0.03561303,3064.76,0.944727127,0.014,0.986,,0.07546853,0.053734099,0.784879648,NA,NA,NA,NA
Study1_recovery,MCNFAC,moderate_g2_q1,70,1000,0.3,0.3,2,1,TRUE,1,173,-2948.155953,6002.311906,6262.422936,6231.513338,0.035175376,3693.8,0.940839891,0.015,0.985,,0.069940344,0.047931081,0.061280713,0.024338339,0.406895714,0.019388043,0.400173064
Study1_recovery,MFAC,moderate_g2_q1,71,1000,0.3,0.3,2,1,TRUE,1,144,-3056.462196,6210.924392,6451.404401,6422.827603,0.030111033,4188.78,0.940838028,0.015,0.985,,0.084183747,0.063912013,0.895016957,NA,NA,NA,NA
Study1_recovery,MCNFAC,moderate_g2_q1,71,1000,0.3,0.3,2,1,TRUE,1,168,-2911.752672,5929.505344,6189.616373,6158.706776,0.02816344,3644.66,0.936958895,0.016,0.984,,0.07667249,0.054544849,0.172414216,0.028054327,0.679980978,0.027237724,0.66900675
Study1_recovery,MFAC,moderate_g2_q1,72,1000,0.3,0.3,2,1,TRUE,1,116,-3094.674688,6287.349375,6527.829384,6499.252586,0.025544887,2943.9,0.93696045,0.016,0.984,,0.131900531,0.09292394,0.716845929,NA,NA,NA,NA
Study1_recovery,MCNFAC,moderate_g2_q1,72,1000,0.3,0.3,2,1,TRUE,1,192,-2891.837905,5889.67581,6149.78684,6118.877242,0.02388556,4118.1,0.936960617,0.016,0.984,,0.065781597,0.049017409,0.105212429,0.053581505,1.369221693,0.040408093,1.36340207
Study1_recovery,MFAC,moderate_g2_q1,73,1000,0.3,0.3,2,1,TRUE,1,202,-3199.316001,6496.632001,6737.11201,6708.535212,0.035996071,5051.31,0.925368654,0.019,0.981,,0.134062362,0.08934143,0.876436846,NA,NA,NA,NA
Study1_recovery,MCNFAC,moderate_g2_q1,73,1000,0.3,0.3,2,1,TRUE,1,144,-2966.622952,6039.245903,6299.356933,6268.447335,0.036862267,3219.18,0.921521235,0.02,0.98,,0.07833396,0.050012733,0.034023158,0.024643652,1.593828847,0.023537482,1.265899319
Study1_recovery,MFAC,moderate_g2_q1,74,1000,0.3,0.3,2,1,TRUE,1,174,-3146.640565,6391.281129,6631.761138,6603.18434,0.036704998,4380.27,0.936939101,0.016,0.984,,0.085878547,0.059196145,0.767209553,NA,NA,NA,NA
Study1_recovery,MCNFAC,moderate_g2_q1,74,1000,0.3,0.3,2,1,TRUE,1,238,-2895.830341,5897.660682,6157.771711,6126.862114,0.031993615,5305.84,0.956429166,0.011,0.989,,0.071789879,0.050924336,0.183205809,0.023959109,1.762667786,0.023372483,1.736550291
Study1_recovery,MFAC,moderate_g2_q1,75,1000,0.3,0.3,2,1,TRUE,1,117,-3180.249676,6458.499353,6698.979361,6670.402563,0.029877955,3084.78,0.933083534,0.017,0.983,,0.137035232,0.09780337,1.01483379,NA,NA,NA,NA
Study1_recovery,MCNFAC,moderate_g2_q1,75,1000,0.3,0.3,2,1,TRUE,1,119,-3022.482231,6150.964461,6411.075491,6380.165893,0.029354877,2587,0.933084783,0.017,0.983,,0.085312932,0.068451432,0.045629533,0.008121352,1.070128649,0.007572534,0.784949943
Study1_recovery,MFAC,moderate_g2_q1,76,1000,0.3,0.3,2,1,TRUE,1,142,-3154.454579,6406.909158,6647.389166,6618.812368,0.033789808,3662.71,0.940837119,0.015,0.985,,0.093757263,0.060691006,0.667126716,NA,NA,NA,NA
Study1_recovery,MCNFAC,moderate_g2_q1,76,1000,0.3,0.3,2,1,TRUE,1,192,-2939.566542,5985.133084,6245.244114,6214.334516,0.035597917,4131,0.95643875,0.011,0.989,,0.085367535,0.069434521,0.094199939,0.024964323,0.595355078,0.020329701,0.595351745
Study1_recovery,MFAC,moderate_g2_q1,77,1000,0.3,0.3,2,1,TRUE,1,137,-3142.066658,6382.133315,6622.613324,6594.036526,0.033955521,3963.34,0.960358358,0.01,0.99,,0.12242646,0.071755772,0.700811814,NA,NA,NA,NA
Study1_recovery,MCNFAC,moderate_g2_q1,77,1000,0.3,0.3,2,1,TRUE,1,137,-2979.089299,6064.178599,6324.289629,6293.380031,0.033135568,3018.08,0.960358927,0.01,0.99,,0.066003335,0.046840785,0.033353657,0.037681699,0.892821321,0.037240654,0.842131236
Study1_recovery,MFAC,moderate_g2_q1,78,1000,0.3,0.3,2,1,TRUE,1,126,-3291.559981,6681.119961,6921.59997,6893.023172,0.02149205,3458.63,0.956426698,0.011,0.989,,0.106409866,0.084189611,1.13489834,NA,NA,NA,NA
Study1_recovery,MCNFAC,moderate_g2_q1,78,1000,0.3,0.3,2,1,TRUE,1,186,-3033.394996,6172.789993,6432.901023,6401.991425,0.021210423,3973.7,0.980074866,0.005,0.995,,0.089496759,0.070711991,0.114493442,0.034468017,1.302514987,0.024591508,1.232453129
Study1_recovery,MFAC,moderate_g2_q1,79,1000,0.3,0.3,2,1,TRUE,1,118,-3103.631519,6305.263037,6545.743046,6517.166248,0.031562157,3309.06,0.960354662,0.01,0.99,,0.080416941,0.060346991,0.575261264,NA,NA,NA,NA
Study1_recovery,MCNFAC,moderate_g2_q1,79,1000,0.3,0.3,2,1,TRUE,1,196,-2906.585585,5919.17117,6179.282199,6148.372602,0.027462658,4278.78,0.956434424,0.011,0.989,,0.049946106,0.03608374,0.058966967,0.028978647,1.145712488,0.024909058,1.067036503
Study1_recovery,MFAC,moderate_g2_q1,80,1000,0.3,0.3,2,1,TRUE,1,107,-3106.098269,6310.196537,6550.676546,6522.099748,0.033057665,3565.84,0.906203874,0.024,0.976,,0.08755771,0.066892761,0.844263885,NA,NA,NA,NA
Study1_recovery,MCNFAC,moderate_g2_q1,80,1000,0.3,0.3,2,1,TRUE,1,175,-2920.531631,5947.063263,6207.174292,6176.264694,0.034228218,2364.75,0.910020753,0.023,0.977,,0.057540754,0.039749309,0.030328856,0.043396345,1.08376453,0.03798206,1.078072574
